Episode,Reward
1,35800.73151779175
2,35062.09473991394
3,31572.222192764282
4,36692.782011032104
5,33453.43189430237
6,34683.80085372925
7,39613.43467712402
8,34040.56893157959
9,33824.93551826477
10,38216.717237472534
11,41470.86889839172
12,59353.282037734985
13,80917.50848388672
14,78934.21185302734
15,75828.54571533203
16,86012.16174316406
17,79500.38954162598
18,86695.84637451172
19,63103.180086135864
20,74317.48335647583
21,82522.89039993286
22,73628.1709060669
23,79618.22050094604
24,77762.85249328613
25,78486.203540802
26,80816.31258010864
27,69120.71617507935
28,58510.68633270264
29,54825.28153991699
30,78305.64996147156
31,81949.17009353638
32,69592.25469970703
33,77494.63601112366
34,57268.31339073181
35,61783.17011260986
36,73023.04789733887
37,61539.821685791016
38,62596.21587181091
39,70660.60094451904
40,86202.76124382019
41,83477.34732437134
42,75875.28533935547
43,81035.76481246948
44,55818.63849067688
45,99881.60000228882
46,96419.84399223328
47,72603.15200805664
48,97620.68524742126
49,62425.13401603699
50,79963.78924942017
51,93389.0135345459
52,74172.57730102539
53,72408.88615608215
54,73355.85396194458
55,80274.28705215454
56,73982.79970932007
57,78567.91960906982
58,67562.37189292908
59,76019.00168991089
60,61714.239570617676
61,82427.82116317749
62,70130.51466178894
63,52380.29578399658
64,94353.51243019104
65,52944.32399749756
66,76606.61490249634
67,76944.15492630005
68,73548.8257598877
69,119715.55674743652
70,70702.00700378418
71,87733.9912071228
72,79998.74869918823
73,76782.89586639404
74,81277.8099975586
75,78376.01633453369
76,81493.93156814575
77,77575.02156448364
78,82131.86924362183
79,119746.6749534607
80,78725.91068077087
81,89490.46020126343
82,105136.93942260742
83,97598.83536911011
84,82387.08699035645
85,80603.43738937378
86,116796.99928665161
87,102614.90557289124
88,84584.40412521362
89,57400.22287750244
90,86465.3620262146
91,95579.80285263062
92,94703.34963035583
93,87981.17730331421
94,70793.01428031921
95,88442.92063522339
96,92206.98252487183
97,72812.55639266968
98,91250.92746734619
99,101788.98253440857
100,113754.92193603516
101,79958.6540966034
102,75404.88024520874
103,110831.16637039185
104,84435.64743041992
105,85906.58227157593
106,90956.21689224243
107,133412.73890304565
108,110202.40335083008
109,89332.32865524292
110,109699.99402999878
111,101873.13762664795
112,131723.51832962036
113,108131.25630760193
114,128195.38467025757
115,143723.8731803894
116,132020.16724777222
117,97605.73421096802
118,118925.53403663635
119,87978.8482055664
120,72764.18575286865
121,122131.37530899048
122,150813.03493118286
123,97258.47983932495
124,80067.29228591919
125,60754.90314865112
126,102393.35904312134
127,90883.81115341187
128,102815.71419143677
129,103357.1189918518
130,70927.86491775513
131,92133.3251876831
132,125661.37092971802
133,86067.67373275757
134,151888.25351333618
135,94651.64910316467
136,103309.70748519897
137,138498.4768257141
138,97908.66780090332
139,78080.11194229126
140,96555.23736953735
141,148320.62924194336
142,150622.42324829102
143,108682.60068511963
144,109229.0636253357
145,90431.19649887085
146,96889.4137172699
147,118192.03610229492
148,154075.33472824097
149,88586.56521987915
150,102526.47994995117
151,149950.77756500244
152,140712.19194030762
153,142828.87118530273
154,153446.35763931274
155,67618.3852558136
156,116367.92737579346
157,150584.27574539185
158,149973.40867233276
159,151538.96995162964
160,150683.3376159668
161,152108.69361495972
162,148671.54006195068
163,146515.7629585266
164,143543.09272003174
165,145364.2287750244
166,148485.91961288452
167,137057.3859348297
168,122114.63385009766
169,150944.09140396118
170,70247.24218177795
171,118196.43827819824
172,109882.42459869385
173,121462.5301399231
174,157197.77087402344
175,93954.08722686768
176,130045.10843658447
177,156847.46027374268
178,154186.4787902832
179,101635.02341842651
180,113396.65713691711
181,91287.48174285889
182,112940.79337692261
183,155962.4359779358
184,133198.31161117554
185,88835.30832862854
186,104161.60244750977
187,91505.20366668701
188,95963.57919311523
189,96912.25778007507
190,151587.2644996643
191,95267.16926193237
192,158144.57779693604
193,136993.27138519287
194,124410.76423454285
195,156545.9480895996
196,150092.35103034973
197,77492.77244186401
198,154980.72911453247
199,138455.38901901245
200,153887.2262840271
201,156206.68882751465
202,153027.81964492798
203,154576.24688339233
204,108605.00941848755
205,151332.44354629517
206,81999.36613082886
207,152468.10187911987
208,114478.8777999878
209,150822.33806991577
210,113685.55523300171
211,143299.1622543335
212,101886.1736831665
213,111188.8828086853
214,96243.7177810669
215,142422.07250595093
216,117399.65562057495
217,112189.94082260132
218,89645.29745483398
219,130822.81616592407
220,105113.3024635315
221,119387.12552452087
222,153631.940410614
223,152029.49435043335
224,153968.71800231934
225,157004.72860336304
226,155637.38403701782
227,151328.4044532776
228,156165.61893463135
229,152970.11838912964
230,97125.11568832397
231,152686.44158554077
232,153235.18103027344
233,117515.67813110352
234,92387.79048156738
235,82930.55175209045
236,137243.65516662598
237,121888.15036392212
238,141334.2960948944
239,149257.1511001587
240,157405.87532424927
241,153831.73743629456
242,71424.55462265015
243,136932.04974746704
244,156036.8710784912
245,157671.42811203003
246,153799.67124557495
247,156616.52964782715
248,155377.18629837036
249,107936.25542068481
250,162999.74575805664
251,132689.3801460266
252,99181.40321350098
253,155222.56434249878
254,156475.90356063843
255,144189.7759552002
256,124785.47338867188
257,154094.2516708374
258,154241.97025680542
259,155820.94486236572
260,115680.71742630005
261,153849.26006698608
262,160406.91553115845
263,130770.88035202026
264,156686.27103424072
265,147431.30004119873
266,112352.6227645874
267,138193.66082954407
268,159426.87130737305
269,83265.90390014648
270,157678.89668655396
271,66166.02806091309
272,129024.9342842102
273,132661.30152130127
274,138989.05492782593
275,154868.8074913025
276,97019.16060256958
277,117901.93252182007
278,154736.22151184082
279,154137.26342391968
280,105257.02867889404
281,156693.02490997314
282,151567.98331069946
283,143918.62174606323
284,160880.06033706665
285,155780.35036849976
286,156979.15881347656
287,153675.4360923767
288,152711.60159683228
289,159285.76361846924
290,155961.72037506104
291,153707.7893371582
292,149010.30350875854
293,152890.78900527954
294,113952.5477809906
295,143540.12684631348
296,149928.7402458191
297,143965.9084968567
298,151165.26656723022
299,149198.5799446106
300,134594.74181747437
301,139135.09852218628
302,113083.19355010986
303,155517.1058998108
304,155257.6940574646
305,63772.53421211243
306,81153.1666355133
307,121512.69512176514
308,113962.80141448975
309,158137.62326431274
310,152931.84894943237
311,138067.40912246704
312,85727.64059066772
313,107760.53523635864
314,93404.00873184204
315,90367.76478767395
316,110130.7145690918
317,156772.3112487793
318,138724.84074020386
319,159104.0477180481
320,165043.57511520386
321,157073.4993133545
322,145408.77025222778
323,103759.33875465393
324,111079.28489685059
325,90016.8939781189
326,93047.93035697937
327,162459.45280456543
328,159573.42386627197
329,139952.18796920776
330,82280.52038383484
331,135975.6465587616
332,124738.05155563354
333,134862.67687606812
334,162400.8233795166
335,104804.64095306396
336,137542.67837524414
337,123334.26880645752
338,139347.3188972473
339,119529.1210975647
340,107339.60301589966
341,158571.70490646362
342,165779.89610481262
343,155434.97721862793
344,145664.12184906006
345,108068.05641174316
346,153026.0978050232
347,96369.16519927979
348,111743.39879608154
349,141816.5326461792
350,85055.03300476074
351,159695.93306732178
352,113645.47680282593
353,125441.46858978271
354,156038.02508544922
355,103220.38765716553
356,176015.74797821045
357,105152.33744049072
358,153547.14504432678
359,145042.94242477417
360,97252.75089645386
361,120229.53819274902
362,76752.01053237915
363,164230.77834701538
364,138937.50015449524
365,102966.99927902222
366,132564.89436721802
367,147312.93655395508
368,135743.81215286255
369,100915.47914505005
370,98702.96407318115
371,129948.25416374207
372,136606.96057891846
373,93975.84355926514
374,100136.42625808716
375,129939.78092575073
376,113409.24174118042
377,150942.58821105957
378,126286.28957366943
379,123144.5537071228
380,154079.0742931366
381,85426.80041122437
382,95458.48253631592
383,159101.6058731079
384,88372.44180870056
385,142656.77095794678
386,165281.83149147034
387,125652.13372612
388,124054.39600372314
389,139544.0788383484
390,92792.20957183838
391,81759.43494033813
392,148124.714427948
393,119166.19705200195
394,79053.09184646606
395,166190.5445804596
396,135126.5957107544
397,95025.83187484741
398,99229.95961761475
399,151336.36646270752
400,78651.2181930542
401,142786.76550674438
402,134656.5009021759
403,121969.54414176941
404,112054.09017562866
405,121268.44054031372
406,118863.21521759033
407,129969.13967704773
408,114970.34792518616
409,171114.81539154053
410,161328.46395111084
411,154024.48099708557
412,128005.70519256592
413,190847.86004638672
414,173494.09439086914
415,156952.63191986084
416,172862.1976737976
417,147468.93139266968
418,150110.6581993103
419,70427.94189071655
420,137427.76347732544
421,172306.35570144653
422,138119.1023902893
423,76234.96510887146
424,149698.90839767456
425,85937.99140739441
426,158534.0555343628
427,156857.56184387207
428,149290.842502594
429,82731.78606796265
430,117336.0759010315
431,154552.54417037964
432,140197.30894470215
433,73602.18628120422
434,157678.89002990723
435,159961.62717056274
436,126011.26071929932
437,125379.23793792725
438,115024.17401695251
439,139514.3427848816
440,88083.65532112122
441,123833.2930431366
442,137921.47398757935
443,140607.16496658325
444,130513.83797264099
445,87010.8165102005
446,129556.22760391235
447,102428.55093383789
448,155866.0047531128
449,72517.87732315063
450,73033.50886535645
451,136164.1329345703
452,182907.79515457153
453,141852.04031944275
454,96533.41403198242
455,138215.65383529663
456,118912.93896484375
457,144516.62731170654
458,116509.80186653137
459,136600.47108459473
460,152876.24642181396
461,102601.35094833374
462,159108.24593353271
463,145594.81428527832
464,107241.21593856812
465,171732.85472297668
466,176080.35125541687
467,133256.5142364502
468,153498.43660354614
469,108798.40368652344
470,138090.81196975708
471,151318.8554763794
472,137876.7381439209
473,155333.6302986145
474,145924.27683639526
475,105267.91353988647
476,138397.58242797852
477,147075.18648719788
478,111073.73480987549
479,93884.38412857056
480,121563.63555908203
481,178399.66185760498
482,180499.04008483887
483,126800.07284736633
484,128939.09593009949
485,114495.11891365051
486,141516.3160381317
487,137348.6164894104
488,95102.34098434448
489,153645.03440856934
490,152528.1632118225
491,122147.03101348877
492,188308.3868083954
493,139907.2917060852
494,203859.24310302734
495,163267.18994140625
496,114791.70267677307
497,132528.22995376587
498,156385.8303413391
499,168661.89807510376
500,156283.73683166504
501,177890.72593307495
502,72142.45069503784
503,94544.08507156372
504,69479.7275466919
505,166529.96084213257
506,91747.60785293579
507,99049.95797157288
508,114630.96670532227
509,159925.5712299347
510,101133.81651496887
511,162039.19967269897
512,89659.20686721802
513,147988.55352020264
514,139081.46270751953
515,107232.39340209961
516,126449.44218444824
517,101073.18733215332
518,114158.17979431152
519,181087.66231536865
520,119635.11116790771
521,92666.07516098022
522,117887.7759399414
523,129205.13975143433
524,78023.60586166382
525,150383.8952484131
526,157468.61798858643
527,158061.75442886353
528,166457.59372711182
529,167069.56076431274
530,140730.62507629395
531,141974.96719360352
532,78208.45389938354
533,131758.5012512207
534,126032.7771949768
535,158704.81875228882
536,91592.20943450928
537,193835.38440704346
538,114398.94421386719
539,189947.9105796814
540,95825.23563957214
541,152280.8177986145
542,73294.7981300354
543,131885.59336090088
544,179975.10831832886
545,169080.92360687256
546,202532.50796699524
547,165600.27997207642
548,186326.5003490448
549,198911.91250610352
550,128496.60496902466
551,133516.24055099487
552,120304.02164459229
553,194258.74715805054
554,122125.04287338257
555,160309.8015575409
556,110352.99661636353
557,127269.6651687622
558,112315.91732788086
559,100836.11444473267
560,101338.11182975769
561,161853.4287261963
562,215373.27435684204
563,232209.9835357666
564,151997.28033065796
565,184322.87369155884
566,123660.42463684082
567,82167.98425292969
568,135537.87569236755
569,125479.6522769928
570,148258.8537902832
571,169317.75658798218
572,143578.4752883911
573,120660.34428405762
574,203930.3110847473
575,124414.53296089172
576,137343.98782348633
577,193589.32665252686
578,140515.61207199097
579,172833.4560585022
580,160574.59245681763
581,153872.1212272644
582,239398.16522979736
583,134542.94496154785
584,232370.44219589233
585,141840.42366027832
586,215628.91617965698
587,117603.41244888306
588,113031.00625228882
589,174194.56285476685
590,90653.8681640625
591,122558.06999206543
592,150201.13395690918
593,232765.27095794678
594,145107.3675918579
595,238144.15728759766
596,94464.2356338501
597,168919.7858695984
598,186157.41878318787
599,234018.24089050293
600,235133.17157363892
601,75726.76202392578
602,140908.61812210083
603,235352.09777069092
604,250782.30987548828
605,180642.06301116943
606,118080.295753479
607,139875.36308288574
608,156026.1178703308
609,146388.66796875
610,132771.8795337677
611,136731.6599292755
612,233198.27806472778
613,236927.4718284607
614,240366.010307312
615,149677.56752967834
616,170856.69779205322
617,224290.08655929565
618,123738.87434959412
619,75658.43107223511
620,100028.75332641602
621,155509.38131332397
622,254204.72399902344
623,132834.62297821045
624,140514.60525894165
625,145853.50909423828
626,243278.42707824707
627,134643.9784374237
628,107539.09313201904
629,156064.41296768188
630,193421.0218257904
631,134352.80646133423
632,236016.87158203125
633,218123.25913619995
634,241139.4867630005
635,150894.8525428772
636,253550.37813186646
637,237622.55198669434
638,252607.00960159302
639,254714.9231109619
640,249979.01467895508
641,250520.6431274414
642,258340.8759727478
643,245974.79314804077
644,181124.75606155396
645,168398.55101013184
646,247510.1265487671
647,254910.45587539673
648,238453.92892074585
649,120390.4150428772
650,145305.11267089844
651,253538.00806427002
652,249673.1252975464
653,248127.00814437866
654,234210.38189697266
655,232825.4413871765
656,235682.82557678223
657,241355.87739944458
658,249132.46912384033
659,237711.67352294922
660,105437.10717773438
661,229266.8497619629
662,245285.34379577637
663,200830.93856811523
664,91694.13300323486
665,254731.63689804077
666,255749.80883026123
667,253091.23433303833
668,127719.42238998413
669,161276.0795059204
670,148011.30889701843
671,82780.13164710999
672,248787.19905090332
673,249536.87566757202
674,247937.50244903564
675,251480.37085342407
676,235851.38007354736
677,92225.34594917297
678,248779.68899536133
679,237531.5135192871
680,261027.15172958374
681,228902.2571296692
682,104099.99688339233
683,257371.4351348877
684,255026.90005111694
685,177111.8187866211
686,139603.74430084229
687,227778.93607330322
688,255035.2049407959
689,116166.86553001404
690,231127.3321876526
691,253108.70207214355
692,216689.52016067505
693,107286.64057159424
694,255316.55530166626
695,177330.28045654297
696,249269.82767486572
697,236801.56537628174
698,248970.06603240967
699,250680.2717552185
700,160632.39715576172
701,257064.6657180786
702,117539.99909591675
703,238930.44551849365
704,257955.37313079834
705,241798.26267242432
706,153288.94618988037
707,255093.10479354858
708,89814.5408115387
709,250717.15251541138
710,148255.52000808716
711,250446.40657043457
712,252180.20457458496
713,254086.32215499878
714,206848.0474319458
715,247908.23001098633
716,253199.0811958313
717,211385.9558982849
718,257863.32734680176
719,253235.18689727783
720,254351.366191864
721,257928.07730865479
722,163261.88089752197
723,200825.01011657715
724,246248.77573394775
725,249898.11416244507
726,253070.04650497437
727,248260.43752670288
728,180766.4634437561
729,249144.15394210815
730,255543.22269439697
731,254643.20142364502
732,252505.76763534546
733,250358.39793395996
734,136961.17929458618
735,257335.88135147095
736,226853.5687675476
737,253193.26644134521
738,239705.3002128601
739,253654.5422859192
740,161453.09423065186
741,251520.86378479004
742,260393.75778198242
743,249275.20372009277
744,246517.13488388062
745,249327.1294746399
746,237598.1174697876
747,253340.09478759766
748,189050.9743270874
749,242508.18969345093
750,192597.34745407104
751,241588.28105163574
752,240508.71659088135
753,245507.18459701538
754,235612.17249679565
755,252568.03730392456
756,198257.45936203003
757,251020.25664901733
758,235047.4704360962
759,242362.07189559937
760,254397.43231582642
761,242979.08504104614
762,247244.57138061523
763,243967.13873291016
764,255250.98232650757
765,251848.20930862427
766,250372.2359275818
767,242735.59690475464
768,219227.75190353394
769,119377.39875793457
770,151518.23402404785
771,248945.80842971802
772,253132.39709854126
773,238981.8321533203
774,241918.6770515442
775,245483.9739227295
776,217548.88990402222
777,176892.96439361572
778,147466.99199295044
779,248408.85607910156
780,253850.8335571289
781,252015.41506958008
782,247251.2424507141
783,243726.09257888794
784,248460.40878295898
785,246461.65034484863
786,243940.1028289795
787,245046.61149597168
788,247616.13621902466
789,251842.67000961304
790,244444.96836090088
791,244169.53356170654
792,245131.4376373291
793,249529.49821090698
794,241841.04210662842
795,242757.05345535278
796,250154.6805419922
797,250862.46559524536
798,249949.5803718567
799,253906.1304397583
800,251790.9426612854
801,242807.5309906006
802,188498.1601638794
803,253964.18363189697
804,180415.85565185547
805,247113.9365234375
806,251250.33658599854
807,254180.4308166504
808,255947.6238899231
809,252413.98543548584
810,238715.93577957153
811,255660.4363975525
812,247223.12435913086
813,247242.58055496216
814,250338.6171836853
815,257052.8554649353
816,249242.73051452637
817,244363.47219467163
818,258235.69368362427
819,252304.5096435547
820,251879.0641784668
821,252180.17820358276
822,256929.98226165771
823,245436.43691253662
824,248471.4314918518
825,132913.37746429443
826,257463.25116348267
827,251779.52868270874
828,129990.99979019165
829,261406.41189956665
830,258286.2033882141
831,250935.64026260376
832,144340.1406059265
833,264618.78062820435
834,189534.75721740723
835,124346.59397506714
836,252241.14916610718
837,137978.54280090332
838,257454.78131484985
839,254461.8574295044
840,258545.23426818848
841,71691.56044006348
842,90270.8035697937
843,203385.04054641724
844,224457.74465560913
845,254922.09729385376
846,256147.7932662964
847,259631.73056793213
848,187334.94052696228
849,254241.26281356812
850,255607.81634140015
851,250036.39260101318
852,115102.22903442383
853,256024.1413192749
854,258554.828666687
855,114635.42314147949
856,178137.05173492432
857,168381.67767333984
858,144120.6088142395
859,253583.05536270142
860,259212.70427703857
861,258767.8531074524
862,255258.0023574829
863,256451.13836288452
864,252190.40800094604
865,260707.37824630737
866,248017.7185974121
867,242957.39736938477
868,256005.109085083
869,185076.13325881958
870,257243.42440795898
871,229784.6876525879
872,141704.9538078308
873,253475.76640701294
874,199654.0470161438
875,117403.57506752014
876,257010.71365737915
877,252624.29610061646
878,260765.8346710205
879,259040.9517097473
880,259118.7678604126
881,252255.52499771118
882,258512.53164672852
883,255344.96812057495
884,251072.3299217224
885,125154.5655670166
886,252296.03825759888
887,255453.07550048828
888,257158.60000610352
889,254164.23321914673
890,256729.598613739
891,255614.7899055481
892,140774.97610092163
893,251547.52466583252
894,253172.2805328369
895,258661.27852630615
896,248971.14720535278
897,252499.72290420532
898,255505.48153686523
899,258246.0347175598
900,260865.83588790894
901,252862.5385131836
902,250015.02451324463
903,252802.60661315918
904,259391.1813735962
905,255029.77738189697
906,253091.77096557617
907,252914.95375823975
908,261151.82054138184
909,256937.52687835693
910,261434.12089157104
911,259898.23304367065
912,261467.18817138672
913,258963.19262313843
914,249983.54697036743
915,250430.00272369385
916,255509.8486404419
917,244690.36051940918
918,260241.57553100586
919,261273.48261642456
920,261475.98137664795
921,254447.4773826599
922,109455.43761444092
923,259769.77770996094
924,261792.6432800293
925,134359.4379234314
926,259512.89632034302
927,261317.79467391968
928,258488.0689239502
929,258635.54795074463
930,258446.8906211853
931,259919.09617996216
932,261400.70330810547
933,260312.22590255737
934,256445.28631591797
935,253727.03610610962
936,257783.67629241943
937,262135.0266342163
938,260867.8018798828
939,260942.29504013062
940,258135.37589263916
941,259416.118019104
942,254496.93445587158
943,260049.37385177612
944,260368.17013168335
945,258218.79417037964
946,249422.4197883606
947,261289.07315444946
948,261354.49285125732
949,223371.65172958374
950,160700.0820465088
951,245261.44778823853
952,260428.82035827637
953,261750.4054107666
954,155781.42208099365
955,261146.87690353394
956,259408.35300445557
957,239716.22020721436
958,262085.37288665771
959,130477.55777359009
960,255179.21955490112
961,216814.54148864746
962,177715.60461235046
963,259242.2661781311
964,259236.40390396118
965,253430.66706466675
966,81943.96666908264
967,257557.8987159729
968,177533.92832946777
969,136051.75719451904
970,258312.5435180664
971,257581.39331436157
972,258118.60385513306
973,257708.94388198853
974,259516.35767364502
975,98067.58478927612
976,250136.6104736328
977,252801.88786697388
978,257926.75133895874
979,252538.11603164673
980,257827.45764923096
981,252878.10371398926
982,258334.51594924927
983,250555.4976463318
984,233388.73989486694
985,259243.05099487305
986,259924.88052368164
987,218939.25847244263
988,259901.6162223816
989,258957.45625686646
990,251723.27221679688
991,260225.11811828613
992,260157.22604751587
993,254945.43434143066
994,252346.6238899231
995,254028.1855392456
996,179211.176738739
997,261202.48553466797
998,259438.77096176147
999,241622.51055145264
1000,260430.44368362427
1001,253109.7562942505
1002,259526.84177017212
1003,258425.84009170532
1004,254578.93241119385
1005,173604.29180145264
1006,261586.29598236084
1007,261353.51021957397
1008,256455.57263565063
1009,169680.3715133667
1010,253820.0015258789
1011,261039.96817016602
1012,261977.7844581604
1013,254081.5403366089
1014,254167.97427749634
1015,260830.25295257568
1016,126752.92658805847
1017,210387.98904418945
1018,112995.61925888062
1019,262798.7882156372
1020,262521.8340110779
1021,259213.7541847229
1022,260833.60607147217
1023,258872.35242462158
1024,253093.39183425903
1025,252564.06816101074
1026,121698.39385986328
1027,250581.27587127686
1028,152697.58195114136
1029,257315.60554885864
1030,258625.3215751648
1031,259013.73258209229
1032,261698.4877090454
1033,256632.03726959229
1034,227061.67224121094
1035,252637.9400138855
1036,251033.25465774536
1037,192441.79160308838
1038,261593.94832611084
1039,256873.57292938232
1040,251714.8633003235
1041,261867.2919845581
1042,260519.51386642456
1043,81973.3459739685
1044,243607.97687911987
1045,262131.97762680054
1046,258279.85466003418
1047,240029.26294326782
1048,261326.55113601685
1049,258476.200466156
1050,262323.899017334
1051,255830.07744979858
1052,259087.47233581543
1053,261096.66891098022
1054,131471.37839508057
1055,259067.2491798401
1056,259663.00783538818
1057,259646.55100250244
1058,263435.67583084106
1059,127300.10366821289
1060,256682.27756881714
1061,256784.43321228027
1062,258489.17462539673
1063,228174.44873046875
1064,263140.3559989929
1065,87989.95779418945
1066,161348.34956741333
1067,255727.8887939453
1068,140117.76400375366
1069,252537.10052490234
1070,179946.26316452026
1071,257553.40717697144
1072,248147.99040603638
1073,257528.6011238098
1074,258727.6075668335
1075,97558.40087509155
1076,249549.89763641357
1077,82247.43418502808
1078,261016.61232757568
1079,259435.2611579895
1080,254513.16062164307
1081,253141.31356048584
1082,193971.141456604
1083,255823.72806930542
1084,120006.93643951416
1085,169624.70639801025
1086,258589.92261886597
1087,97402.67567062378
1088,112397.57576751709
1089,128401.56869506836
1090,260470.61428833008
1091,256955.64461898804
1092,257149.60245513916
1093,258662.30582809448
1094,260212.4252090454
1095,260785.70641708374
1096,261873.19667816162
1097,258535.00030517578
1098,253024.06796646118
1099,102035.3122215271
1100,256732.17028045654
1101,165030.17637634277
1102,257543.06437301636
1103,253910.98766326904
1104,249537.0506515503
1105,211646.22870635986
1106,264859.02755355835
1107,259787.96419906616
1108,250517.27723693848
1109,260065.1562652588
1110,257341.7275543213
1111,181330.8346233368
1112,99041.45741653442
1113,81424.38103294373
1114,253015.26720428467
1115,257373.54238510132
1116,99353.62043380737
1117,80387.4757270813
1118,164015.44008636475
1119,245542.11794662476
1120,256062.91975784302
1121,258875.8653678894
1122,106850.17420959473
1123,235766.26503181458
1124,199987.6211128235
1125,150026.6679496765
1126,152890.96368789673
1127,251072.50436401367
1128,241991.98740005493
1129,260994.68104171753
1130,256454.84199905396
1131,260375.57090377808
1132,115557.48731994629
1133,125375.91212081909
1134,76484.22053146362
1135,179885.89206695557
1136,260940.54738616943
1137,253102.74196624756
1138,188686.5609855652
1139,261751.80391311646
1140,262667.2283821106
1141,145169.43575668335
1142,260542.4782333374
1143,99534.403175354
1144,219564.7348098755
1145,261161.17917633057
1146,141487.05129623413
1147,258559.01640319824
1148,257786.87754440308
1149,260039.67608261108
1150,258836.5859413147
1151,259200.28079986572
1152,261345.6932067871
1153,273798.9180831909
1154,263000.78477859497
1155,258541.11964035034
1156,134637.95930480957
1157,245707.14263916016
1158,259235.6364555359
1159,257198.9390335083
1160,252919.7618560791
1161,255531.8802871704
1162,258627.9248161316
1163,255530.07466506958
1164,261143.7407722473
1165,258593.35508728027
1166,258738.37994384766
1167,258668.7719230652
1168,93942.96089363098
1169,265352.88246536255
1170,251762.070602417
1171,237121.58710479736
1172,246200.5877571106
1173,260006.0090713501
1174,249047.3550643921
1175,262181.0400009155
1176,259558.30351257324
1177,262139.7110824585
1178,191185.98571777344
1179,249822.99654769897
1180,262354.2479286194
1181,260753.11750030518
1182,261263.56141662598
1183,260628.81378555298
1184,255519.0119934082
1185,261834.6333770752
1186,256091.64317321777
1187,94399.85990905762
1188,262134.69791030884
1189,261110.41833496094
1190,252234.43774032593
1191,261241.77921295166
1192,246325.07801818848
1193,266190.96910858154
1194,262844.7057418823
1195,249484.20735931396
1196,257537.00832748413
1197,199187.707157135
1198,257476.83535766602
1199,264741.56397628784
1200,261215.72156143188
1201,257795.1092185974
1202,261695.93453598022
1203,256690.9524307251
1204,263140.49869537354
1205,201226.83975601196
1206,263233.0436935425
1207,258156.37186813354
1208,264141.55042266846
1209,261166.65786361694
1210,263032.10523986816
1211,220708.94736099243
1212,258819.75829315186
1213,261941.27993392944
1214,252767.82136917114
1215,259413.87049102783
1216,259718.34955978394
1217,242684.35342788696
1218,260930.52883911133
1219,260340.53463363647
1220,261303.96910476685
1221,261184.57038116455
1222,258964.3189163208
1223,75884.17000198364
1224,259000.1986503601
1225,259768.441532135
1226,109822.98305892944
1227,258124.43950653076
1228,260748.57249450684
1229,260880.34229660034
1230,258571.1519126892
1231,256817.15379714966
1232,218136.51483154297
1233,120645.3865890503
1234,167342.4984779358
1235,164884.98628234863
1236,119113.07678604126
1237,259277.54802703857
1238,135841.82293701172
1239,256949.41311264038
1240,257355.03636550903
1241,258124.51610946655
1242,123374.55303192139
1243,175272.93733596802
1244,247686.5671043396
1245,264172.88245391846
1246,258835.10109710693
1247,262755.17182159424
1248,142665.18759536743
1249,91957.3915939331
1250,250760.56536483765
1251,264106.8772468567
1252,122825.06041526794
1253,160987.34528160095
1254,266263.1939506531
1255,124019.71101379395
1256,92487.33460617065
1257,123844.1103477478
1258,127409.86714553833
1259,77670.90060424805
1260,221300.79523658752
1261,88714.23641777039
1262,87803.2921962738
1263,104946.5778503418
1264,267526.4494819641
1265,267612.52334594727
1266,267207.1280403137
1267,260023.93421554565
1268,259133.13147735596
1269,149372.31230163574
1270,242591.77207183838
1271,265911.7403793335
1272,266957.63945770264
1273,263612.658744812
1274,264302.4006729126
1275,257733.09115219116
1276,260585.14373397827
1277,226131.4323348999
1278,263404.66246032715
1279,261336.1300201416
1280,259025.16051864624
1281,261125.11016845703
1282,262231.9666748047
1283,261015.71146774292
1284,95667.6339225769
1285,266854.01429748535
1286,261856.20390701294
1287,260528.3150291443
1288,257106.73281478882
1289,265686.77310562134
1290,263828.08657836914
1291,207005.3500328064
1292,253528.72914886475
1293,263590.68685150146
1294,264981.6266365051
1295,261988.9259185791
1296,262343.71670913696
1297,261210.61763000488
1298,105766.77492904663
1299,185613.10934829712
1300,253646.08420181274
1301,262750.69244766235
1302,136255.18515968323
1303,252414.4268989563
1304,260589.98225784302
1305,252095.63512039185
1306,157328.21640396118
1307,261890.9238243103
1308,237227.97621917725
1309,258837.0292892456
1310,261658.25650405884
1311,88808.74716949463
1312,262367.1134490967
1313,260269.27396011353
1314,258837.29245376587
1315,192191.88018798828
1316,233321.03648376465
1317,194587.70470428467
1318,229402.33814239502
1319,176467.0461730957
1320,119253.61155891418
1321,87504.70725631714
1322,256865.17895126343
1323,103134.35821151733
1324,262804.08742904663
1325,258781.43937683105
1326,267529.4065322876
1327,98027.367685318
1328,253355.39854431152
1329,258054.698802948
1330,261265.87170791626
1331,259098.61516952515
1332,259771.56287002563
1333,256830.3426399231
1334,127553.51504898071
1335,60908.78749847412
1336,95127.23132324219
1337,262393.85342788696
1338,264213.53677368164
1339,264093.8577003479
1340,264800.3037033081
1341,260058.73392868042
1342,187206.18058395386
1343,256733.19368362427
1344,249702.2343635559
1345,140899.4191417694
1346,261511.2905921936
1347,167774.69777679443
1348,146118.80533981323
1349,257645.81924819946
1350,254787.07497787476
1351,260968.55657196045
1352,202081.32065582275
1353,262658.4564552307
1354,258358.00769805908
1355,264438.8861541748
1356,84599.33700942993
1357,265296.7168960571
1358,168935.16903305054
1359,183466.75643920898
1360,270393.7534866333
1361,165288.88693618774
1362,265475.25954818726
1363,198282.4798965454
1364,243187.12817764282
1365,196115.20388031006
1366,255544.26456069946
1367,249702.6812362671
1368,171497.17894363403
1369,262375.2551383972
1370,255050.03952789307
1371,169373.01712036133
1372,235588.17140579224
1373,259174.8344039917
1374,134225.37803268433
1375,263688.0198097229
1376,96584.56554794312
1377,187026.79916763306
1378,265417.48291778564
1379,267229.6447029114
1380,88206.8143081665
1381,239877.2342453003
1382,261922.98091125488
1383,132193.08053588867
1384,165554.18125915527
1385,262157.9165611267
1386,263687.7138595581
1387,267278.70556640625
1388,126838.09233093262
1389,137160.4490699768
1390,269300.4285545349
1391,72412.70739555359
1392,194208.4038619995
1393,101278.90715408325
1394,257546.04764175415
1395,83739.57576179504
1396,241020.82303237915
1397,259537.50379562378
1398,260009.2917098999
1399,147426.09483146667
1400,119407.95538330078
1401,174891.83601379395
1402,259134.28902053833
1403,249305.4493598938
1404,259959.6284980774
1405,265347.8532104492
1406,113492.9923171997
1407,262379.20081329346
1408,124193.80377197266
1409,264018.28635025024
1410,256070.15962600708
1411,259224.1804046631
1412,262508.69915008545
1413,261780.09484100342
1414,89246.17979431152
1415,118850.81889343262
1416,265496.76148605347
1417,260219.47426223755
1418,261160.46558380127
1419,259515.6672668457
1420,256686.64892578125
1421,241837.57817459106
1422,270348.21518707275
1423,269575.29403305054
1424,133557.80659484863
1425,249945.38607788086
1426,265626.8732223511
1427,91775.01279449463
1428,134393.02667617798
1429,88831.18742370605
1430,258365.2299194336
1431,132111.54787826538
1432,98718.1185836792
1433,220964.77319717407
1434,261451.57342910767
1435,152792.2277584076
1436,166858.83253860474
1437,180829.87393569946
1438,65821.59596824646
1439,264885.6340446472
1440,255788.83040237427
1441,268371.5457191467
1442,250528.84004211426
1443,246494.3486213684
1444,87587.49956893921
1445,89476.34174346924
1446,268686.665058136
1447,102999.15042877197
1448,264920.9624633789
1449,197885.68399047852
1450,164716.6994934082
1451,266098.7320404053
1452,263463.29415893555
1453,182048.2530632019
1454,142746.23162078857
1455,266399.6101875305
1456,191076.99571228027
1457,271285.05587005615
1458,269033.17192077637
1459,186092.8412284851
1460,118150.14345169067
1461,262423.89487457275
1462,125259.46717453003
1463,112973.54845428467
1464,262941.30379486084
1465,265760.7995185852
1466,177091.81270599365
1467,224758.53847312927
1468,259661.14561080933
1469,266692.0511741638
1470,261706.45585250854
1471,270538.8377342224
1472,147276.9050140381
1473,127098.29250717163
1474,261826.9991493225
1475,266640.47496414185
1476,268883.4496612549
1477,215149.39967155457
1478,266974.3002471924
1479,151611.6367378235
1480,238505.32736206055
1481,266946.15476989746
1482,260206.5866394043
1483,260830.7965965271
1484,260296.1835861206
1485,266802.13581085205
1486,208043.2296295166
1487,188501.52073669434
1488,261292.57739257812
1489,103611.70009994507
1490,162652.1307144165
1491,262814.3335647583
1492,259264.63793182373
1493,253301.3328666687
1494,257738.92738723755
1495,135657.7687072754
1496,264476.4997253418
1497,168271.47277069092
1498,120442.54704284668
1499,197710.8643989563
1500,241367.95177841187
1501,85220.70561599731
1502,263180.5962753296
1503,219749.21361923218
1504,115110.12484359741
1505,164603.63556289673
1506,234895.08046340942
1507,126482.09619522095
1508,256829.330909729
1509,186042.3906097412
1510,262377.02811050415
1511,265080.52894210815
1512,255834.56776046753
1513,121986.36937332153
1514,264708.9679145813
1515,264050.6508369446
1516,273158.1713447571
1517,267540.5315093994
1518,134601.61304855347
1519,116813.8049621582
1520,161950.63061523438
1521,260571.72482299805
1522,77109.03870773315
1523,204981.3468799591
1524,260710.84910202026
1525,225731.2089691162
1526,253891.286277771
1527,187068.60214233398
1528,148768.29609680176
1529,258157.87635421753
1530,274122.6706581116
1531,143243.1298942566
1532,79045.44276046753
1533,249379.71899032593
1534,180019.02827835083
1535,261614.39184570312
1536,210621.70992469788
1537,249774.8192138672
1538,165857.08600616455
1539,196402.9005126953
1540,261816.68774795532
1541,271675.3669281006
1542,113211.68880081177
1543,262664.25230026245
1544,226246.29895401
1545,161724.86157989502
1546,265026.2758178711
1547,226644.34677124023
1548,193675.42764663696
1549,237863.26555633545
1550,246052.81829833984
1551,134350.77005386353
1552,160519.86128997803
1553,202196.16347885132
1554,221921.17741012573
1555,120519.78104782104
1556,190100.02810287476
1557,259828.6185684204
1558,243051.15915298462
1559,143491.53385162354
1560,164673.58433914185
1561,173975.07413101196
1562,256966.05486297607
1563,253034.7230834961
1564,188050.68375396729
1565,159462.7532196045
1566,108726.48363685608
1567,127720.92999267578
1568,142256.64430999756
1569,261555.75286102295
1570,263036.54143333435
1571,136790.4917049408
1572,275423.5062904358
1573,251885.82333374023
1574,266947.81283569336
1575,263343.31635284424
1576,88738.09792900085
1577,240737.46254730225
1578,99331.32652664185
1579,247218.84557724
1580,169788.02306747437
1581,175122.94074249268
1582,256763.44928359985
1583,268365.5386199951
1584,257124.45096969604
1585,245674.13397598267
1586,264078.25441741943
1587,188494.6102142334
1588,224334.59632873535
1589,243526.8830795288
1590,253293.65870666504
1591,189757.9810447693
1592,262243.671836853
1593,214366.61575698853
1594,255652.93196487427
1595,266786.49032211304
1596,246566.20489501953
1597,270756.9147758484
1598,260208.783618927
1599,254782.0984916687
1600,258348.58758163452
1601,181975.63986587524
1602,258435.35932159424
1603,252929.30673980713
1604,196152.25105285645
1605,264278.27448654175
1606,267480.9786682129
1607,268425.374874115
1608,170753.05959701538
1609,266322.89376831055
1610,255592.50275421143
1611,267331.36364746094
1612,168937.26504516602
1613,256491.18254470825
1614,155368.05364608765
1615,235291.22953224182
1616,169500.4917602539
1617,217804.68177223206
1618,169043.760471344
1619,143556.5908241272
1620,112434.10051727295
1621,270363.6641616821
1622,264828.7915382385
1623,270050.44592666626
1624,138332.4867515564
1625,147683.95461273193
1626,260473.36813735962
1627,109450.34070968628
1628,260612.0795211792
1629,124652.21481704712
1630,105311.36033058167
1631,134706.67219924927
1632,221673.66868972778
1633,265505.83839416504
1634,92698.87504577637
1635,254935.5754032135
1636,100318.10213088989
1637,257363.46383666992
1638,243380.07621765137
1639,84871.37754821777
1640,243516.14748382568
1641,166297.98078536987
1642,145703.54594802856
1643,265130.3628311157
1644,259797.16031646729
1645,265204.78316116333
1646,101809.72356033325
1647,240319.05179214478
1648,265413.28690338135
1649,271901.7128562927
1650,219284.2547492981
1651,117556.22468566895
1652,106388.63224029541
1653,91935.69151306152
1654,160636.12757110596
1655,94791.86569595337
1656,264105.27743530273
1657,272400.54761505127
1658,239422.76977539062
1659,246471.9647102356
1660,126456.64126968384
1661,134179.0280342102
1662,262519.1971244812
1663,145602.69383239746
1664,218858.46422195435
1665,162127.11244010925
1666,260544.6780014038
1667,225324.3659877777
1668,181425.60714149475
1669,101935.3514137268
1670,265003.28036880493
1671,113372.60737991333
1672,128846.22049331665
1673,258658.51871490479
1674,221355.7681274414
1675,264454.9746208191
1676,264475.8294181824
1677,171607.852809906
1678,196250.271692276
1679,187913.61436462402
1680,142415.79930877686
1681,177630.76988983154
1682,158794.78092193604
1683,269487.18591308594
1684,253595.8772354126
1685,190424.76977157593
1686,148314.27193450928
1687,230057.3793296814
1688,214094.2933883667
1689,171336.15385055542
1690,264265.317363739
1691,145648.517036438
1692,256977.4663619995
1693,151489.15510559082
1694,237889.711227417
1695,233451.20281219482
1696,267251.31635284424
1697,262350.16609954834
1698,264781.4386291504
1699,218938.60228729248
1700,265016.1592063904
1701,264459.8013763428
1702,243919.7989578247
1703,257581.02584648132
1704,121016.7185306549
1705,162345.93285751343
1706,200242.8729572296
1707,103156.12929534912
1708,150258.92180252075
1709,260867.0722541809
1710,75526.23612976074
1711,259243.42986679077
1712,100543.17156410217
1713,269994.24394607544
1714,160973.41751480103
1715,245119.20949554443
1716,124588.40021896362
1717,224811.28573608398
1718,266203.2836112976
1719,268555.613117218
1720,264532.183757782
1721,266899.5873184204
1722,265832.51586151123
1723,266414.61628723145
1724,260083.83436965942
1725,265824.1411743164
1726,203819.9616470337
1727,95968.46090316772
1728,134404.66666412354
1729,235627.86682510376
1730,264016.04092407227
1731,266866.50172805786
1732,267023.09170913696
1733,265724.4836502075
1734,265645.17736816406
1735,94583.0461730957
1736,262606.00678634644
1737,264517.04943847656
1738,259563.09223937988
1739,262443.52238845825
1740,89483.49781417847
1741,90300.2818145752
1742,134667.3030014038
1743,117010.46405792236
1744,158218.3424797058
1745,120394.78077697754
1746,201450.2015914917
1747,259768.20191955566
1748,145187.94511032104
1749,261992.4261856079
1750,264836.8948059082
1751,224342.11020469666
1752,266806.4512863159
1753,265312.5802268982
1754,266908.3264694214
1755,265939.37467193604
1756,265935.87129592896
1757,267504.75482559204
1758,209991.44351959229
1759,229374.27124786377
1760,220516.76103401184
1761,262087.60831069946
1762,268735.2155723572
1763,189653.66674041748
1764,142723.30765914917
1765,268650.6054611206
1766,253829.20475006104
1767,263825.15491867065
1768,226625.15628051758
1769,265668.5661430359
1770,256310.84224319458
1771,267398.77267456055
1772,215856.37490844727
1773,253515.71035766602
1774,264256.51000213623
1775,255635.3695678711
1776,266833.3312301636
1777,156151.11154556274
1778,273259.90913009644
1779,265851.7466545105
1780,266675.4517326355
1781,205976.47275161743
1782,146052.4359817505
1783,263952.6473579407
1784,262687.80073165894
1785,252520.33557128906
1786,155943.9122619629
1787,260002.72900772095
1788,168701.56354522705
1789,176088.03281784058
1790,229916.15699768066
1791,191178.83108139038
1792,152166.37898635864
1793,175772.9676322937
1794,250767.72465515137
1795,254833.8024597168
1796,206633.86269187927
1797,157648.35596466064
1798,233278.0188484192
1799,268125.3541984558
1800,227854.32209205627
1801,263048.07664871216
1802,136700.37767982483
1803,255340.71314620972
1804,192067.5057296753
1805,201717.1707687378
1806,261244.64055252075
1807,268907.7405471802
1808,269354.1488380432
1809,198320.02140426636
1810,270753.0262145996
1811,251762.6248512268
1812,269403.37577056885
1813,253231.15001678467
1814,261557.69250106812
1815,222173.28762054443
1816,265482.1156806946
1817,141788.5908164978
1818,256194.3432121277
1819,109316.49332809448
1820,271004.09173202515
1821,267079.7791595459
1822,260444.2434234619
1823,272838.2493362427
1824,187006.24753189087
1825,265018.8399505615
1826,264053.30754852295
1827,267838.5641899109
1828,144553.90921783447
1829,261228.58450317383
1830,200939.30485916138
1831,131705.57400131226
1832,275135.36349105835
1833,162903.93482208252
1834,107288.60795974731
1835,263184.4553527832
1836,147150.29222297668
1837,244745.984085083
1838,264928.99574661255
1839,263750.23991394043
1840,209740.32817077637
1841,269404.4812736511
1842,265269.3705101013
1843,270179.99645233154
1844,127271.29991149902
1845,262164.62016296387
1846,266591.8152503967
1847,269972.3586540222
1848,263754.4990577698
1849,265928.50297927856
1850,157860.79249572754
1851,264339.0664100647
1852,267748.8073272705
1853,268893.2307319641
1854,266734.04834365845
1855,270051.09241485596
1856,265407.5462150574
1857,80760.85976409912
1858,263414.1307411194
1859,273656.37407684326
1860,266781.43436050415
1861,271565.7440299988
1862,264437.9447746277
1863,268888.3003921509
1864,101237.65120887756
1865,272649.3756637573
1866,175160.35283088684
1867,266044.9565887451
1868,270641.9336242676
1869,269190.38262557983
1870,268193.67586135864
1871,262602.2783241272
1872,273220.1046447754
1873,260539.25714874268
1874,264293.9738922119
1875,149337.65308761597
1876,141743.22346305847
1877,265430.19019317627
1878,265910.1209220886
1879,94230.79345321655
1880,251457.7534980774
1881,266514.584815979
1882,163794.67472457886
1883,223740.07095718384
1884,136626.1296081543
1885,169640.6099395752
1886,174077.62830734253
1887,273034.51096343994
1888,157052.39797592163
1889,131320.96690940857
1890,123930.3691482544
1891,186373.22791671753
1892,267817.3639755249
1893,214507.4690208435
1894,263582.2339820862
1895,271480.2212486267
1896,252224.600151062
1897,264894.33629226685
1898,259676.91724014282
1899,132725.1992702484
1900,270794.0506744385
1901,274644.1247558594
1902,261668.7806854248
1903,265398.9850883484
1904,145262.64251327515
1905,261622.37701034546
1906,262250.6019668579
1907,244803.6739578247
1908,271540.9691619873
1909,257276.19789886475
1910,133214.64907836914
1911,219171.09865570068
1912,239011.70031929016
1913,156563.95001602173
1914,106874.36406898499
1915,265036.79870224
1916,275558.2968635559
1917,93870.59218978882
1918,214651.7444114685
1919,269183.1846923828
1920,279583.4431114197
1921,265369.53367996216
1922,269196.89643096924
1923,225473.5538482666
1924,267270.32929611206
1925,249387.6074142456
1926,265892.99881744385
1927,268650.23862457275
1928,247878.22622680664
1929,234601.93198394775
1930,272757.44538497925
1931,159298.80731201172
1932,217348.78811454773
1933,270038.29831695557
1934,272737.96922302246
1935,268259.00828552246
1936,272334.0053253174
1937,271254.49730300903
1938,273222.818195343
1939,271381.73558044434
1940,272931.8357620239
1941,164548.29509353638
1942,267233.2561721802
1943,269467.23027420044
1944,271452.85695266724
1945,272842.4093513489
1946,266858.8567581177
1947,80010.3985862732
1948,268651.92169189453
1949,280017.942489624
1950,270694.6668434143
1951,214262.05961227417
1952,269585.6881866455
1953,274719.08166503906
1954,271332.3656654358
1955,269769.81939315796
1956,150755.38498687744
1957,159580.25361442566
1958,271964.1282043457
1959,272508.2417869568
1960,266003.1105957031
1961,140967.68112754822
1962,97057.60534667969
1963,264354.6878013611
1964,117124.46934509277
1965,269379.35330963135
1966,269064.8387260437
1967,271182.19354248047
1968,270491.3009262085
1969,266274.48861694336
1970,157373.1172733307
1971,268130.65044021606
1972,269371.8252258301
1973,269773.8826522827
1974,204049.6992778778
1975,265738.90434646606
1976,210262.5251083374
1977,269844.3272857666
1978,272596.8557777405
1979,231255.12909126282
1980,262809.22413253784
1981,271451.05598449707
1982,278179.75746536255
1983,274826.26390075684
1984,256791.87936973572
1985,269022.1938934326
1986,269461.60109329224
1987,277445.3360366821
1988,268341.8704299927
1989,136824.0707988739
1990,147034.07526397705
1991,271286.61756515503
1992,107108.91516494751
1993,273024.379196167
1994,263274.3793563843
1995,268023.6633720398
1996,270700.49392318726
1997,265166.20640945435
1998,265014.16764068604
1999,253995.38640594482
2000,270841.6716346741
2001,101990.90682220459
2002,181413.81560134888
2003,270363.00762557983
2004,277241.5577964783
2005,266916.8226737976
2006,150969.75019836426
2007,271369.75674438477
2008,272742.9438896179
2009,270083.4546775818
2010,273907.23040008545
2011,260956.331035614
2012,167794.3045463562
2013,118009.09344673157
2014,266348.04148101807
2015,273881.432308197
2016,261776.4658203125
2017,274013.42264938354
2018,269248.4013328552
2019,262240.24504852295
2020,150852.46578788757
2021,263922.0745353699
2022,273708.37858200073
2023,271296.7601547241
2024,269587.1121940613
2025,175299.42083740234
2026,96369.72077941895
2027,128296.42416381836
2028,281424.69790649414
2029,271249.7047767639
2030,112554.52626800537
2031,271977.16582870483
2032,246556.470413208
2033,263573.4546203613
2034,259467.14288330078
2035,272995.73176956177
2036,271344.78859329224
2037,133143.10147857666
2038,273145.01289749146
2039,265387.5413322449
2040,125370.26068878174
2041,269898.3269042969
2042,259084.69806671143
2043,182582.57431602478
2044,267194.2425956726
2045,270884.1595954895
2046,269135.10274887085
2047,270165.7253074646
2048,207444.53965377808
2049,276787.5847816467
2050,279187.28929519653
2051,260761.44038391113
2052,274019.11727523804
2053,266101.51610946655
2054,254956.81894683838
2055,268973.10375213623
2056,255550.30974960327
2057,98222.91479873657
2058,274452.29095077515
2059,270404.1149673462
2060,126993.00165939331
2061,271038.9737625122
2062,270445.4923248291
2063,182517.04375839233
2064,273790.7664756775
2065,268302.0580101013
2066,266765.5916404724
2067,270181.75186920166
2068,277172.4920425415
2069,287048.5003967285
2070,265158.5811653137
2071,268466.187789917
2072,272550.2472343445
2073,93674.8943862915
2074,160656.18595695496
2075,268219.3409576416
2076,270028.0461540222
2077,268604.68812561035
2078,270396.30629348755
2079,273717.46349334717
2080,124199.10232543945
2081,259435.61347579956
2082,268285.34716796875
2083,266043.58488082886
2084,260379.52934265137
2085,270315.29933547974
2086,156769.28163337708
2087,271485.5369338989
2088,270597.9461555481
2089,259450.60035705566
2090,266339.17263793945
2091,268135.98958587646
2092,278028.8460884094
2093,275251.4035873413
2094,151904.5470676422
2095,274090.4704246521
2096,141382.81092834473
2097,277315.2329750061
2098,277671.35181427
2099,275243.85862350464
2100,261179.80195236206
2101,145355.04458618164
2102,256371.92406463623
2103,257749.7802810669
2104,189870.81016349792
2105,283846.47132110596
2106,98599.88399124146
2107,247688.18166732788
2108,253387.07376098633
2109,270115.07611083984
2110,272212.4256210327
2111,160637.79821777344
2112,132931.29708862305
2113,268016.24142456055
2114,271935.79220199585
2115,249845.97882461548
2116,268680.7271270752
2117,262550.60078048706
2118,267602.6592102051
2119,101430.94359779358
2120,266507.32471847534
2121,275493.4605026245
2122,120846.84558868408
2123,261956.8151473999
2124,150097.45697784424
2125,259376.1319618225
2126,130867.63174819946
2127,88888.90214157104
2128,265660.98683166504
2129,276663.7691078186
2130,253748.76109313965
2131,221705.05010604858
2132,263826.15547943115
2133,138218.974319458
2134,116168.01309585571
2135,259826.35025405884
2136,262449.2539405823
2137,272268.12464904785
2138,267788.5345802307
2139,269762.92626953125
2140,268422.7393684387
2141,277430.5043258667
2142,280451.9139175415
2143,267551.0760536194
2144,278364.4087944031
2145,109712.88116073608
2146,266034.26107406616
2147,275355.31929397583
2148,270236.78397750854
2149,266326.39950180054
2150,220115.62803649902
2151,269598.5873565674
2152,244866.71045684814
2153,274911.1646461487
2154,282647.18184280396
2155,277926.53537750244
2156,277066.25508117676
2157,272787.3752670288
2158,258589.77730178833
2159,275191.37160491943
2160,275827.52376937866
2161,239441.86429977417
2162,274959.3298377991
2163,263979.9401702881
2164,262278.7459793091
2165,267502.98653411865
2166,113385.09917831421
2167,269064.52755355835
2168,278602.75929641724
2169,280117.2113838196
2170,265962.09843826294
2171,277548.65645599365
2172,192745.01921844482
2173,211577.74812316895
2174,265976.7693519592
2175,262446.8670463562
2176,284527.33628845215
2177,275372.36140441895
2178,266586.9317970276
2179,271037.9861602783
2180,269086.84801864624
2181,274642.70696640015
2182,258820.94382095337
2183,175051.88061904907
2184,251881.27212905884
2185,271292.6116142273
2186,264838.59733200073
2187,268128.83602905273
2188,277365.1337890625
2189,147861.60160446167
2190,114966.03805541992
2191,277830.0259780884
2192,151235.46018600464
2193,269579.0611305237
2194,159178.85717010498
2195,280289.46547317505
2196,194077.68516159058
2197,267051.963886261
2198,174084.3507938385
2199,247681.23462677002
2200,211730.13639450073
2201,269025.04151916504
2202,272364.477935791
2203,272730.37980270386
2204,261110.24254989624
2205,172248.00793075562
2206,271245.42462158203
2207,275815.3031425476
2208,274107.6415634155
2209,270287.0065422058
2210,272669.9934806824
2211,201456.9655418396
2212,267173.45098114014
2213,270219.85681533813
2214,267486.55366897583
2215,277941.3791923523
2216,251368.8649749756
2217,284130.0643348694
2218,258436.9124031067
2219,91936.74540138245
2220,272488.79137039185
2221,104413.86935043335
2222,204096.55086517334
2223,92555.19915008545
2224,129614.7297668457
2225,273017.10751342773
2226,273760.1128616333
2227,242317.86604309082
2228,180936.50022888184
2229,272201.2256126404
2230,269179.45153808594
2231,273590.1514015198
2232,270174.7666053772
2233,271273.2697715759
2234,252261.12031936646
2235,241922.97639083862
2236,278954.33691215515
2237,167416.6349067688
2238,263041.0510749817
2239,214049.34468841553
2240,279931.43004226685
2241,145843.91897201538
2242,271600.5273742676
2243,268155.58585739136
2244,272142.39488601685
2245,272222.54583740234
2246,116764.5266532898
2247,269947.08909606934
2248,269126.8603401184
2249,276387.6339454651
2250,271957.1574859619
2251,276684.8156890869
2252,273169.7483291626
2253,274973.54946136475
2254,266337.85946273804
2255,186135.0996170044
2256,179122.82456970215
2257,257041.239238739
2258,275301.4969406128
2259,271732.7016220093
2260,150399.2439441681
2261,271552.94622039795
2262,277137.876663208
2263,232169.1583442688
2264,273587.268032074
2265,158667.36516571045
2266,276836.57431030273
2267,275407.3675003052
2268,268633.4843444824
2269,267016.71084213257
2270,275249.6618041992
2271,124033.24635314941
2272,164802.4566669464
2273,264462.3941040039
2274,246178.97144699097
2275,177766.71514511108
2276,175690.69551849365
2277,272976.2062988281
2278,268395.7343864441
2279,268866.3271217346
2280,156370.61822128296
2281,121270.61359024048
2282,190946.767660141
2283,273805.4475440979
2284,268531.55529785156
2285,273748.6441421509
2286,275950.42362213135
2287,143075.02715682983
2288,272510.7831001282
2289,202170.5842704773
2290,265296.6524734497
2291,274129.15503692627
2292,275433.3185005188
2293,266110.4725265503
2294,270673.27572631836
2295,251082.49965667725
2296,271080.68392562866
2297,177247.0036392212
2298,270268.7173271179
2299,212135.61347198486
2300,271334.6441268921
2301,274713.52615737915
2302,271621.0291481018
2303,268977.82847976685
2304,231463.85037994385
2305,149156.76243972778
2306,259683.52159881592
2307,222123.80965805054
2308,269952.03059768677
2309,154503.78382873535
2310,225953.7516822815
2311,158275.4669456482
2312,275302.36808776855
2313,266049.9814376831
2314,269195.5379486084
2315,278331.3270072937
2316,136288.35194778442
2317,267610.5636024475
2318,126928.01887130737
2319,268628.5073699951
2320,272699.3295135498
2321,267611.63723373413
2322,116179.4010925293
2323,268902.98121643066
2324,266324.50497817993
2325,276470.6866798401
2326,271529.2140426636
2327,210844.33814239502
2328,256015.5026397705
2329,274513.31047058105
2330,266518.4486579895
2331,267798.9748764038
2332,273751.0419769287
2333,229163.77542114258
2334,268255.0884780884
2335,109554.47426223755
2336,95964.35345840454
2337,270323.49588775635
2338,271817.35609054565
2339,275269.9830932617
2340,113189.0509185791
2341,271300.95642471313
2342,276058.98220062256
2343,268902.1444282532
2344,268631.27939224243
2345,215410.39604187012
2346,257877.39009475708
2347,239725.33716583252
2348,273177.711183548
2349,125497.22104072571
2350,260283.34267425537
2351,274655.5497703552
2352,95319.7194404602
2353,267655.3494720459
2354,275288.3390235901
2355,272228.99615859985
2356,98251.56868743896
2357,272256.7307853699
2358,246211.3228187561
2359,274722.06324005127
2360,257874.05153274536
2361,267693.30294799805
2362,197366.92441558838
2363,271528.942489624
2364,275342.11921691895
2365,274888.5512046814
2366,271437.0916976929
2367,114100.05066299438
2368,269528.84086227417
2369,275245.78396224976
2370,199173.3052597046
2371,139935.64698410034
2372,277492.98572540283
2373,273882.7536048889
2374,277080.9649887085
2375,269348.21001052856
2376,157198.02403259277
2377,94095.58436393738
2378,169109.68412780762
2379,169703.62034988403
2380,270226.7317619324
2381,112879.50873184204
2382,254612.65202713013
2383,99391.9369506836
2384,266382.6814918518
2385,261713.0438079834
2386,268623.7528190613
2387,243172.55101776123
2388,268585.22749710083
2389,106817.9610748291
2390,125658.73462677002
2391,269498.79891586304
2392,115712.43020629883
2393,268415.7915611267
2394,269095.66402053833
2395,269604.73611831665
2396,217301.7698097229
2397,114548.00092697144
2398,271495.9610443115
2399,268465.3758201599
2400,269914.4566383362
2401,264605.8761177063
2402,269637.46031188965
2403,265561.52167510986
2404,120651.46128082275
2405,260099.99277496338
2406,274495.12355041504
2407,264847.0803604126
2408,271241.0514755249
2409,268398.727809906
2410,274779.2512512207
2411,266637.15839385986
2412,235983.0167503357
2413,269284.36641311646
2414,267730.65563964844
2415,272136.7562904358
2416,267213.6920967102
2417,275087.0678138733
2418,280767.9825668335
2419,154750.0507621765
2420,269563.3900947571
2421,270181.33111572266
2422,269911.6975212097
2423,279543.02726745605
2424,274308.70875930786
2425,271664.5962867737
2426,275888.76808547974
2427,271409.57957839966
2428,267545.1375808716
2429,272352.7695426941
2430,109438.38723945618
2431,268702.3199996948
2432,271224.7721672058
2433,271300.4108886719
2434,267642.5564651489
2435,266994.5283432007
2436,109107.44971466064
2437,262798.55337905884
2438,266422.5762062073
2439,284209.1061477661
2440,271361.4404602051
2441,268023.8468132019
2442,258890.88723373413
2443,267100.02561187744
2444,170487.4596786499
2445,230680.358625412
2446,269631.8078613281
2447,266138.8044395447
2448,271958.1643409729
2449,99976.80787658691
2450,275565.54682540894
2451,266655.14528656006
2452,269157.7875556946
2453,270058.36086654663
2454,270934.6570472717
2455,266496.55112075806
2456,263352.141708374
2457,274749.90130233765
2458,263791.4195022583
2459,100730.29119491577
2460,255855.99881744385
2461,148244.168050766
2462,183268.98025894165
2463,269792.8651351929
2464,189316.96185302734
2465,270911.67263031006
2466,278395.13119125366
2467,273916.539932251
2468,198046.23831176758
2469,270733.2908706665
2470,282590.2751312256
2471,263305.628364563
2472,272437.23934936523
2473,269889.07345581055
2474,272562.4260635376
2475,130670.53680801392
2476,272009.7559814453
2477,216773.24795150757
2478,153407.95809555054
2479,277692.8718986511
2480,272384.45291137695
2481,274817.1491317749
2482,273563.7036972046
2483,277577.02729797363
2484,275024.4201622009
2485,273925.58854675293
2486,277489.3119659424
2487,63534.743549346924
2488,273862.1783294678
2489,263884.5952949524
2490,276084.9538383484
2491,267197.9869194031
2492,264613.74934768677
2493,190284.9081993103
2494,271611.377620697
2495,95551.33653259277
2496,258315.56810379028
2497,273239.5863647461
2498,274198.51846313477
2499,274093.54584121704
2500,266250.46546936035
2501,139486.435256958
2502,272731.34337997437
2503,132494.4580116272
2504,264992.16606140137
2505,271462.64779281616
2506,266043.27990722656
2507,276066.75427627563
2508,144032.3038368225
2509,275114.66858673096
2510,285211.60304641724
2511,231378.04858779907
2512,259057.14988327026
2513,273247.59840011597
2514,170924.14950561523
2515,265495.51932525635
2516,265635.82919692993
2517,247206.55241394043
2518,280221.3985862732
2519,269186.3527183533
2520,253796.75952148438
2521,271420.46725845337
2522,270491.99479293823
2523,266550.27305984497
2524,267404.05865859985
2525,202465.25400543213
2526,239425.15282058716
2527,264270.5209617615
2528,194279.49668502808
2529,274571.7694168091
2530,270575.0011558533
2531,174646.11360931396
2532,268462.819316864
2533,255506.1944694519
2534,267788.54123687744
2535,179559.12051391602
2536,277664.68098831177
2537,239074.68087005615
2538,269930.4015274048
2539,217948.75313186646
2540,204698.5739479065
2541,269885.55069351196
2542,262804.0756378174
2543,269511.33166503906
2544,206886.23666763306
2545,242934.92974853516
2546,270160.44690322876
2547,102506.47374343872
2548,270998.0509490967
2549,266806.4085998535
2550,262396.54779434204
2551,276043.37746429443
2552,285528.4263343811
2553,270987.825466156
2554,264515.47554397583
2555,188046.1925354004
2556,273034.1184043884
2557,276194.63609695435
2558,273734.6958389282
2559,271336.1184654236
2560,278095.5771255493
2561,267288.99044418335
2562,272128.7030258179
2563,277769.5296020508
2564,220555.0823612213
2565,143001.65238571167
2566,272358.282371521
2567,272443.91401672363
2568,272266.3546333313
2569,268388.618850708
2570,237260.29613113403
2571,211698.58197784424
2572,275313.12323760986
2573,269546.8413848877
2574,271063.73734664917
2575,240284.3395576477
2576,267654.90922164917
2577,269405.7583503723
2578,271163.09128570557
2579,272451.34384536743
2580,275395.33361434937
2581,274520.59062194824
2582,121128.00140762329
2583,277277.9599723816
2584,166022.63886070251
2585,259057.89602661133
2586,236638.30876159668
2587,273438.2159881592
2588,273794.82664871216
2589,286930.8488807678
2590,271796.0977859497
2591,276094.41720581055
2592,275395.4987640381
2593,269730.0167427063
2594,267415.59884262085
2595,278432.1807861328
2596,97723.03384590149
2597,269542.94107437134
2598,127612.17946434021
2599,256017.88048362732
2600,264245.21253204346
2601,256527.4448852539
2602,268263.6111717224
2603,263359.90941238403
2604,95092.90885543823
2605,266282.90788269043
2606,277139.0284767151
2607,183587.99028778076
2608,279033.2868003845
2609,272840.0518608093
2610,276710.6368293762
2611,274062.7250366211
2612,284259.20332336426
2613,260285.0276107788
2614,264305.0420265198
2615,270942.5447463989
2616,119398.8715209961
2617,253487.36518478394
2618,273600.0240211487
2619,274955.7412261963
2620,202187.27415847778
2621,273202.8099784851
2622,278168.86573791504
2623,270209.14723587036
2624,275306.7374687195
2625,271372.7788848877
2626,268536.809261322
2627,234523.542552948
2628,171565.28667259216
2629,265395.56870269775
2630,273605.4100036621
2631,292191.5756378174
2632,119495.39254379272
2633,276873.85945510864
2634,265687.80797576904
2635,271134.7775917053
2636,209821.18402671814
2637,265315.2350883484
2638,110646.93652153015
2639,279898.7543525696
2640,106075.93170547485
2641,268628.5113182068
2642,246832.19756698608
2643,173935.27797317505
2644,279726.9939918518
2645,188852.10264968872
2646,206520.90999603271
2647,280672.8416481018
2648,266980.23229599
2649,271906.7765312195
2650,186301.92025756836
2651,276227.7883834839
2652,269102.71743392944
2653,268779.2696456909
2654,270603.2468223572
2655,271273.64082717896
2656,263439.7923927307
2657,269618.8791503906
2658,276732.24408340454
2659,273625.6484642029
2660,275919.11393737793
2661,274176.0353012085
2662,272228.18922424316
2663,278539.21712112427
2664,248683.89052009583
2665,146033.18993377686
2666,279064.716255188
2667,275953.2235183716
2668,131350.93829345703
2669,276735.6918563843
2670,292867.61113357544
2671,255683.3597755432
2672,269833.96099853516
2673,284871.5344963074
2674,210677.71824645996
2675,224663.00038528442
2676,289196.5738296509
2677,282532.8556022644
2678,260125.50258255005
2679,189558.3913860321
2680,145804.59671020508
2681,162453.9061164856
2682,176572.41872024536
2683,273880.00371551514
2684,239010.57857131958
2685,264156.643157959
2686,258740.80700302124
2687,220875.21601486206
2688,273617.8376350403
2689,260634.0697441101
2690,241556.69687271118
2691,262720.96477890015
2692,235421.36011886597
2693,247769.55350494385
2694,272322.58683395386
2695,168897.30909729004
2696,261313.4153137207
2697,136967.64084625244
2698,123409.42527770996
2699,221752.79901123047
2700,214851.7664756775
2701,281516.9196128845
2702,274751.8935241699
2703,265053.88233566284
2704,269545.03980255127
2705,271634.84482192993
2706,136099.6664390564
2707,85481.13289642334
2708,155577.19507598877
2709,259190.0331840515
2710,275657.2880859375
2711,171685.5021095276
2712,147674.30994415283
2713,268011.28426361084
2714,261965.5831413269
2715,274576.02156829834
2716,179973.86407089233
2717,142911.75803375244
2718,274139.7630004883
2719,271961.0261116028
2720,273555.1509628296
2721,273702.3134460449
2722,262712.76372146606
2723,276742.6482696533
2724,255257.31169891357
2725,225746.9900970459
2726,208912.4856262207
2727,262919.88736724854
2728,160368.50813293457
2729,125131.6427230835
2730,128694.24533462524
2731,214975.92681503296
2732,226494.80170059204
2733,271441.58072280884
2734,267855.64096832275
2735,262572.66787338257
2736,277992.9217185974
2737,273252.8852043152
2738,258039.8985042572
2739,264919.83626937866
2740,222771.2767829895
2741,234302.4495639801
2742,121806.22490692139
2743,271039.84619140625
2744,274775.2915840149
2745,266764.66467285156
2746,273669.429019928
2747,270943.034034729
2748,257505.88382720947
2749,130598.56203842163
2750,160110.5080871582
2751,273850.252243042
2752,278009.93257522583
2753,272671.8441390991
2754,265819.19736099243
2755,146100.78611564636
2756,152937.62410354614
2757,276042.2017631531
2758,263351.2924976349
2759,124103.00301361084
2760,218160.1981678009
2761,271507.0210266113
2762,269909.43058395386
2763,282258.0179901123
2764,269807.1921157837
2765,273512.71842956543
2766,274487.66917037964
2767,276714.24281692505
2768,154912.62092971802
2769,162835.3751373291
2770,281090.14086151123
2771,249990.66514587402
2772,141828.01358032227
2773,276477.5855522156
2774,266011.63207244873
2775,96693.24341392517
2776,275800.9821815491
2777,217567.40842819214
2778,246633.32807540894
2779,259846.23727416992
2780,274996.52044677734
2781,249956.88508605957
2782,273946.1294975281
2783,245477.78560256958
2784,273434.8881263733
2785,274450.43881225586
2786,274901.72147369385
2787,173527.03722953796
2788,231414.54134368896
2789,270588.3511772156
2790,268728.4163093567
2791,277837.43224334717
2792,102420.4252243042
2793,269317.1090888977
2794,297971.4712753296
2795,273207.6409378052
2796,275655.90782928467
2797,272778.2102432251
2798,273857.43494415283
2799,274526.6675605774
2800,203885.54311943054
2801,267175.89607048035
2802,271217.21170806885
2803,95131.68906402588
2804,124420.6398677826
2805,269677.1972732544
2806,273323.7963066101
2807,270742.60120391846
2808,275663.7787399292
2809,164897.05715179443
2810,171788.90787506104
2811,278971.24460220337
2812,261490.4382171631
2813,275934.0291213989
2814,278820.00520324707
2815,269261.38346862793
2816,270479.04845809937
2817,112377.94446182251
2818,231829.92371368408
2819,172162.13862800598
2820,173870.511095047
2821,121427.88781738281
2822,187795.79296875
2823,278782.5104598999
2824,222696.88712120056
2825,279576.546913147
2826,271856.18601989746
2827,269891.27734375
2828,238584.9910621643
2829,216953.94022369385
2830,250067.8920249939
2831,168607.0885925293
2832,184536.9687423706
2833,206119.76057052612
2834,275559.96437454224
2835,266025.2689857483
2836,269189.2106552124
2837,267671.98278427124
2838,125437.20405197144
2839,277156.34620666504
2840,112427.17264175415
2841,183266.8369216919
2842,144152.67370986938
2843,258272.69548416138
2844,266425.6620826721
2845,266607.8256072998
2846,270371.88081359863
2847,277353.2491340637
2848,279325.9332046509
2849,265522.2839126587
2850,158328.31830978394
2851,189111.0992012024
2852,274340.7578010559
2853,274857.8158493042
2854,264366.900642395
2855,269218.491897583
2856,272115.85835647583
2857,141934.80016708374
2858,144731.69883728027
2859,267848.5735435486
2860,278426.80909729004
2861,268970.8839454651
2862,268677.0009689331
2863,279473.2138900757
2864,264249.2088470459
2865,279777.8772010803
2866,113899.58688926697
2867,205245.56357574463
2868,153451.88543319702
2869,252757.65900802612
2870,273288.4205131531
2871,196831.8152961731
2872,258956.19563293457
2873,171306.44804000854
2874,167370.02095794678
2875,157457.31214523315
2876,177813.21548461914
2877,253927.6177597046
2878,101906.13031578064
2879,113432.47599983215
2880,220827.66738128662
2881,120255.80165672302
2882,277606.86615753174
2883,271065.80865478516
2884,273614.95208740234
2885,283658.90309143066
2886,278695.8931694031
2887,265872.0968551636
2888,266369.0387611389
2889,139782.00650787354
2890,207552.47407531738
2891,282707.49792099
2892,274694.8782043457
2893,107421.58474731445
2894,269335.4656410217
2895,94763.72388839722
2896,266898.7180480957
2897,227966.55514907837
2898,278210.65336608887
2899,274603.1739768982
2900,282597.8559036255
2901,149350.35948944092
2902,290787.11002349854
2903,156416.38144302368
2904,280542.9610595703
2905,177873.10501861572
2906,132199.9443244934
2907,284435.0975112915
2908,233111.17415237427
2909,157078.88151550293
2910,275862.4143447876
2911,266235.68995285034
2912,262829.25955581665
2913,259935.94129943848
2914,262858.1583328247
2915,234991.92286872864
2916,143740.7652645111
2917,273688.2991256714
2918,180463.45694732666
2919,277702.9614562988
2920,261711.7253189087
2921,242646.52065086365
2922,176000.41089630127
2923,266252.7849960327
2924,271220.1579437256
2925,269008.63805389404
2926,279313.75428009033
2927,259589.7174873352
2928,276716.67125320435
2929,263811.867477417
2930,278195.5241279602
2931,282118.69341659546
2932,297277.44959640503
2933,185652.4187297821
2934,273747.8972129822
2935,273830.11643218994
2936,268861.5751571655
2937,275520.1230697632
2938,275852.3779411316
2939,273381.6492919922
2940,273352.10357666016
2941,273393.4246711731
2942,279630.50650024414
2943,276490.8589782715
2944,172624.399684906
2945,273409.31618499756
2946,277108.3103065491
2947,275612.9212837219
2948,276940.39585494995
2949,260799.34356307983
2950,277105.9879684448
2951,282371.8442764282
2952,146804.8239517212
2953,273093.8690338135
2954,275389.1501159668
2955,101680.37900161743
2956,125110.63107299805
2957,283022.2996749878
2958,100065.48723220825
2959,100831.28450775146
2960,274698.0551300049
2961,186925.28131103516
2962,108706.5153503418
2963,209890.8603553772
2964,250846.1413154602
2965,275293.5598869324
2966,272476.990940094
2967,278485.46939086914
2968,273773.6996650696
2969,271347.3872413635
2970,180405.23030090332
2971,227750.09241485596
2972,274646.79873657227
2973,274366.7393608093
2974,275632.37240982056
2975,279804.5590515137
2976,240407.46550369263
2977,280020.035194397
2978,143719.30130386353
2979,274780.71029281616
2980,275595.6145248413
2981,283922.60974884033
2982,165289.58805084229
2983,277189.9947013855
2984,259144.96445846558
2985,161255.8253173828
2986,273147.23571777344
2987,274510.830947876
2988,274602.3772354126
2989,267504.93047714233
2990,141895.53273773193
2991,210153.36989593506
2992,279506.66527175903
2993,214281.68224716187
2994,281652.0665740967
2995,221284.981426239
2996,275877.10455322266
2997,270938.954624176
2998,88925.56823730469
2999,272953.9740409851
3000,277579.31228637695
3001,277079.36837005615
3002,183190.89169311523
3003,272644.00186157227
3004,106971.24589920044
3005,280728.08059310913
3006,119629.37171554565
3007,272604.5199623108
3008,263439.9683074951
3009,270669.17446899414
3010,254287.57313537598
3011,278968.2635688782
3012,274065.1472930908
3013,191288.50548171997
3014,276823.3444519043
3015,277028.62409591675
3016,276738.15787887573
3017,253184.01582336426
3018,180307.18522262573
3019,266212.5363998413
3020,273293.8237838745
3021,273364.2540245056
3022,274049.06102752686
3023,276091.1972732544
3024,279218.01219558716
3025,119544.73368835449
3026,280917.0852203369
3027,277514.4672088623
3028,282417.00553131104
3029,271417.07484054565
3030,286990.08877944946
3031,248891.8201713562
3032,263132.74477386475
3033,272864.6407661438
3034,280324.91845703125
3035,272874.4201622009
3036,266884.89099121094
3037,273808.92736434937
3038,272164.94592285156
3039,269732.2971763611
3040,242437.9792289734
3041,253545.46718215942
3042,268765.1016845703
3043,74550.87965393066
3044,245018.62663269043
3045,259270.4983444214
3046,265244.84786224365
3047,249416.96743011475
3048,266437.8356704712
3049,269396.0613670349
3050,153198.9514350891
3051,227188.61156463623
3052,269015.7151222229
3053,244625.24653625488
3054,275288.2045478821
3055,252154.95555496216
3056,219686.06607437134
3057,264348.14666748047
3058,186691.00074768066
3059,272894.70265960693
3060,222895.86881256104
3061,122272.80854034424
3062,276969.03426361084
3063,260730.23593902588
3064,249241.75903320312
3065,149012.75708389282
3066,232495.3710823059
3067,269882.4258155823
3068,186012.4022102356
3069,272152.93728256226
3070,285538.82629776
3071,282519.3477706909
3072,233121.48611450195
3073,234962.58618164062
3074,266091.26863098145
3075,265234.87743759155
3076,271405.7267036438
3077,276544.5560951233
3078,269519.140663147
3079,276581.33602142334
3080,267962.4638786316
3081,251133.00775909424
3082,249003.7668991089
3083,161375.92488098145
3084,223689.51349258423
3085,198043.64661026
3086,271492.59760665894
3087,271239.6489753723
3088,267470.8818054199
3089,151378.95682525635
3090,237174.7326927185
3091,270189.0945663452
3092,268706.19136428833
3093,269513.6035118103
3094,68378.78121948242
3095,101816.01565933228
3096,181557.45500183105
3097,108432.4503288269
3098,272178.6843070984
3099,178003.01320648193
3100,274354.673538208
3101,138809.02503967285
3102,267568.34900283813
3103,282099.8236274719
3104,273970.53199768066
3105,264025.8167915344
3106,127568.82284927368
3107,168632.4803314209
3108,273326.1064567566
3109,278497.37661743164
3110,266028.65770721436
3111,278786.8783340454
3112,245129.55604171753
3113,273046.07680892944
3114,272946.51192092896
3115,272925.4853744507
3116,284814.79524230957
3117,258631.20546340942
3118,154455.4109802246
3119,263533.61921310425
3120,273637.42586517334
3121,275474.2989845276
3122,266745.5516471863
3123,278817.20362091064
3124,278821.84812164307
3125,122247.94417190552
3126,255854.70530700684
3127,290629.6053237915
3128,264159.58990478516
3129,201570.4836730957
3130,276844.23208618164
3131,281377.6483345032
3132,129755.57098770142
3133,120610.96797943115
3134,275341.70949554443
3135,193410.2473297119
3136,279828.5348930359
3137,283690.2646789551
3138,267824.07054901123
3139,168710.75481033325
3140,261690.7885093689
3141,272042.20402908325
3142,276652.0376930237
3143,271169.0609359741
3144,124214.11557769775
3145,276855.5509529114
3146,190009.64205169678
3147,252952.79806900024
3148,263408.42760849
3149,276998.4583053589
3150,258792.66706466675
3151,278382.5670700073
3152,271263.30266952515
3153,270013.58991241455
3154,263917.29762649536
3155,269844.99715805054
3156,208665.32531547546
3157,202502.1784324646
3158,153583.83266067505
3159,154314.7938899994
3160,261387.17406463623
3161,134002.11875915527
3162,161139.08268928528
3163,270194.563999176
3164,248539.07417297363
3165,273119.96644210815
3166,267864.2523345947
3167,271508.24226379395
3168,181147.62311553955
3169,276023.13998794556
3170,107879.81229782104
3171,267909.26041030884
3172,271990.720287323
3173,272095.237411499
3174,275037.3391265869
3175,104127.78659057617
3176,169077.90061569214
3177,273872.5231781006
3178,228916.5181465149
3179,259675.88261795044
3180,273314.48388671875
3181,275303.6219520569
3182,263983.4909706116
3183,275580.4460411072
3184,146597.3829689026
3185,275745.87923812866
3186,280017.3849143982
3187,261284.7144088745
3188,151577.18632125854
3189,277279.8039932251
3190,267089.0781364441
3191,107390.07412528992
3192,238808.65234565735
3193,281404.30905914307
3194,177476.46906661987
3195,209610.25091171265
3196,207184.84532165527
3197,224196.12572860718
3198,278689.0435409546
3199,280289.7470397949
3200,277836.29581069946
3201,260260.00772094727
3202,240286.2879524231
3203,279365.139087677
3204,183717.9199066162
3205,285302.008682251
3206,280240.74195480347
3207,257425.51245880127
3208,287556.9418182373
3209,277837.9789390564
3210,240147.00662231445
3211,266897.88972091675
3212,265692.7381324768
3213,272008.3922843933
3214,272666.1510887146
3215,274060.94832611084
3216,276283.47453689575
3217,272781.8543815613
3218,271276.5012359619
3219,140930.83055114746
3220,104255.14353179932
3221,231369.7883758545
3222,243124.41998672485
3223,275157.38917541504
3224,179848.28861236572
3225,275150.293838501
3226,104347.94249343872
3227,269003.85635375977
3228,271528.80241012573
3229,274276.78913879395
3230,268312.3094291687
3231,268073.6431427002
3232,261952.54788589478
3233,269003.85764694214
3234,275318.3853530884
3235,274936.3415107727
3236,184790.43655014038
3237,242276.58505630493
3238,273229.00989151
3239,269696.8808250427
3240,268554.0969467163
3241,275647.95096206665
3242,275081.1322937012
3243,260714.09992599487
3244,166808.5941505432
3245,273787.02030563354
3246,237890.00957870483
3247,278158.4879646301
3248,248697.6987991333
3249,277706.5274925232
3250,257772.18175125122
3251,189038.6861076355
3252,288193.2250480652
3253,276424.8997077942
3254,200891.86659622192
3255,269050.4689254761
3256,275557.8504371643
3257,126453.5252609253
3258,121964.01152610779
3259,160377.61950683594
3260,212084.4433708191
3261,266832.04960250854
3262,114388.92478942871
3263,271656.70558166504
3264,272822.35216140747
3265,269837.7618789673
3266,272665.68814468384
3267,186285.66356658936
3268,268314.678440094
3269,270995.8172531128
3270,276729.34535980225
3271,276584.1436767578
3272,242322.88787078857
3273,276746.5726547241
3274,275125.9559173584
3275,267218.58097076416
3276,282136.2348213196
3277,281991.6309738159
3278,270514.56869125366
3279,222113.70315933228
3280,273433.9016571045
3281,274910.09492874146
3282,273324.80642700195
3283,243751.2735710144
3284,148626.157081604
3285,268608.7777633667
3286,266865.89602279663
3287,275642.4818496704
3288,268372.48066329956
3289,157488.54346084595
3290,273475.18907546997
3291,160891.77614593506
3292,228845.82860183716
3293,254989.20851516724
3294,260210.0754547119
3295,219042.60388946533
3296,166877.79300689697
3297,205658.6971874237
3298,76989.06932067871
3299,277565.04430389404
3300,278561.3747253418
3301,265781.35329818726
3302,252770.59943008423
3303,275571.59436798096
3304,201996.80712509155
3305,266865.2896118164
3306,268899.9176826477
3307,264811.87143325806
3308,273951.10762023926
3309,264212.5050010681
3310,142292.63848876953
3311,164585.46598434448
3312,205614.61042785645
3313,271114.3277397156
3314,190903.56566238403
3315,140982.0590286255
3316,215437.25437164307
3317,189851.9790840149
3318,285983.8613433838
3319,272110.87297058105
3320,277635.1972885132
3321,276606.5628166199
3322,202624.16213989258
3323,103398.24716567993
3324,162360.43545150757
3325,141128.61211395264
3326,269635.1833496094
3327,277446.5287284851
3328,289228.5835456848
3329,265862.87230300903
3330,269037.2107925415
3331,86275.86862564087
3332,266073.3876609802
3333,290718.4724121094
3334,169670.24507713318
3335,104951.79941558838
3336,92573.53153419495
3337,155974.33402633667
3338,205506.8204574585
3339,268483.5881652832
3340,266249.43740844727
3341,277907.065738678
3342,286733.3780899048
3343,280923.42028045654
3344,273249.6839828491
3345,144176.70182800293
3346,269855.4623031616
3347,277301.19580078125
3348,279066.4529533386
3349,271338.03063583374
3350,104914.4147644043
3351,267033.3656311035
3352,265349.8090133667
3353,273055.2857055664
3354,271701.30154418945
3355,104531.74863052368
3356,122058.64504241943
3357,259421.72687911987
3358,277734.936088562
3359,114782.21861839294
3360,269816.46855926514
3361,248709.28255844116
3362,184760.2110595703
3363,276894.116771698
3364,268676.9582633972
3365,277949.48010635376
3366,276457.70321655273
3367,158008.0132598877
3368,268819.39123916626
3369,113185.68830490112
3370,189500.52620506287
3371,287490.7480812073
3372,284303.0356941223
3373,277417.49558639526
3374,272818.53174591064
3375,215558.84013938904
3376,294587.82164382935
3377,299184.0274734497
3378,202503.35139846802
3379,239251.82891464233
3380,166543.63005638123
3381,138157.73322296143
3382,279368.0831413269
3383,280604.70236206055
3384,277788.9360923767
3385,290568.85608673096
3386,275132.86614227295
3387,246294.1057510376
3388,278116.6621170044
3389,196752.40496063232
3390,277958.7478027344
3391,268443.9772644043
3392,273438.64613723755
3393,273236.69330596924
3394,282644.6117706299
3395,249955.14192962646
3396,275473.3910102844
3397,281288.60858154297
3398,271444.5838356018
3399,267525.47886657715
3400,191465.78284454346
3401,158157.28913497925
3402,268540.30585861206
3403,276135.6362953186
3404,268793.51386260986
3405,274180.69843673706
3406,230858.8316001892
3407,201040.42115020752
3408,279993.45498657227
3409,283572.83559417725
3410,188116.00183486938
3411,281263.4945869446
3412,154474.71076583862
3413,286264.08346939087
3414,129656.91711425781
3415,256432.621635437
3416,134090.93185806274
3417,277628.83728790283
3418,107481.85082244873
3419,253528.21463394165
3420,283234.4521446228
3421,278872.6198577881
3422,288044.98386764526
3423,144273.84154510498
3424,279225.3695411682
3425,260971.01832962036
3426,262928.97426223755
3427,283032.7226409912
3428,271083.04177856445
3429,262875.4253578186
3430,135488.30889511108
3431,275464.2774543762
3432,274523.3649520874
3433,291728.7671279907
3434,253000.058883667
3435,257135.55333709717
3436,124073.38138580322
3437,277599.5206871033
3438,285875.64458465576
3439,77056.15607070923
3440,153063.24730300903
3441,258000.82871627808
3442,204040.7521095276
3443,271382.9162712097
3444,281339.70822906494
3445,278439.4714126587
3446,279565.91415023804
3447,278342.209651947
3448,116371.44375991821
3449,141739.39046478271
3450,250393.72132492065
3451,251141.51453781128
3452,282303.048789978
3453,282577.47064590454
3454,261509.9616279602
3455,269876.1164932251
3456,241919.20249938965
3457,276497.049282074
3458,226376.32206344604
3459,245895.149394989
3460,281004.2190551758
3461,281316.53063964844
3462,256184.47396850586
3463,285252.90461730957
3464,259514.06410598755
3465,286554.0948791504
3466,161086.1213569641
3467,248155.1183052063
3468,247876.94961547852
3469,286520.5914878845
3470,280452.43689346313
3471,262576.3076133728
3472,160786.78720474243
3473,238435.17916870117
3474,286639.1064338684
3475,268002.3588409424
3476,273781.7923927307
3477,284151.599067688
3478,171185.208152771
3479,246685.50590133667
3480,227854.23138427734
3481,130026.5579624176
3482,195125.18774414062
3483,229709.78481292725
3484,238827.3136253357
3485,265458.96493911743
3486,278901.1819496155
3487,276905.9859161377
3488,278821.52826690674
3489,111768.00872802734
3490,278707.51934814453
3491,240029.23469543457
3492,282470.5712890625
3493,254316.20191192627
3494,275858.5193939209
3495,91695.47916793823
3496,256830.5859565735
3497,199960.6201057434
3498,274535.2703285217
3499,158018.91191864014
3500,267302.16313934326
3501,272856.48567199707
3502,264120.336391449
3503,139042.3430633545
3504,117114.96355628967
3505,303477.8858528137
3506,234116.29666137695
3507,170092.70977783203
3508,293746.1534538269
3509,268313.8405570984
3510,269039.1703071594
3511,276897.4929847717
3512,275508.7253417969
3513,260031.08462524414
3514,276688.2877998352
3515,242166.16418075562
3516,294913.52015304565
3517,288505.68324661255
3518,281842.5566101074
3519,233545.10795211792
3520,277325.22829437256
3521,279768.1464691162
3522,280392.61824035645
3523,252816.65521240234
3524,286154.43336868286
3525,119044.91593551636
3526,290888.49516296387
3527,231729.44694900513
3528,163027.76205825806
3529,279806.4781074524
3530,278943.1004371643
3531,237461.8168449402
3532,276741.955947876
3533,260947.41576004028
3534,276898.0918159485
3535,280653.130027771
3536,276161.8871002197
3537,181119.44713974
3538,278332.3203239441
3539,288013.7094039917
3540,273205.4151725769
3541,288849.09159469604
3542,275280.4946594238
3543,231209.73141098022
3544,277374.5453147888
3545,272704.12144470215
3546,175812.650932312
3547,280767.85383987427
3548,201804.1770401001
3549,264890.11796951294
3550,264796.8293914795
3551,135803.64737319946
3552,139556.63263893127
3553,294480.91285324097
3554,150509.36051940918
3555,286718.3181037903
3556,273910.39908981323
3557,215744.90832901
3558,285496.3815612793
3559,278871.9553222656
3560,158700.99550247192
3561,235503.2115020752
3562,283509.51791381836
3563,289864.4165496826
3564,275534.10454940796
3565,282056.7785949707
3566,269998.21268463135
3567,274000.32345962524
3568,171544.1148853302
3569,265952.42792129517
3570,288740.93925857544
3571,285553.96770095825
3572,115227.86101531982
3573,264109.7546424866
3574,280462.174697876
3575,281015.4673881531
3576,277128.04945373535
3577,286520.1950416565
3578,284484.2540245056
3579,212191.3588294983
3580,292510.93936920166
3581,269026.26613616943
3582,172321.27859687805
3583,284597.87688446045
3584,274636.5347633362
3585,283274.80491638184
3586,275188.20972442627
3587,204244.66981887817
3588,236019.52754974365
3589,275305.67457962036
3590,286060.2002944946
3591,283711.9104118347
3592,147317.95793533325
3593,259075.0055961609
3594,143776.5428276062
3595,164063.25783538818
3596,237585.22401618958
3597,256844.59325027466
3598,179708.05140304565
3599,267493.9319114685
3600,146668.05027389526
3601,276054.7685928345
3602,280931.0302848816
3603,236930.87073898315
3604,274486.8324508667
3605,271179.487197876
3606,172507.97903442383
3607,278956.2745513916
3608,271421.0874710083
3609,279650.903301239
3610,288252.834564209
3611,287101.98432159424
3612,236589.3344154358
3613,285993.4153060913
3614,292485.9716415405
3615,285216.2639312744
3616,274416.50269317627
3617,274303.03925704956
3618,280154.92125320435
3619,155489.24256134033
3620,257847.3415031433
3621,256417.52170562744
3622,279447.7390823364
3623,193417.3154411316
3624,287168.6358528137
3625,124424.37818527222
3626,284344.4828033447
3627,269590.9014968872
3628,195149.68070220947
3629,202926.25691604614
3630,267494.1625671387
3631,231036.2437286377
3632,273809.359375
3633,217599.2629737854
3634,121431.37941551208
3635,272902.33853530884
3636,272725.792427063
3637,245947.60808563232
3638,281353.29278182983
3639,282664.2587852478
3640,287098.31117630005
3641,266992.09868240356
3642,282607.56244277954
3643,279635.0611076355
3644,284805.5250892639
3645,274533.4097213745
3646,279227.884059906
3647,295989.29484558105
3648,269286.93550491333
3649,281341.8151779175
3650,299163.2285270691
3651,259485.66109085083
3652,279734.4534034729
3653,286719.6482772827
3654,134203.81687927246
3655,277113.5006713867
3656,143724.55291748047
3657,223261.14260482788
3658,277846.76260375977
3659,231913.41534042358
3660,278113.376121521
3661,278719.9068412781
3662,240294.816696167
3663,274303.9810066223
3664,272796.2512435913
3665,283243.03718948364
3666,279172.4010887146
3667,184826.14757537842
3668,276654.8691444397
3669,89701.2828464508
3670,270127.59412002563
3671,246636.02473068237
3672,258016.53944778442
3673,252812.3683128357
3674,253854.12004089355
3675,274786.99879074097
3676,121252.16031265259
3677,274607.3585700989
3678,278149.49616622925
3679,269570.3408355713
3680,169798.90740203857
3681,280521.0583305359
3682,270834.1997909546
3683,181536.62455749512
3684,273867.02296447754
3685,234170.3701763153
3686,255824.02564620972
3687,278515.1698188782
3688,278795.0086097717
3689,268494.9807472229
3690,272974.3091545105
3691,278886.7558822632
3692,276401.52017593384
3693,278360.47400665283
3694,278081.12115478516
3695,175108.79626464844
3696,292945.7880859375
3697,212262.59155082703
3698,238885.16053390503
3699,280191.66801834106
3700,287801.0180130005
3701,305300.1398162842
3702,279286.8327255249
3703,273051.7778816223
3704,272744.32064437866
3705,279658.76553344727
3706,229043.47742271423
3707,284323.36613082886
3708,282980.68354415894
3709,286319.1226348877
3710,200037.637966156
3711,276718.20835494995
3712,294445.17512512207
3713,190089.27008247375
3714,216658.24440193176
3715,277541.3416175842
3716,256157.47327423096
3717,273147.8546218872
3718,285959.81700897217
3719,173222.8637676239
3720,274933.1829299927
3721,244101.44159317017
3722,178640.27283096313
3723,269090.3508682251
3724,245761.50117111206
3725,220357.7495994568
3726,91942.94728088379
3727,259470.26095962524
3728,257500.93648529053
3729,281131.54136657715
3730,303554.3032646179
3731,286432.2921676636
3732,292208.42932891846
3733,219485.19010925293
3734,136914.57257461548
3735,282308.53354644775
3736,286424.4599876404
3737,271025.16524124146
3738,283613.73734664917
3739,297340.3100204468
3740,290331.1664505005
3741,277885.36560058594
3742,295410.2846069336
3743,279361.84171295166
3744,276016.79958343506
3745,275603.25846099854
3746,288505.0499229431
3747,276624.53548431396
3748,149351.77492904663
3749,233029.9173927307
3750,268799.95600891113
3751,277575.72315216064
3752,173388.0256690979
3753,278399.51821136475
3754,281888.09760284424
3755,254851.05255126953
3756,159513.4567718506
3757,189830.71168136597
3758,182944.33502960205
3759,275893.2192726135
3760,265243.3150482178
3761,275637.66579055786
3762,174312.3505935669
3763,283455.3073120117
3764,147367.94093704224
3765,278166.9608154297
3766,275441.67864608765
3767,287011.15407943726
3768,283116.1668319702
3769,280740.83183670044
3770,196831.51751708984
3771,285889.3733482361
3772,159196.0732460022
3773,277139.7833251953
3774,293879.6719932556
3775,259998.91027450562
3776,292347.0753593445
3777,278878.8118247986
3778,271917.21239089966
3779,299437.61081695557
3780,272048.5478134155
3781,227804.3112449646
3782,137334.19793701172
3783,284428.11290359497
3784,278068.09340667725
3785,282691.843334198
3786,202088.7836303711
3787,274091.337928772
3788,131333.15968322754
3789,287094.95112609863
3790,278798.1188659668
3791,158089.26336669922
3792,208649.72074508667
3793,162325.64059638977
3794,269122.30362319946
3795,253812.04844284058
3796,280813.2247848511
3797,280264.3982810974
3798,174494.51183319092
3799,181806.54972076416
3800,280351.5373840332
3801,278027.4239883423
3802,215306.8716506958
3803,275477.31327056885
3804,258312.7362060547
3805,276635.86738204956
3806,279173.4863204956
3807,173911.3098297119
3808,274154.70781326294
3809,281471.31619644165
3810,290300.3127555847
3811,285870.91847229004
3812,180699.01686286926
3813,290538.35792160034
3814,125823.81159210205
3815,250470.4474105835
3816,285652.2604370117
3817,273440.62604522705
3818,188658.48734283447
3819,269205.61039352417
3820,282574.172542572
3821,98309.92452812195
3822,283728.53646469116
3823,260970.59188461304
3824,278483.76763916016
3825,213859.23894882202
3826,281443.975479126
3827,290425.6301994324
3828,268705.0223236084
3829,126420.79309463501
3830,269546.161403656
3831,278055.5259246826
3832,242952.41526412964
3833,183952.87797546387
3834,270813.310295105
3835,278691.9242477417
3836,300490.5573005676
3837,242980.8613433838
3838,280031.77935791016
3839,198286.8999633789
3840,288798.96559524536
3841,280738.7496948242
3842,275695.13090515137
3843,278021.2307624817
3844,151778.68098068237
3845,277217.9598503113
3846,273798.65578079224
3847,309824.4567298889
3848,285986.0526351929
3849,196957.92230033875
3850,263309.9115371704
3851,241400.2827796936
3852,269999.54819107056
3853,211659.89294433594
3854,123265.48399734497
3855,265611.41259384155
3856,269564.25189590454
3857,300167.7866630554
3858,165173.63739395142
3859,248082.0580482483
3860,264105.7745666504
3861,270795.00172042847
3862,267699.3200111389
3863,286038.05253601074
3864,277116.41957092285
3865,281587.71800231934
3866,277443.224155426
3867,275735.85960769653
3868,275576.7745285034
3869,154277.03954315186
3870,265906.7218360901
3871,295050.1070137024
3872,303095.83363723755
3873,281615.23626708984
3874,281421.66999816895
3875,296736.67277908325
3876,241121.23054885864
3877,292415.40085220337
3878,176340.77590560913
3879,123746.613489151
3880,277781.93896865845
3881,171149.9935760498
3882,264461.48494911194
3883,277053.05072402954
3884,279124.60107803345
3885,288306.48363494873
3886,277901.138633728
3887,270626.70793914795
3888,277229.99478530884
3889,274229.9594860077
3890,172730.7841835022
3891,217155.43436050415
3892,218418.77479934692
3893,227872.5325012207
3894,285691.042678833
3895,276251.2085990906
3896,137827.89138031006
3897,273931.53816604614
3898,155569.6178779602
3899,224255.38985824585
3900,285899.10734939575
3901,253592.23125076294
3902,248604.42584228516
3903,184261.8215637207
3904,204442.40923690796
3905,161431.78605651855
3906,179484.32744789124
3907,180834.00602531433
3908,237371.82288742065
3909,219782.84679794312
3910,254638.31226348877
3911,218190.9840927124
3912,280849.5322227478
3913,189399.55644989014
3914,282776.4148864746
3915,281778.32315063477
3916,278679.041973114
3917,274975.5278663635
3918,283225.07958602905
3919,245443.00899505615
3920,170622.79168319702
3921,250378.55375289917
3922,177806.43605041504
3923,181659.7735900879
3924,281621.29175567627
3925,271382.1626358032
3926,280994.77492141724
3927,282379.4238510132
3928,269684.24755096436
3929,265977.99771881104
3930,278105.8434944153
3931,286323.13941955566
3932,153743.0339126587
3933,271355.0664138794
3934,217988.4826812744
3935,144465.9199409485
3936,119942.7921257019
3937,270591.25537490845
3938,268993.48989868164
3939,238912.36938858032
3940,271213.7526550293
3941,278580.11182403564
3942,275761.63318252563
3943,277014.10988616943
3944,280061.6017189026
3945,270968.901058197
3946,279955.09048843384
3947,269417.3718185425
3948,269612.68785095215
3949,287628.1838760376
3950,247081.87686920166
3951,281602.50049972534
3952,268016.32026672363
3953,274853.8222465515
3954,230571.13941574097
3955,271763.53217315674
3956,270393.07542037964
3957,277238.00718307495
3958,245223.1265449524
3959,281843.6129837036
3960,280290.5044364929
3961,279596.5124092102
3962,291358.85819625854
3963,277990.3321533203
3964,277655.6978034973
3965,273980.0582771301
3966,277424.15199279785
3967,137438.944770813
3968,280146.22384643555
3969,279774.5105743408
3970,281866.5272369385
3971,285168.4480743408
3972,294209.34883499146
3973,263171.1495246887
3974,113260.86930465698
3975,279655.5733795166
3976,277393.2754096985
3977,222182.00958251953
3978,278637.5758934021
3979,287638.98706817627
3980,195816.94788742065
3981,279945.03969573975
3982,282499.89820861816
3983,278055.2383804321
3984,289816.3925476074
3985,281376.82304000854
3986,285084.71519088745
3987,182576.63855743408
3988,280690.13191986084
3989,276891.9804573059
3990,273650.8909072876
3991,259261.40200042725
3992,169760.12664031982
3993,284598.4757080078
3994,282216.77714538574
3995,263012.21825408936
3996,285703.9244995117
3997,286625.0601005554
3998,283183.97107315063
3999,148227.22787475586
4000,305472.2527770996
4001,192729.429271698
4002,286687.67879104614
4003,278621.23598480225
4004,289381.0096549988
4005,115139.9453201294
4006,243500.79181671143
4007,283328.2972869873
4008,282511.6939048767
4009,277647.7145423889
4010,278465.98920440674
4011,270561.2402267456
4012,277191.39582824707
4013,279608.374042511
4014,224459.41960525513
4015,286053.98540496826
4016,305544.27155303955
4017,176992.2854423523
4018,278828.63081741333
4019,226677.46642303467
4020,237770.45251846313
4021,277821.66525650024
4022,276425.47200775146
4023,282717.48930358887
4024,284564.46156311035
4025,142607.36029815674
4026,276199.82384490967
4027,288257.6528892517
4028,277281.60640335083
4029,280141.60008621216
4030,191026.77031707764
4031,123988.7532157898
4032,122661.58961868286
4033,286094.89740753174
4034,293719.7213668823
4035,274262.30725097656
4036,300530.4752807617
4037,268598.82246780396
4038,277928.1852340698
4039,254099.3426322937
4040,241942.4506187439
4041,188487.01084899902
4042,267725.092754364
4043,260899.7516899109
4044,215563.51163482666
4045,282367.1116294861
4046,277133.93688583374
4047,153158.61081314087
4048,281556.2810974121
4049,281206.94355010986
4050,275754.37171173096
4051,276512.79390335083
4052,185824.59576034546
4053,269944.03313064575
4054,279515.595867157
4055,287681.31424331665
4056,290796.6549568176
4057,127870.89210510254
4058,168793.35720062256
4059,283155.91510772705
4060,274967.7449378967
4061,279064.47106552124
4062,285082.6933441162
4063,266032.17431259155
4064,167146.45082092285
4065,286577.91831207275
4066,276331.62144851685
4067,256044.00384521484
4068,286685.197555542
4069,267299.76581192017
4070,276207.5241699219
4071,260760.40816879272
4072,283231.3761177063
4073,282844.1576728821
4074,288440.99879455566
4075,158603.7947807312
4076,255958.87056732178
4077,282382.6908111572
4078,293729.3835296631
4079,193377.17951583862
4080,287468.72842407227
4081,274885.4893951416
4082,278997.9844970703
4083,273054.45642089844
4084,278311.0456390381
4085,182336.57535934448
4086,136026.5802116394
4087,279027.02321624756
4088,198627.26375961304
4089,204044.83350753784
4090,255098.20085144043
4091,268441.8833961487
4092,283661.5612297058
4093,294897.802696228
4094,275995.9780654907
4095,267569.56063842773
4096,277839.39109039307
4097,188379.7321243286
4098,103319.47395706177
4099,284118.4472351074
4100,273436.7435646057
4101,110564.02983856201
4102,176165.58975601196
4103,267316.66750717163
4104,273388.00494766235
4105,127518.846824646
4106,280760.3826370239
4107,107585.48972320557
4108,269456.1593093872
4109,285120.90030288696
4110,178035.37135505676
4111,277580.77725982666
4112,275617.0782623291
4113,271902.35777282715
4114,270917.0530319214
4115,286177.4070663452
4116,221595.7907562256
4117,251191.82889938354
4118,277207.0347366333
4119,276071.5195655823
4120,280133.38527297974
4121,282566.6449317932
4122,95498.67916870117
4123,271557.7143249512
4124,296191.35332870483
4125,283549.0396461487
4126,179302.16481781006
4127,277665.8263168335
4128,242564.47095870972
4129,293090.5718650818
4130,289810.2967758179
4131,176598.42110061646
4132,294812.29008483887
4133,150095.09357452393
4134,273864.16568756104
4135,185932.9190940857
4136,232619.26915359497
4137,285949.48274612427
4138,276129.1378250122
4139,277869.7640686035
4140,285099.05003738403
4141,237716.76762771606
4142,166020.79285430908
4143,274964.7465248108
4144,284463.93019866943
4145,275997.95066833496
4146,208363.97845458984
4147,187991.19095993042
4148,180130.87859344482
4149,284030.86933517456
4150,282640.30588912964
4151,273559.3925933838
4152,283248.2311553955
4153,290716.66942214966
4154,299584.09968566895
4155,278044.2169532776
4156,282115.99658203125
4157,277336.6877441406
4158,282141.15185165405
4159,272975.1231651306
4160,277518.32250213623
4161,273956.29904174805
4162,273072.5771751404
4163,285199.47814178467
4164,279836.19206237793
4165,276988.4662742615
4166,279040.1110458374
4167,274143.81230545044
4168,285485.61167526245
4169,274072.3126411438
4170,272566.4204978943
4171,270114.6647796631
4172,282425.745513916
4173,281888.1879348755
4174,277197.09075927734
4175,110915.02518463135
4176,278377.91536712646
4177,276709.0187110901
4178,238275.10094451904
4179,167700.55478668213
4180,279626.439868927
4181,278514.8969306946
4182,299172.06077957153
4183,269900.3048553467
4184,278836.67988967896
4185,276931.5542488098
4186,234365.29893112183
4187,282789.0217552185
4188,282991.4168891907
4189,275445.15117645264
4190,270578.7156829834
4191,280637.9610900879
4192,237446.00426483154
4193,275091.0281562805
4194,277152.690826416
4195,278455.58086395264
4196,287200.79708862305
4197,274114.90979003906
4198,301367.5625
4199,279175.48291397095
4200,277069.5474357605
4201,79357.6342163086
4202,277300.71910858154
4203,280718.89080810547
4204,96847.56499481201
4205,182852.41561889648
4206,190008.47160720825
4207,230847.08048820496
4208,282607.7123184204
4209,118193.0098991394
4210,277990.79125213623
4211,128213.58465194702
4212,207984.99223327637
4213,276359.3535423279
4214,271671.7340621948
4215,104126.87629127502
4216,177660.22980117798
4217,261944.44649887085
4218,266447.19355010986
4219,84654.48865127563
4220,221796.22703933716
4221,273678.9200401306
4222,279096.87868499756
4223,217578.5763683319
4224,276064.3345146179
4225,276075.5606460571
4226,272220.8398361206
4227,274053.6746253967
4228,303852.88539123535
4229,241973.1053352356
4230,279146.73780822754
4231,279039.87423324585
4232,328999.443359375
4233,172349.50002288818
4234,283913.2888908386
4235,276822.7967300415
4236,274186.1709251404
4237,283222.6460266113
4238,285625.27196121216
4239,282432.73794937134
4240,280406.47972488403
4241,306183.4458503723
4242,160440.0905570984
4243,274059.01553344727
4244,289952.5028152466
4245,223963.138130188
4246,271772.84118652344
4247,312068.39671325684
4248,272633.8980102539
4249,146997.35431480408
4250,280893.69842910767
4251,283872.36675834656
4252,279822.21783065796
4253,282169.42378616333
4254,204134.61471939087
4255,267671.1498641968
4256,307136.8426208496
4257,253471.05479431152
4258,138488.68352890015
4259,263896.7564086914
4260,139009.63006973267
4261,280371.2537956238
4262,90837.20016860962
4263,286347.0676994324
4264,276593.35778045654
4265,252317.30740737915
4266,282946.7400894165
4267,274966.30669784546
4268,242570.18490982056
4269,194234.24410247803
4270,287916.35191345215
4271,184316.4453830719
4272,268827.0164337158
4273,267279.11867523193
4274,274486.3003807068
4275,277138.99869537354
4276,277730.26221466064
4277,157232.35787963867
4278,279475.0742416382
4279,232296.86237716675
4280,314271.90787887573
4281,274227.53999328613
4282,278889.0121307373
4283,280813.260471344
4284,276357.2819633484
4285,221093.10950660706
4286,276000.5097541809
4287,271667.4239273071
4288,237932.8674583435
4289,280708.4957962036
4290,280976.5119590759
4291,272857.68088912964
4292,278157.45669555664
4293,284456.30909729004
4294,284107.35456085205
4295,204019.88446426392
4296,279358.0421409607
4297,266002.24408721924
4298,164822.3837890625
4299,285601.2997016907
4300,276571.17528152466
4301,286874.20624160767
4302,291441.94150161743
4303,294661.6282234192
4304,277430.48223495483
4305,260829.01531982422
4306,228827.31928253174
4307,130800.63702774048
4308,282446.029712677
4309,275770.18519592285
4310,286803.67500686646
4311,160404.1741218567
4312,277494.40143966675
4313,270285.3344078064
4314,282039.3788070679
4315,292614.2527618408
4316,266327.23376464844
4317,277694.074886322
4318,289434.90782546997
4319,251640.04020690918
4320,285856.8528289795
4321,286906.46600341797
4322,295922.4687728882
4323,313550.2021331787
4324,203343.53713989258
4325,307027.10398864746
4326,97371.07977104187
4327,278490.5740470886
4328,298437.57957458496
4329,279435.4337692261
4330,186168.6027984619
4331,282482.05881500244
4332,275814.43490600586
4333,219178.89616966248
4334,291768.350566864
4335,282514.99477386475
4336,294395.350189209
4337,197949.25857925415
4338,263854.72423934937
4339,277549.8302230835
4340,160011.48400497437
4341,292452.42252731323
4342,256225.125415802
4343,179855.78713226318
4344,183900.45317459106
4345,248605.58602142334
4346,286752.0763168335
4347,175383.63752746582
4348,279880.9878463745
4349,258944.85257720947
4350,203106.1567554474
4351,304009.6651916504
4352,267247.7601547241
4353,285736.2862434387
4354,280017.9912109375
4355,280548.23920822144
4356,280062.2995262146
4357,291289.4694404602
4358,200296.51252746582
4359,206858.65139007568
4360,177988.6368560791
4361,233134.4239616394
4362,240990.07565307617
4363,286180.7371826172
4364,302389.0287742615
4365,309430.0768737793
4366,278028.6270675659
4367,277974.3769569397
4368,276393.03938293457
4369,289856.6372909546
4370,271794.50466156006
4371,88146.88000488281
4372,295821.74852752686
4373,278083.04122161865
4374,277126.69229507446
4375,202816.7130355835
4376,104253.97658157349
4377,269973.28157424927
4378,170278.38500595093
4379,281658.29680633545
4380,263080.57509994507
4381,286314.4535140991
4382,265567.56579589844
4383,270242.98570632935
4384,288055.8262062073
4385,265472.88025283813
4386,239860.73583221436
4387,286143.2953147888
4388,276391.4538536072
4389,264407.50913238525
4390,287605.3073310852
4391,279574.4575958252
4392,227641.1159439087
4393,224665.75469207764
4394,287988.5204811096
4395,286240.3824272156
4396,134868.05744934082
4397,220640.39553451538
4398,282293.97734451294
4399,283499.11235427856
4400,237692.41791534424
4401,274447.2572174072
4402,286421.9381599426
4403,275431.7092514038
4404,276043.3236312866
4405,278785.7988014221
4406,294927.0612640381
4407,286814.86485671997
4408,246217.46881103516
4409,280450.9964904785
4410,217902.9307899475
4411,276122.85542297363
4412,135274.31845474243
4413,281237.87520980835
4414,277963.9538497925
4415,166024.74575805664
4416,249302.0903930664
4417,282086.1181755066
4418,291886.2289047241
4419,275798.1951904297
4420,272640.9611053467
4421,278660.9079055786
4422,284052.2302055359
4423,269746.5716934204
4424,272411.9786758423
4425,277798.3910293579
4426,247952.47025680542
4427,277335.9299621582
4428,287444.31915283203
4429,229436.14471817017
4430,275144.2678413391
4431,213521.46017456055
4432,267896.00411224365
4433,269620.2795829773
4434,279482.22158432007
4435,302394.35582733154
4436,277538.68754196167
4437,253305.56687927246
4438,71403.16180419922
4439,253615.215549469
4440,270668.9981575012
4441,275388.27752685547
4442,289060.4625816345
4443,282882.6004562378
4444,284474.4394416809
4445,268138.3229446411
4446,285411.80014038086
4447,285936.88676071167
4448,280518.56702041626
4449,283808.5606765747
4450,275126.55059432983
4451,277174.0610771179
4452,275986.71532821655
4453,288251.7344741821
4454,282053.138092041
4455,280678.0154647827
4456,281583.4568977356
4457,237842.82843017578
4458,278437.5150794983
4459,285753.89628219604
4460,273339.5973815918
4461,276166.57300949097
4462,275456.33405303955
4463,272724.2570800781
4464,198642.86388397217
4465,141914.00543785095
4466,256494.7596435547
4467,283581.07765579224
4468,279779.26584243774
4469,135137.1018562317
4470,196855.18963623047
4471,288986.6336212158
4472,276930.0635070801
4473,235836.4082775116
4474,291419.8925514221
4475,277892.4984588623
4476,279657.52195739746
4477,144110.61087036133
4478,293257.3616065979
4479,188389.37007904053
4480,262178.14751815796
4481,324713.5351333618
4482,280380.581451416
4483,267672.51343917847
4484,283937.19536972046
4485,280166.66887664795
4486,151320.5325717926
4487,276222.82806777954
4488,285953.79650497437
4489,186888.69156646729
4490,267271.7429008484
4491,125316.42537879944
4492,285063.72496032715
4493,124566.20875549316
4494,281467.70652389526
4495,289358.0625
4496,296153.16928482056
4497,269755.52477264404
4498,84957.21909713745
4499,288051.8606681824
4500,284209.9433631897
4501,278423.5454483032
4502,203792.56009292603
4503,280986.4693412781
4504,274511.3395881653
4505,192065.1856689453
4506,66931.52623558044
4507,86659.90605163574
4508,290850.6718406677
4509,118342.19072723389
4510,318474.5024719238
4511,299272.9194641113
4512,275564.21851348877
4513,265200.52417755127
4514,272212.6145133972
4515,161972.11907577515
4516,269089.47454452515
4517,272020.9021682739
4518,293966.3913536072
4519,273038.0481262207
4520,233716.7215538025
4521,254524.469039917
4522,242243.0946044922
4523,257832.31632232666
4524,276597.02114868164
4525,250261.93209075928
4526,269716.3700065613
4527,202939.6614112854
4528,268174.11420059204
4529,285473.3013000488
4530,275021.5139846802
4531,131824.0201740265
4532,281201.6669960022
4533,286494.89796066284
4534,273750.65645217896
4535,327357.2043609619
4536,291252.5601463318
4537,265228.26571273804
4538,293464.4181098938
4539,239239.17176055908
4540,282010.050365448
4541,253712.9485092163
4542,286217.7153663635
4543,72472.48208999634
4544,277116.9118080139
4545,171757.034324646
4546,177188.82725524902
4547,281294.86000823975
4548,280991.3389854431
4549,123930.59804153442
4550,280292.24489212036
4551,276230.1586036682
4552,277807.8024482727
4553,269581.5404205322
4554,306589.2866821289
4555,196836.2378501892
4556,281108.34522628784
4557,280377.19217681885
4558,231307.22662734985
4559,235081.98488998413
4560,179781.80952453613
4561,272207.4892845154
4562,121252.31460952759
4563,285737.80068588257
4564,277083.8131637573
4565,217602.28394508362
4566,269659.52658462524
4567,266586.8624038696
4568,269498.4802055359
4569,280969.9803390503
4570,278949.3013763428
4571,270894.98098373413
4572,117917.03189468384
4573,275784.6424026489
4574,288113.6542854309
4575,80801.98217391968
4576,266441.1785583496
4577,288079.95179367065
4578,196843.47145080566
4579,272624.49089050293
4580,231093.51248550415
4581,281782.1391944885
4582,243285.2127456665
4583,278185.6976623535
4584,285420.1032295227
4585,116514.55200576782
4586,278703.66596984863
4587,282337.08179855347
4588,283365.7609138489
4589,282431.0989494324
4590,275616.9100532532
4591,278612.7538795471
4592,120471.0255393982
4593,238318.9426765442
4594,239911.78749465942
4595,90678.9982471466
4596,277366.6459083557
4597,288831.416595459
4598,150608.0517654419
4599,271893.6152496338
4600,244577.33255004883
4601,291768.0547981262
4602,282811.50464630127
4603,279505.7000732422
4604,230615.54318237305
4605,280791.0121231079
4606,274661.58896255493
4607,280022.881816864
4608,284124.8051223755
4609,138838.02346229553
4610,310996.6689682007
4611,149947.92017364502
4612,299164.8381347656
4613,275076.36058044434
4614,284585.58463287354
4615,287099.0478401184
4616,282443.0626220703
4617,281046.19536590576
4618,272177.2975387573
4619,287675.50438690186
4620,144314.34189605713
4621,141494.245054245
4622,252346.5703086853
4623,267731.03493499756
4624,101205.6569519043
4625,283257.1993713379
4626,277583.7473564148
4627,123216.68040084839
4628,280696.3825683594
4629,91732.29537582397
4630,278285.6938819885
4631,162978.97986984253
4632,84253.02386283875
4633,281250.9730873108
4634,293142.47552108765
4635,255727.8415374756
4636,323310.7558326721
4637,285655.6737937927
4638,291528.5230102539
4639,233008.29055595398
4640,234233.70491790771
4641,266721.3924293518
4642,247196.62464141846
4643,120581.2156829834
4644,278056.96057510376
4645,274285.68912506104
4646,273082.089263916
4647,276207.2675704956
4648,281699.70945358276
4649,274323.1669654846
4650,251900.8414993286
4651,278366.9092979431
4652,228261.56721115112
4653,278011.6714401245
4654,261286.31076049805
4655,272553.4186477661
4656,275857.8853607178
4657,290270.3439903259
4658,278875.9440574646
4659,279962.61587905884
4660,284850.88917160034
4661,295029.794090271
4662,275418.2839202881
4663,277549.47677993774
4664,307847.35107803345
4665,186950.88828659058
4666,243664.17316436768
4667,269530.0253944397
4668,272760.8436203003
4669,264238.1847267151
4670,274534.4314651489
4671,283109.4253692627
4672,277952.7443122864
4673,273052.61082458496
4674,266893.9844932556
4675,300868.2120170593
4676,272159.68825531006
4677,283532.69006729126
4678,212062.5588531494
4679,272488.30794143677
4680,278665.1289215088
4681,171275.3214187622
4682,273884.28436279297
4683,263078.9938735962
4684,269572.93716812134
4685,271472.00508117676
4686,101104.54036712646
4687,258939.93252182007
4688,275185.2204551697
4689,275001.3306083679
4690,256282.19648742676
4691,294447.04692840576
4692,290814.1256828308
4693,272207.6799316406
4694,247084.60540008545
4695,276684.9489593506
4696,205036.14389801025
4697,278274.4893760681
4698,236163.03024673462
4699,193952.93161392212
4700,273246.54387664795
4701,208804.21187591553
4702,301525.66400909424
4703,279744.9914703369
4704,296891.99394989014
4705,281181.8221549988
4706,270311.30641937256
4707,272551.90505599976
4708,273062.7340927124
4709,280889.87394714355
4710,286758.8606681824
4711,265927.121673584
4712,273402.5640144348
4713,277121.6949195862
4714,271689.44034957886
4715,280530.80253219604
4716,275506.7700691223
4717,221069.86473083496
4718,174236.32204818726
4719,221571.49723434448
4720,246333.3917541504
4721,308440.7664337158
4722,305392.16466140747
4723,279439.51390075684
4724,244924.91939926147
4725,218484.7017211914
4726,250854.4206047058
4727,260258.0008354187
4728,233125.26720046997
4729,294275.96754455566
4730,243978.54775619507
4731,274331.1723270416
4732,274635.8367996216
4733,267599.9991798401
4734,187531.11458206177
4735,282048.15715026855
4736,275313.99515914917
4737,215611.86276054382
4738,208932.12956619263
4739,271337.5070800781
4740,268253.06883621216
4741,281497.6629562378
4742,278660.0628051758
4743,276653.2523918152
4744,277077.2050895691
4745,284610.5173034668
4746,250800.7090034485
4747,201669.42891693115
4748,267125.73290634155
4749,172012.82026290894
4750,292786.54360961914
4751,248020.29487609863
4752,144558.6328125
4753,279449.687664032
4754,274409.37564468384
4755,298993.0799484253
4756,134642.43520736694
4757,269357.791305542
4758,279282.8773574829
4759,274690.1449623108
4760,274288.4668312073
4761,283081.545879364
4762,293351.36392211914
4763,290839.0542984009
4764,276217.2879638672
4765,265200.3403663635
4766,305787.8799095154
4767,285356.41301345825
4768,264259.36034965515
4769,292737.86570739746
4770,109765.95754241943
4771,266526.56534194946
4772,272187.7973098755
4773,292236.7280921936
4774,278241.41983413696
4775,266298.7903327942
4776,283686.4126663208
4777,287355.4302330017
4778,274079.6527900696
4779,279843.02032089233
4780,128284.13961029053
4781,259351.2003993988
4782,288416.43630599976
4783,272542.7480392456
4784,281691.65911102295
4785,287207.7732849121
4786,267975.80879211426
4787,284049.7042503357
4788,279956.7479324341
4789,283651.50079345703
4790,280153.02643966675
4791,282493.05910491943
4792,166316.98403549194
4793,283235.5111312866
4794,272286.1086769104
4795,279990.2463760376
4796,256072.1476020813
4797,294897.3484916687
4798,185138.97735214233
4799,216690.40561676025
4800,274529.63791275024
4801,302847.5629386902
4802,283000.743888855
4803,238507.39363479614
4804,280765.15327072144
4805,291377.9673347473
4806,176704.97190475464
4807,293847.6593170166
4808,297522.63316345215
4809,282017.97300720215
4810,274419.0333366394
4811,130150.87118530273
4812,242182.72998428345
4813,185004.78267669678
4814,285741.1367492676
4815,275240.0326766968
4816,279946.5934715271
4817,280569.2404975891
4818,277794.0421562195
4819,266671.1700286865
4820,176330.03577041626
4821,280687.8048553467
4822,279732.0275993347
4823,280567.10611724854
4824,149818.5419998169
4825,92103.58570098877
4826,264834.5190887451
4827,236856.7922706604
4828,110907.55085372925
4829,303950.3991508484
4830,283288.5789413452
4831,255728.30222320557
4832,284768.74015045166
4833,169510.81971740723
4834,191770.8227043152
4835,223374.9322166443
4836,277264.08852005005
4837,282389.97414016724
4838,290394.06254196167
4839,233827.52379226685
4840,275064.4687194824
4841,281617.446018219
4842,280931.35788345337
4843,187332.62438964844
4844,284264.11305618286
4845,284950.73544311523
4846,289618.22634124756
4847,247618.34843063354
4848,278380.5985946655
4849,293584.46058273315
4850,162439.62190246582
4851,263420.8368034363
4852,175104.3881340027
4853,288460.79764175415
4854,285167.8438644409
4855,273138.5713043213
4856,284599.8817253113
4857,285900.0720024109
4858,125437.2400856018
4859,281819.2910041809
4860,289753.11838531494
4861,115512.82514572144
4862,148785.0248298645
4863,333469.14682769775
4864,282863.1255607605
4865,284665.80852127075
4866,260611.75077819824
4867,281733.642868042
4868,280189.835773468
4869,278973.135433197
4870,278584.0362358093
4871,282087.01387786865
4872,280646.33209228516
4873,211310.60169410706
4874,288645.1183052063
4875,277946.210483551
4876,277147.027469635
4877,302244.90240859985
4878,296434.3031845093
4879,184768.92535591125
4880,247311.99716949463
4881,281454.20725631714
4882,263111.2748641968
4883,285115.33726119995
4884,282549.03915405273
4885,285080.90465164185
4886,278575.81910324097
4887,185523.89407920837
4888,291140.49089050293
4889,254612.90196228027
4890,150294.66986083984
4891,285110.73289108276
4892,279980.04920578003
4893,192736.22269058228
4894,299491.1096305847
4895,309341.8840751648
4896,275379.9078865051
4897,283413.8357696533
4898,329176.08812713623
4899,285611.4706001282
4900,285157.64683532715
4901,277587.15061187744
4902,277214.65271759033
4903,230243.2635231018
4904,285301.9056587219
4905,288166.77505493164
4906,278899.9952926636
4907,285237.002407074
4908,273206.52306747437
4909,220402.7406654358
4910,283471.4971809387
4911,283495.6187210083
4912,160042.62022781372
4913,276073.6863670349
4914,283949.77000427246
4915,278638.7165374756
4916,279420.2249069214
4917,263120.6498451233
4918,99806.44076919556
4919,307109.3118019104
4920,286408.8075942993
4921,283299.6611289978
4922,276776.16902160645
4923,252359.2945098877
4924,279101.078956604
4925,280374.4658088684
4926,278798.2786254883
4927,271557.9970932007
4928,206726.67315292358
4929,159879.28176879883
4930,120545.87420654297
4931,276681.4305038452
4932,267486.5198287964
4933,133539.60628128052
4934,317166.07709503174
4935,284330.2363548279
4936,280851.1796798706
4937,311105.85303497314
4938,272058.9586982727
4939,279246.5054016113
4940,279346.4257583618
4941,257334.45087051392
4942,286956.3053703308
4943,296902.8637084961
4944,114406.94967651367
4945,120191.33790969849
4946,279896.9509925842
4947,115173.70168304443
4948,211962.24284362793
4949,283718.6494483948
4950,282265.1231765747
4951,271122.80726242065
4952,284844.7711830139
4953,247241.85429763794
4954,219423.11987686157
4955,192273.73904037476
4956,313015.3839187622
4957,311240.0407066345
4958,292592.1994628906
4959,288125.07791519165
4960,266665.14979171753
4961,289660.670589447
4962,289248.7007141113
4963,238373.99310684204
4964,289747.8353767395
4965,305954.1990470886
4966,101211.61828613281
4967,298531.3950538635
4968,202939.04962158203
4969,284232.8017463684
4970,267204.06354904175
4971,295085.4116821289
4972,291468.24433517456
4973,289260.1127090454
4974,272935.32555770874
4975,189151.7142715454
4976,182432.90393066406
4977,272595.40322875977
4978,280579.3513183594
4979,274520.37786865234
4980,181435.53323554993
4981,288810.7693519592
4982,278703.8296585083
4983,190374.2696609497
4984,251598.57150650024
4985,280384.81547164917
4986,279089.85791778564
4987,284960.53789901733
4988,190331.37253952026
4989,282263.25413131714
4990,243740.04817199707
4991,257939.4679031372
4992,271608.9643306732
4993,253716.32400894165
4994,284797.8896331787
4995,114180.57015609741
4996,151042.34894561768
4997,150627.3535003662
4998,146046.0606842041
4999,205870.2737312317
5000,283157.01622390747
5001,254602.41690063477
5002,282745.7081565857
5003,281980.8828201294
5004,152398.26299667358
5005,284262.6898460388
5006,301664.3346633911
5007,313399.986743927
5008,114901.52437400818
5009,299491.3475456238
5010,283253.4404258728
5011,292798.60179901123
5012,274712.440120697
5013,286770.21785736084
5014,302363.92207717896
5015,300970.7787475586
5016,280737.25999069214
5017,288593.27526474
5018,309004.74880981445
5019,252412.62664031982
5020,290679.2730102539
5021,278030.8332557678
5022,285704.8404159546
5023,280667.0397644043
5024,281274.20444107056
5025,237798.87754058838
5026,253129.87801742554
5027,281038.81114578247
5028,122814.4520111084
5029,138151.94562149048
5030,299148.04835510254
5031,195549.6957511902
5032,118185.58318710327
5033,286180.1220817566
5034,104061.34352874756
5035,152093.65711975098
5036,275740.81967163086
5037,298390.73804855347
5038,291907.6725463867
5039,278667.11124420166
5040,278450.63650894165
5041,275668.0156211853
5042,274670.8449859619
5043,291240.7004337311
5044,254210.8077659607
5045,104311.82585906982
5046,280646.38806533813
5047,252603.94674682617
5048,267970.005695343
5049,291394.17878723145
5050,187274.06749725342
5051,285317.6632499695
5052,283620.0839767456
5053,283741.78049468994
5054,285595.0074119568
5055,258779.63208389282
5056,286088.40338897705
5057,72832.68925476074
5058,271275.44665527344
5059,109006.05002975464
5060,280996.9334449768
5061,279842.3926086426
5062,285479.6207962036
5063,102720.93781089783
5064,283173.53828811646
5065,278342.387260437
5066,117659.5577659607
5067,274201.9415283203
5068,268008.4421348572
5069,259149.26567077637
5070,113052.79235076904
5071,272328.6341972351
5072,300165.841960907
5073,306069.7895202637
5074,125011.24927520752
5075,302755.47440719604
5076,279075.2636604309
5077,278270.0171432495
5078,269977.8918952942
5079,283567.48386001587
5080,258481.9889907837
5081,183512.0512752533
5082,284119.8696670532
5083,177038.4238090515
5084,286889.2754096985
5085,283496.48446655273
5086,306533.85454559326
5087,273364.3374938965
5088,283476.07050323486
5089,289277.4238357544
5090,267822.95210266113
5091,285459.81256866455
5092,177447.38162231445
5093,255012.65811920166
5094,260035.38136291504
5095,286990.7272796631
5096,266208.70280075073
5097,205910.05026245117
5098,317877.10486984253
5099,267088.37132644653
5100,259821.32231521606
5101,285113.6839103699
5102,305997.86499786377
5103,284868.6007461548
5104,277296.92332458496
5105,283166.8682022095
5106,127566.84809494019
5107,278488.20264816284
5108,257973.3780822754
5109,278504.4097595215
5110,293663.1072540283
5111,153001.24062728882
5112,146410.12310028076
5113,168023.7854194641
5114,278451.8162384033
5115,274838.4843673706
5116,296532.8027000427
5117,161610.3523902893
5118,293958.8263130188
5119,305935.0819206238
5120,251712.7081375122
5121,228165.2360572815
5122,160433.82012557983
5123,178214.6256828308
5124,309779.02855300903
5125,282461.2535972595
5126,247916.14422988892
5127,292495.11336517334
5128,282607.21856689453
5129,251443.17240524292
5130,286920.7557258606
5131,280263.38583374023
5132,250247.79473114014
5133,272123.75046920776
5134,283668.8393096924
5135,280508.22969055176
5136,169427.7475090027
5137,269428.707901001
5138,247724.03943634033
5139,284747.4419555664
5140,244813.20028305054
5141,281347.78203964233
5142,156008.3961868286
5143,275971.07543182373
5144,272454.59659194946
5145,272460.1381340027
5146,218019.5795135498
5147,272186.0418777466
5148,285647.3005256653
5149,109376.576171875
5150,95014.06472015381
5151,129439.79820632935
5152,294195.1058921814
5153,111446.14540672302
5154,286192.34212112427
5155,316761.7500152588
5156,172886.3157711029
5157,277964.32761001587
5158,327190.86923217773
5159,275256.90574264526
5160,121519.54112625122
5161,260693.63492584229
5162,260663.04514694214
5163,269912.6578865051
5164,232793.63636398315
5165,276765.2504310608
5166,279880.12522506714
5167,277399.1888771057
5168,286226.5372810364
5169,291341.8711280823
5170,110923.20267486572
5171,196415.1711845398
5172,123080.41067886353
5173,185995.81002426147
5174,277892.1421813965
5175,261329.95617294312
5176,134229.37147140503
5177,181812.22753334045
5178,281979.21058273315
5179,259795.39670944214
5180,269393.8455924988
5181,310939.8486175537
5182,139708.6044921875
5183,266511.5636367798
5184,216871.49439620972
5185,275058.5677833557
5186,277334.4807701111
5187,272647.84632873535
5188,275563.35430526733
5189,251951.90897750854
5190,274613.2503967285
5191,287502.162071228
5192,120613.1228981018
5193,282132.7635383606
5194,275810.8462333679
5195,294348.53677749634
5196,275784.89627075195
5197,285298.4596443176
5198,282294.08988571167
5199,146655.3568496704
5200,275755.8967971802
5201,136399.05207443237
5202,242850.16732788086
5203,305378.49878692627
5204,277633.9865875244
5205,132211.25480651855
5206,150068.15673446655
5207,279872.08936309814
5208,292061.08419036865
5209,274986.70930862427
5210,202278.41006851196
5211,273656.1851501465
5212,222736.76308441162
5213,117190.4958229065
5214,267898.7689666748
5215,304608.5694389343
5216,174851.13416671753
5217,279084.38508987427
5218,288886.7554740906
5219,278631.3510360718
5220,118737.68451309204
5221,276015.3847923279
5222,187571.13555145264
5223,254065.91443634033
5224,280426.54956817627
5225,291048.7727203369
5226,266923.80797195435
5227,286564.790763855
5228,278588.28743743896
5229,284351.2266616821
5230,127943.65602684021
5231,282128.6633682251
5232,286179.65827178955
5233,283291.47108078003
5234,302794.5690536499
5235,209237.77759742737
5236,175516.460811615
5237,99564.47872924805
5238,278018.211517334
5239,284880.4942932129
5240,284237.5498085022
5241,222143.42923736572
5242,274623.5407028198
5243,274497.47731781006
5244,279154.90853500366
5245,285362.63388061523
5246,242223.6097984314
5247,276368.316696167
5248,216530.5790348053
5249,94983.25225448608
5250,233722.1629295349
5251,280703.9713630676
5252,263319.25690078735
5253,280305.2398529053
5254,205287.22101593018
5255,230264.7603263855
5256,275217.6457977295
5257,111681.17887687683
5258,259092.8599357605
5259,288128.155002594
5260,278751.0342178345
5261,290133.6873664856
5262,277416.1863670349
5263,145569.08659744263
5264,295861.7097930908
5265,322050.1558609009
5266,268650.6681022644
5267,285075.85500717163
5268,273090.8686828613
5269,281736.5595855713
5270,282167.4001464844
5271,95388.85149765015
5272,275208.2907752991
5273,278571.87142944336
5274,286092.2569465637
5275,269539.22636032104
5276,281041.70628738403
5277,265396.0223464966
5278,276513.88611602783
5279,227429.31587600708
5280,266493.29554748535
5281,273683.25510406494
5282,269999.89501190186
5283,282209.0865135193
5284,281610.66080856323
5285,186241.19235610962
5286,327175.8827056885
5287,125827.5001487732
5288,280997.81312179565
5289,285513.7825126648
5290,291990.8191680908
5291,280506.6070098877
5292,135338.28624725342
5293,241527.29250717163
5294,289183.57305908203
5295,253328.04749298096
5296,156459.88331985474
5297,234415.25162887573
5298,288010.1279182434
5299,281836.95153427124
5300,182923.06368255615
5301,281558.1340522766
5302,292746.9495277405
5303,295410.5400466919
5304,281057.8457107544
5305,290232.7088165283
5306,199748.74465942383
5307,271994.44289779663
5308,276490.42097473145
5309,265432.5994949341
5310,268260.9998817444
5311,278638.56100845337
5312,250865.1520614624
5313,191012.285572052
5314,287742.04864501953
5315,284882.49158477783
5316,287435.4514503479
5317,231480.44245910645
5318,214987.59837150574
5319,294096.7431373596
5320,277418.07764434814
5321,311659.13233566284
5322,290421.31660079956
5323,294724.72578048706
5324,268780.28216552734
5325,302796.87159347534
5326,259427.93704223633
5327,278299.1948738098
5328,266200.4245262146
5329,277949.4710121155
5330,263650.7194709778
5331,294302.83491897583
5332,307316.84440612793
5333,70590.66821670532
5334,140538.0482711792
5335,282416.7505760193
5336,284089.3514060974
5337,218533.53197479248
5338,284246.52267837524
5339,284564.0940322876
5340,276439.97102737427
5341,282558.2280883789
5342,235502.17168426514
5343,281044.623588562
5344,282736.3419342041
5345,239156.3514728546
5346,289418.6145477295
5347,282332.88593673706
5348,276663.65269088745
5349,268722.05213165283
5350,278354.99214172363
5351,285815.8040161133
5352,98580.08164596558
5353,279581.8476409912
5354,303035.8333892822
5355,279871.3433456421
5356,239181.8103942871
5357,279174.25886535645
5358,222177.72607803345
5359,287939.92013549805
5360,276287.14067459106
5361,307313.72679519653
5362,283135.99755859375
5363,278576.20736694336
5364,271159.60666656494
5365,83855.80546188354
5366,285609.3339996338
5367,204773.3392677307
5368,248042.9007949829
5369,183897.2770767212
5370,150152.84943389893
5371,253619.9285774231
5372,242267.52090072632
5373,283847.22992515564
5374,280215.0940361023
5375,286208.5348434448
5376,274723.3672943115
5377,290804.4612503052
5378,280941.47261428833
5379,289550.3534812927
5380,291264.2713432312
5381,300336.50313568115
5382,277061.0768737793
5383,292674.87550735474
5384,270211.615524292
5385,173969.31525421143
5386,133816.17387008667
5387,255112.68807792664
5388,291507.20989990234
5389,136202.62259674072
5390,276812.6445007324
5391,294783.7696685791
5392,258673.30318450928
5393,264655.7833404541
5394,282978.7975730896
5395,266082.8735847473
5396,278180.24742889404
5397,220537.45644378662
5398,285098.6624069214
5399,281238.1050262451
5400,243507.83013534546
5401,288295.1272544861
5402,283171.10332489014
5403,284481.52906417847
5404,281049.22830581665
5405,290927.5385055542
5406,63297.13499832153
5407,281444.453414917
5408,268711.6908569336
5409,270852.3848724365
5410,287442.0837249756
5411,286259.47646713257
5412,272326.2535057068
5413,279583.53954315186
5414,278086.5245246887
5415,289842.05111312866
5416,264279.2300758362
5417,269285.40423583984
5418,270477.2365875244
5419,285431.20208358765
5420,292400.18857192993
5421,289326.21477127075
5422,283828.17696380615
5423,146759.02432632446
5424,288410.9768104553
5425,312418.09798049927
5426,152539.95515441895
5427,110963.7513961792
5428,133810.19081878662
5429,81641.25932693481
5430,278840.416053772
5431,305669.3931732178
5432,270046.5252914429
5433,193571.64473724365
5434,195648.66549682617
5435,277762.1492843628
5436,244879.65810012817
5437,236549.85670089722
5438,161492.86408996582
5439,276835.2487335205
5440,283522.2755622864
5441,220954.70646095276
5442,279200.16969680786
5443,166048.43588256836
5444,190801.09029006958
5445,282292.6279335022
5446,313167.87172317505
5447,101975.6090927124
5448,288482.65964508057
5449,212111.2122440338
5450,238111.19943618774
5451,173122.71400642395
5452,269868.4437522888
5453,236926.27655220032
5454,296891.9278564453
5455,277845.04792404175
5456,306947.6315765381
5457,287741.637588501
5458,251231.52131652832
5459,272286.06338500977
5460,272798.59368133545
5461,288949.833026886
5462,329088.8094139099
5463,288804.6194458008
5464,137202.4224433899
5465,155836.47637176514
5466,279097.2594718933
5467,171382.6483745575
5468,331422.76343917847
5469,268776.44441986084
5470,124659.5304107666
5471,278700.4520378113
5472,289823.6689758301
5473,259621.69664001465
5474,283375.5939292908
5475,269099.1487083435
5476,234583.14804458618
5477,299211.425201416
5478,272188.3002243042
5479,278452.1527442932
5480,302488.91021728516
5481,278527.0633239746
5482,275589.928730011
5483,277922.86598587036
5484,293144.86854171753
5485,273266.8915977478
5486,262278.4885406494
5487,290556.1619987488
5488,283774.0828590393
5489,281602.2173881531
5490,273767.40045547485
5491,218930.82966041565
5492,280020.4584579468
5493,202008.14529418945
5494,283471.76610183716
5495,280031.0009765625
5496,280914.74939727783
5497,278838.0769958496
5498,290131.2888832092
5499,283700.9671859741
5500,295864.438457489
5501,277177.9955062866
5502,291765.0347137451
5503,279525.1676940918
5504,140613.8694038391
5505,282768.22719192505
5506,245062.77324295044
5507,296353.90411376953
5508,184622.62198257446
5509,230812.11507987976
5510,280650.0033493042
5511,285958.224029541
5512,123239.05057907104
5513,285403.90182876587
5514,301532.4564781189
5515,277834.1509361267
5516,279105.38793182373
5517,281284.8289260864
5518,280664.01473236084
5519,270360.5520439148
5520,293761.46939468384
5521,279786.87336730957
5522,242278.33694458008
5523,236104.14303588867
5524,295491.30157089233
5525,317019.4471054077
5526,284168.9630470276
5527,277303.0016441345
5528,237643.65549087524
5529,122868.68733978271
5530,242403.57446670532
5531,283242.16331481934
5532,284421.82319259644
5533,246849.30755615234
5534,278464.73569488525
5535,270431.3589706421
5536,210581.1915512085
5537,277678.1418418884
5538,285823.6772880554
5539,304987.3949356079
5540,278856.4775466919
5541,277159.6267127991
5542,273947.3716621399
5543,284554.8441810608
5544,281565.1745300293
5545,277182.0181312561
5546,313602.88527679443
5547,292494.6261062622
5548,294615.5280380249
5549,300994.9129219055
5550,280992.6413612366
5551,343748.3659210205
5552,283356.4928703308
5553,274671.1384315491
5554,281044.9666938782
5555,277587.20612335205
5556,275759.1053581238
5557,283162.45014953613
5558,245278.83744430542
5559,156945.99476242065
5560,282913.51622772217
5561,280723.41614151
5562,278066.9418487549
5563,284264.9399909973
5564,292225.1675453186
5565,251169.6358680725
5566,279152.00328826904
5567,162054.48432540894
5568,271603.9807434082
5569,281246.52951049805
5570,278656.2870941162
5571,277167.1555480957
5572,278045.4627799988
5573,106758.36990356445
5574,288149.1156654358
5575,275477.92345428467
5576,278947.6185455322
5577,276302.73722076416
5578,289724.8757247925
5579,300127.72312927246
5580,333412.80055236816
5581,230050.35034942627
5582,138949.1848526001
5583,250209.6093597412
5584,276302.6564941406
5585,184182.84046554565
5586,274141.6716308594
5587,277021.1727218628
5588,276099.7483177185
5589,256710.0636100769
5590,143582.10316848755
5591,273222.11151885986
5592,297389.8584136963
5593,273787.2019691467
5594,279408.0434188843
5595,289802.9762954712
5596,134208.0940361023
5597,275562.38525772095
5598,161744.2050666809
5599,138756.10411071777
5600,270876.8618469238
5601,271184.25958251953
5602,272106.8367385864
5603,301005.1532974243
5604,279913.92363357544
5605,273642.39963150024
5606,280830.06885910034
5607,274139.7344818115
5608,274565.3685874939
5609,275428.14112091064
5610,278479.63843917847
5611,273758.1242790222
5612,277633.592086792
5613,273716.1685638428
5614,275521.6618385315
5615,277827.79484176636
5616,269510.4092178345
5617,299410.772857666
5618,281225.7210044861
5619,276732.15941238403
5620,276292.75843811035
5621,273828.78203964233
5622,275251.9528656006
5623,148740.29826545715
5624,289266.8736381531
5625,272412.6313171387
5626,277388.03326797485
5627,277629.18002319336
5628,134753.85404777527
5629,278346.87718963623
5630,295677.08407592773
5631,273480.2578163147
5632,278791.5506439209
5633,144085.48833465576
5634,281392.11016082764
5635,236146.21831321716
5636,274300.0314941406
5637,272181.6594734192
5638,274148.8102302551
5639,288055.98749923706
5640,278304.2310638428
5641,284214.5797729492
5642,273814.7760887146
5643,264711.29555892944
5644,274754.30515670776
5645,244235.6385192871
5646,274045.7779121399
5647,166344.0270137787
5648,271915.9586830139
5649,278052.61612319946
5650,183752.28382492065
5651,278128.34659194946
5652,273638.2177581787
5653,282579.3668022156
5654,204913.51763534546
5655,285195.8576698303
5656,283376.76305770874
5657,285013.1772994995
5658,278584.4726257324
5659,277624.8085632324
5660,323644.2663383484
5661,270303.3817977905
5662,269086.4504547119
5663,279379.91982650757
5664,298512.23376464844
5665,275065.20597839355
5666,277117.4199295044
5667,263487.32038879395
5668,271739.849609375
5669,205515.33060836792
5670,281186.9188461304
5671,253547.68732070923
5672,292739.79918670654
5673,295826.9271659851
5674,217762.7423439026
5675,330774.7827682495
5676,306942.77604675293
5677,284114.95014190674
5678,263281.5527381897
5679,338031.79845046997
5680,131608.1600265503
5681,225217.5401687622
5682,245443.5705757141
5683,140489.02449417114
5684,283008.61543273926
5685,276371.5079345703
5686,312835.4680862427
5687,315524.8215522766
5688,315562.90780067444
5689,147844.82556533813
5690,275969.81953430176
5691,140566.00694656372
5692,340838.69094467163
5693,217082.07651138306
5694,278696.1482620239
5695,276809.1845397949
5696,279838.0405693054
5697,211923.47456550598
5698,290305.97911453247
5699,169258.6064529419
5700,129115.4674243927
5701,232091.55150222778
5702,288836.65142822266
5703,334114.7110443115
5704,306270.6265296936
5705,291744.46129608154
5706,269086.10108947754
5707,220963.97073554993
5708,269459.91651916504
5709,294455.7756958008
5710,288273.424949646
5711,165388.95642089844
5712,281151.7279396057
5713,280447.6024208069
5714,283424.2914543152
5715,291257.2756690979
5716,285384.9915084839
5717,286494.25102233887
5718,303039.033454895
5719,272345.3290786743
5720,278406.05766296387
5721,337297.18854904175
5722,288835.5459022522
5723,319328.15479278564
5724,282897.56298446655
5725,305540.32180404663
5726,235679.40644454956
5727,267882.85425567627
5728,280819.3907737732
5729,263848.4223175049
5730,341658.85008239746
5731,264648.09728240967
5732,306245.33405685425
5733,331573.17766952515
5734,254649.86417388916
5735,294030.95293426514
5736,285460.9669113159
5737,274683.6532096863
5738,280426.3539390564
5739,251848.86204910278
5740,290140.49810791016
5741,315289.3046913147
5742,276523.5172920227
5743,340277.02893829346
5744,263384.6015777588
5745,295212.5909461975
5746,186883.3520526886
5747,320855.72758865356
5748,191476.85526657104
5749,164233.98705673218
5750,321107.6126937866
5751,284232.65787506104
5752,219583.33564567566
5753,277140.05669403076
5754,287141.6312408447
5755,325170.49294662476
5756,281105.17959594727
5757,283466.4097747803
5758,266358.03830718994
5759,278435.7367324829
5760,344027.9265174866
5761,255460.92010498047
5762,157053.99784469604
5763,95491.68590927124
5764,327386.19678878784
5765,306430.44174957275
5766,277527.54219818115
5767,289957.3765182495
5768,288439.1167984009
5769,273664.20154571533
5770,223830.50276184082
5771,280368.18784713745
5772,272636.4197845459
5773,320468.4778289795
5774,317343.2179527283
5775,262281.3243370056
5776,282311.6763420105
5777,269341.53659439087
5778,316881.6336326599
5779,260420.26207733154
5780,285135.4516220093
5781,287280.7785758972
5782,273608.1152610779
5783,257723.27377319336
5784,272622.9680557251
5785,275154.9766731262
5786,276739.38090515137
5787,311343.78830718994
5788,278493.8705101013
5789,276092.3584022522
5790,291122.3459625244
5791,288466.21641921997
5792,294322.3197441101
5793,171500.14403533936
5794,247689.4694328308
5795,253533.38431549072
5796,174574.43588638306
5797,304540.71436309814
5798,285019.8353691101
5799,320289.9708213806
5800,274546.82050323486
5801,286928.2088050842
5802,308393.44400024414
5803,242875.91594314575
5804,284593.70221328735
5805,267933.88108062744
5806,277675.9221496582
5807,279580.8570213318
5808,280838.5109214783
5809,287482.5853614807
5810,290058.97006988525
5811,260672.71099472046
5812,257722.8120918274
5813,236546.5331916809
5814,287883.0146102905
5815,310902.8145599365
5816,293903.91061782837
5817,299530.07859802246
5818,309894.3907661438
5819,310960.03328704834
5820,297924.7783241272
5821,284884.40198135376
5822,174298.41917037964
5823,299297.35273361206
5824,286126.8380584717
5825,239863.07694244385
5826,179522.51377105713
5827,281990.03050994873
5828,321755.09799575806
5829,277217.12197494507
5830,263192.71337509155
5831,170935.20520591736
5832,324256.4697418213
5833,221343.7003173828
5834,282269.6322212219
5835,281059.260887146
5836,134072.09575653076
5837,158055.7879600525
5838,285224.53408432007
5839,289871.1378097534
5840,278175.44914627075
5841,296587.51278305054
5842,291279.6861343384
5843,314037.9196662903
5844,290490.6276779175
5845,252135.77067947388
5846,284202.8329963684
5847,279483.03971862793
5848,301438.7372932434
5849,312580.74130249023
5850,291866.65550231934
5851,282064.4958267212
5852,136118.28255081177
5853,261890.77418518066
5854,243308.53384399414
5855,289561.0467224121
5856,323707.86489868164
5857,269800.439491272
5858,159618.56866455078
5859,175896.51264953613
5860,169787.50580215454
5861,271033.99655914307
5862,288432.59201812744
5863,272384.03662490845
5864,335035.0277938843
5865,275637.10821151733
5866,290064.56632614136
5867,282920.4760360718
5868,290738.21461105347
5869,333556.6128959656
5870,277492.7357978821
5871,287294.73836517334
5872,274685.63302993774
5873,286036.7417831421
5874,290490.84201812744
5875,274804.0447845459
5876,275299.5296783447
5877,303473.9556274414
5878,282049.86975097656
5879,264981.2570075989
5880,287178.3020248413
5881,289727.8886756897
5882,290780.33114242554
5883,271210.3745689392
5884,258977.66645812988
5885,270843.85845184326
5886,316434.0319442749
5887,287872.0725746155
5888,304740.9534301758
5889,129131.01396560669
5890,265934.9367980957
5891,312127.49754714966
5892,286137.22787094116
5893,300552.5301094055
5894,273597.111579895
5895,286317.46769714355
5896,309089.7462310791
5897,262189.8903541565
5898,224662.62382125854
5899,262300.48598861694
5900,260186.58515930176
5901,257837.7048149109
5902,328695.7539215088
5903,334396.3705711365
5904,132601.0429801941
5905,125624.41854858398
5906,230227.44201278687
5907,286336.97131729126
5908,266564.0289154053
5909,236314.34607696533
5910,273186.7083206177
5911,300397.4989128113
5912,271929.43494033813
5913,314196.19609451294
5914,168558.4850692749
5915,249277.64125061035
5916,172046.79568481445
5917,306024.54596328735
5918,174447.24601364136
5919,313279.1138153076
5920,266188.7498626709
5921,192500.7762413025
5922,293907.82455062866
5923,283550.21548843384
5924,293584.37689590454
5925,260543.79071044922
5926,271795.19089126587
5927,304612.753238678
5928,271415.913646698
5929,283786.043258667
5930,167043.0422859192
5931,240535.48239898682
5932,277124.58433151245
5933,319629.85705947876
5934,279891.30826187134
5935,274003.9965019226
5936,265600.3553352356
5937,284164.4541015625
5938,273210.2827568054
5939,290192.85791778564
5940,282953.31259155273
5941,277813.7489967346
5942,270856.35945892334
5943,217083.0081062317
5944,293976.2017059326
5945,273228.03339385986
5946,266433.87087631226
5947,296399.77645874023
5948,286059.75133132935
5949,286655.3056564331
5950,276494.62186431885
5951,308062.0662841797
5952,170956.97326278687
5953,163738.70357894897
5954,279897.7749824524
5955,272994.76513671875
5956,287821.93907546997
5957,331566.15536117554
5958,314820.0655555725
5959,164984.84302902222
5960,225808.973487854
5961,290489.21405410767
5962,301311.82625198364
5963,251802.946269989
5964,257861.80075073242
5965,269070.97650909424
5966,295703.782245636
5967,292076.6654891968
5968,284485.32332611084
5969,160002.7321243286
5970,346193.33184432983
5971,294783.7707977295
5972,293858.0799026489
5973,259149.75984954834
5974,292923.4828414917
5975,162784.49927520752
5976,135434.6909790039
5977,295551.4722061157
5978,299973.09817123413
5979,294430.77226257324
5980,279777.71088409424
5981,305618.3052330017
5982,343412.62127685547
5983,251377.95846176147
5984,276965.1414527893
5985,301854.34167099
5986,223290.4804134369
5987,317471.25940322876
5988,266196.37284851074
5989,283501.48140335083
5990,282017.1020011902
5991,337219.63916778564
5992,284698.1928215027
5993,274483.496925354
5994,264208.8270187378
5995,156909.4096069336
5996,277696.3343963623
5997,283510.2499694824
5998,286826.99446487427
5999,282824.8373069763
6000,287059.78175354004
6001,285469.61431121826
6002,287039.88233947754
6003,274406.21619033813
6004,267092.61518478394
6005,263572.5665855408
6006,281571.09130859375
6007,259611.67473220825
6008,285509.7949028015
6009,302809.5608177185
6010,267490.74211120605
6011,315098.7124481201
6012,325338.5490760803
6013,297769.4997138977
6014,281760.8439903259
6015,288654.78813552856
6016,311273.8829498291
6017,291095.13425445557
6018,271499.83697891235
6019,294982.1458892822
6020,307201.1079521179
6021,278835.1466369629
6022,305194.64434051514
6023,173070.4990272522
6024,167691.8834915161
6025,283790.3225440979
6026,289638.4398803711
6027,268400.0302658081
6028,272568.20443725586
6029,282698.2107658386
6030,299986.5147514343
6031,275098.86822891235
6032,309842.64140701294
6033,269618.3026123047
6034,266243.07301330566
6035,258682.04931640625
6036,277518.7809829712
6037,290479.18088150024
6038,290921.24781799316
6039,288315.298122406
6040,316942.9075317383
6041,283751.1991882324
6042,281468.31899261475
6043,295625.14739227295
6044,304750.2583847046
6045,307041.1876373291
6046,324166.9669113159
6047,272220.783657074
6048,292366.7286567688
6049,246620.47672462463
6050,287316.80265426636
6051,281949.79171180725
6052,310340.963596344
6053,220747.6319656372
6054,136798.69301605225
6055,99191.09170532227
6056,275027.9262313843
6057,288680.351272583
6058,297088.2995376587
6059,284678.09463882446
6060,293413.11350631714
6061,286203.11934661865
6062,346157.5531768799
6063,266815.3596382141
6064,234777.00960540771
6065,282359.2109680176
6066,339652.4715080261
6067,347985.54245376587
6068,297518.90031051636
6069,292783.6487503052
6070,287621.41010665894
6071,318838.9397621155
6072,272767.1842651367
6073,300351.76766967773
6074,288273.08168792725
6075,345107.88151550293
6076,306183.32203674316
6077,157260.7034225464
6078,311403.07826805115
6079,314738.3336982727
6080,313106.45217704773
6081,282913.3681716919
6082,331812.02813720703
6083,329527.6114692688
6084,332579.7798805237
6085,315814.8489303589
6086,331742.3334617615
6087,301968.0334434509
6088,284982.9567489624
6089,306762.5612449646
6090,186424.91941452026
6091,285749.73570251465
6092,265056.69188308716
6093,279345.6430358887
6094,348359.7364463806
6095,289570.42042160034
6096,344307.12896347046
6097,267320.46196365356
6098,251978.48948287964
6099,273128.6359825134
6100,337537.212020874
6101,290820.4908294678
6102,217901.8830947876
6103,171731.45691680908
6104,279844.4298286438
6105,90891.2790145874
6106,160719.96292495728
6107,271721.33056259155
6108,251210.98863220215
6109,280251.65380477905
6110,165803.54539108276
6111,229142.57846832275
6112,188755.9496421814
6113,91417.52759170532
6114,270666.1910057068
6115,335889.88597488403
6116,196380.10609436035
6117,303401.52474594116
6118,244953.64037704468
6119,212802.88510513306
6120,149623.05638504028
6121,299359.60190582275
6122,280666.07191467285
6123,256259.01049804688
6124,273141.79151535034
6125,276850.6519165039
6126,270040.7395401001
6127,263064.8190956116
6128,313629.28254699707
6129,248962.08840179443
6130,229691.83139801025
6131,311007.2615890503
6132,303174.30839538574
6133,284225.78229904175
6134,213049.00415802002
6135,251331.22728347778
6136,289547.12995910645
6137,304617.1131019592
6138,332354.237865448
6139,285406.2297706604
6140,278089.1584625244
6141,272722.67163848877
6142,298512.4917831421
6143,317137.66400527954
6144,324503.1866798401
6145,305327.9996986389
6146,313468.3777656555
6147,285129.2000961304
6148,290981.73851394653
6149,289628.0987510681
6150,273478.05850982666
6151,291025.1531829834
6152,252660.05254745483
6153,302164.28702163696
6154,337177.6693992615
6155,286813.1313018799
6156,243689.2845840454
6157,291440.94135284424
6158,346085.37535476685
6159,282647.33277511597
6160,292154.1003341675
6161,250298.7562713623
6162,172523.44570159912
6163,286974.3031921387
6164,278750.701210022
6165,290503.54333496094
6166,323808.18533325195
6167,179066.3458595276
6168,248002.1190109253
6169,338048.6796913147
6170,325259.0833969116
6171,289666.3519706726
6172,282979.9441642761
6173,290997.5961303711
6174,292036.0096092224
6175,294763.327293396
6176,206946.28894805908
6177,202856.09231567383
6178,288291.5032043457
6179,342576.40522766113
6180,294152.15409469604
6181,284554.8221206665
6182,345077.30126953125
6183,195938.55542373657
6184,145312.34629821777
6185,258894.34523010254
6186,295378.8916358948
6187,311029.82026672363
6188,260563.62116241455
6189,291749.2716560364
6190,229812.4941596985
6191,307840.0708732605
6192,299078.5095939636
6193,284474.6184425354
6194,233064.1209526062
6195,285893.3093109131
6196,276472.8148422241
6197,309765.65616607666
6198,212348.1778831482
6199,274293.6594619751
6200,316621.71017837524
6201,291942.59604263306
6202,232914.31538772583
6203,268533.8055458069
6204,347100.9520492554
6205,343924.3568534851
6206,279684.6170387268
6207,337426.2978515625
6208,283677.87937545776
6209,281654.7042312622
6210,297760.1800765991
6211,296211.87478256226
6212,187490.8974685669
6213,285832.1471672058
6214,289770.3480453491
6215,342095.3467903137
6216,309987.099357605
6217,351030.55363464355
6218,279716.91537475586
6219,306740.52074432373
6220,329791.1028289795
6221,288902.1392669678
6222,279313.5012321472
6223,182754.14318466187
6224,344814.35636520386
6225,336811.93103027344
6226,336159.6608734131
6227,280450.1608505249
6228,327546.77618408203
6229,217571.35383987427
6230,243888.4921875
6231,297139.2435569763
6232,304555.4501686096
6233,161616.8302307129
6234,336417.7755126953
6235,129267.6376876831
6236,307572.97538757324
6237,335792.4486618042
6238,121983.67077636719
6239,217591.4744758606
6240,324737.39825439453
6241,332239.0679473877
6242,348445.2510108948
6243,302116.29385757446
6244,313284.26989364624
6245,314010.2056503296
6246,334157.2028121948
6247,287967.23194503784
6248,323794.05168151855
6249,300241.4469604492
6250,315236.82231521606
6251,171892.0328426361
6252,128651.75057601929
6253,304007.44206237793
6254,102010.78192901611
6255,272144.0700492859
6256,84167.34401512146
6257,334754.7527580261
6258,95197.59209823608
6259,247804.10111618042
6260,264377.151260376
6261,288057.39418792725
6262,302750.4726600647
6263,293194.7381248474
6264,110904.62830352783
6265,264506.80350494385
6266,266527.52629852295
6267,275490.3229675293
6268,122559.5652999878
6269,293609.46200942993
6270,212903.37044525146
6271,267878.46533966064
6272,271353.28565979004
6273,298872.0665855408
6274,311304.32415771484
6275,313186.3626213074
6276,280050.24925994873
6277,274406.41398620605
6278,213665.3214149475
6279,315322.50622177124
6280,285694.6044769287
6281,272892.2779006958
6282,288616.08644104004
6283,315757.4787864685
6284,261608.7491760254
6285,313323.52630996704
6286,291511.41106796265
6287,237585.25073623657
6288,311636.45990371704
6289,297334.67168807983
6290,261043.84229278564
6291,295421.6921272278
6292,323434.66495895386
6293,103656.93320465088
6294,277129.3578529358
6295,303249.4344177246
6296,303149.56494140625
6297,347601.80447006226
6298,295012.26065826416
6299,304785.12911605835
6300,348372.277179718
6301,253610.02528381348
6302,280436.4821395874
6303,299591.71828460693
6304,277571.1090927124
6305,179441.68905067444
6306,278964.5310745239
6307,235294.6798248291
6308,276854.1760559082
6309,287925.2160606384
6310,294085.79497909546
6311,342824.9738807678
6312,336598.1583442688
6313,280549.6385345459
6314,272250.25859451294
6315,270270.3949432373
6316,90494.40477371216
6317,275772.93448638916
6318,270293.822303772
6319,187308.62254333496
6320,277841.3345336914
6321,230568.6653327942
6322,298679.3042831421
6323,280898.9423980713
6324,108013.30982589722
6325,306351.2962913513
6326,252070.81701278687
6327,285982.3515472412
6328,327226.6037864685
6329,281461.04845046997
6330,124160.88317298889
6331,291376.1183357239
6332,277689.4917488098
6333,315200.5568008423
6334,278609.4241104126
6335,182255.94518852234
6336,293313.92475509644
6337,278806.8470993042
6338,220945.97828674316
6339,57551.0546169281
6340,286894.7042694092
6341,276154.43913269043
6342,276896.07358169556
6343,334803.37550354004
6344,294975.4807434082
6345,309459.68517303467
6346,298241.4369544983
6347,285235.86224365234
6348,245719.8619480133
6349,283660.3628387451
6350,261944.81954193115
6351,298060.3997268677
6352,292720.13681030273
6353,248614.77127075195
6354,275736.3064918518
6355,224636.59480285645
6356,189449.0342578888
6357,269427.9037017822
6358,285931.30375289917
6359,282590.51122283936
6360,284971.76596832275
6361,226350.2917289734
6362,303712.50608444214
6363,266739.1241607666
6364,236668.4581298828
6365,280482.8411140442
6366,338867.8170852661
6367,279477.39724349976
6368,306843.65351867676
6369,287171.8616409302
6370,321687.59913635254
6371,281395.4062347412
6372,338709.2650566101
6373,303463.4068260193
6374,305799.4109649658
6375,333316.6831970215
6376,278206.156703949
6377,280739.9195289612
6378,278728.4437599182
6379,313875.63480758667
6380,297503.4804916382
6381,273018.9136390686
6382,278255.9799118042
6383,285849.5228919983
6384,280220.8799819946
6385,340227.2204475403
6386,106487.56470870972
6387,308019.84313964844
6388,277633.6439971924
6389,280304.48695755005
6390,321146.50379371643
6391,281572.40699768066
6392,279475.63272476196
6393,293053.07987976074
6394,296517.10691833496
6395,301784.6180648804
6396,322142.95112228394
6397,278608.1775856018
6398,266851.51637268066
6399,254582.49397468567
6400,274627.8232688904
6401,315252.381149292
6402,276525.20098876953
6403,353817.2003631592
6404,281630.3665046692
6405,310438.8795337677
6406,232065.55325317383
6407,295931.2893600464
6408,303873.62281036377
6409,292568.341381073
6410,280636.03886413574
6411,290037.59783935547
6412,314848.90380096436
6413,295055.3918647766
6414,283626.01097869873
6415,267525.7437477112
6416,292309.6540260315
6417,127954.82936859131
6418,275331.22916793823
6419,334022.5787963867
6420,239334.69305419922
6421,293197.9962425232
6422,323732.159576416
6423,281547.92950439453
6424,312403.5192718506
6425,243000.3325996399
6426,283994.0444946289
6427,236718.85308265686
6428,272709.4367656708
6429,125117.97570800781
6430,232313.49535369873
6431,306940.69440460205
6432,251524.1563987732
6433,282341.0070114136
6434,269817.5954627991
6435,291518.84255981445
6436,282561.8781738281
6437,323011.1059036255
6438,282353.2503089905
6439,327103.44774246216
6440,307140.74531936646
6441,113726.5298576355
6442,288906.29753112793
6443,139020.74475097656
6444,352884.97847366333
6445,264712.3449020386
6446,367029.0747795105
6447,321117.5477523804
6448,281296.4159927368
6449,233517.10385513306
6450,232407.62678909302
6451,265573.0097351074
6452,220471.50022125244
6453,331844.06575775146
6454,292057.2996292114
6455,220162.47109985352
6456,189188.75987815857
6457,343782.16345214844
6458,278834.2745513916
6459,278887.86378097534
6460,300954.13301086426
6461,287796.32709503174
6462,330727.52506256104
6463,278418.4024467468
6464,275096.6912956238
6465,291312.82273864746
6466,283115.5893058777
6467,276110.97522735596
6468,266517.4039955139
6469,270687.74036026
6470,153679.1771812439
6471,279780.3752479553
6472,208076.329788208
6473,289800.2095069885
6474,278406.9700202942
6475,271385.9202079773
6476,267347.0329093933
6477,279841.39661026
6478,275534.96381378174
6479,278325.04944229126
6480,250983.55445480347
6481,283717.5479698181
6482,342136.02613067627
6483,216573.49698638916
6484,278997.2423477173
6485,330297.84423446655
6486,163992.19618225098
6487,276997.6856460571
6488,316884.1884651184
6489,278648.16605758667
6490,282144.93057632446
6491,270484.1168861389
6492,287822.9535484314
6493,276216.17990875244
6494,262749.0055923462
6495,320614.5471458435
6496,294099.48513031006
6497,279922.3480377197
6498,293045.61085891724
6499,312570.6760597229
6500,281351.37059020996
6501,303165.32890319824
6502,337631.8440361023
6503,318875.6897468567
6504,265768.2657814026
6505,309232.11503982544
6506,295721.166469574
6507,307361.13732910156
6508,295605.39796829224
6509,292949.827167511
6510,271912.73012161255
6511,331470.26165390015
6512,271247.88484954834
6513,337387.06702041626
6514,273618.73139572144
6515,346879.0118255615
6516,346190.8815612793
6517,303565.4656639099
6518,276567.27027130127
6519,282560.2304611206
6520,316449.2720756531
6521,270736.0284538269
6522,349198.1265220642
6523,321676.1778373718
6524,280427.65674591064
6525,281868.2183456421
6526,373060.2355918884
6527,196260.83589553833
6528,284052.53692626953
6529,351272.33934020996
6530,301574.5542564392
6531,209949.83958816528
6532,274867.09213256836
6533,322996.5314979553
6534,267516.46826934814
6535,274603.18561553955
6536,326601.0023384094
6537,349045.4757537842
6538,100542.0159111023
6539,324606.5735168457
6540,318580.26652145386
6541,318432.40159988403
6542,268469.41457366943
6543,336725.954410553
6544,313900.55017471313
6545,306837.47954559326
6546,311606.1804885864
6547,336080.2065849304
6548,294823.40103912354
6549,297975.457698822
6550,289474.50326156616
6551,322497.93727493286
6552,315533.1057434082
6553,280075.1757774353
6554,332093.13927841187
6555,282440.62239074707
6556,278710.74404525757
6557,215273.5386352539
6558,286130.0691719055
6559,285147.2642593384
6560,181650.674823761
6561,302098.3066062927
6562,290075.9348602295
6563,306613.61656570435
6564,294126.9122200012
6565,270612.8367538452
6566,291682.35984802246
6567,337967.33505630493
6568,283969.3092727661
6569,291151.5116882324
6570,291492.802154541
6571,314630.52893829346
6572,169824.47930908203
6573,305429.29790878296
6574,290529.68726348877
6575,283573.4943122864
6576,344008.51250839233
6577,303560.80194854736
6578,290556.59534454346
6579,354476.7737159729
6580,255239.79697418213
6581,282476.10693359375
6582,215902.63061904907
6583,343152.72229003906
6584,345845.25230789185
6585,320500.31089019775
6586,261432.3338623047
6587,285903.3253593445
6588,289866.72202682495
6589,269381.800075531
6590,301276.60974884033
6591,273864.94870376587
6592,295752.18964004517
6593,291981.4958152771
6594,346529.2060813904
6595,332039.75315093994
6596,286085.5628452301
6597,289516.0802001953
6598,290696.4194908142
6599,278431.23599624634
6600,350337.5915336609
6601,299926.89640808105
6602,341765.86882019043
6603,99230.27601242065
6604,286178.24222946167
6605,358476.14389801025
6606,191703.96798706055
6607,306084.9040412903
6608,289842.4331741333
6609,293772.82552719116
6610,276357.8356590271
6611,293563.7794342041
6612,355576.1748199463
6613,337603.53564071655
6614,304751.2660331726
6615,350604.732837677
6616,318910.0898170471
6617,293756.4048500061
6618,352121.48735809326
6619,304339.62812423706
6620,128313.49124145508
6621,172188.30056762695
6622,347962.5962867737
6623,299068.2806930542
6624,315795.6723022461
6625,321641.52534484863
6626,231778.2695426941
6627,290488.49714660645
6628,208561.25761413574
6629,277348.97328186035
6630,243820.97554016113
6631,138275.5394821167
6632,114017.35165405273
6633,265714.8310470581
6634,226776.3726081848
6635,279336.5361289978
6636,142822.3383808136
6637,300103.86444091797
6638,344472.1652145386
6639,294698.2882461548
6640,323274.57971572876
6641,311733.83030700684
6642,300209.51347351074
6643,279763.8785018921
6644,339011.26539611816
6645,284490.5864753723
6646,282592.9046840668
6647,304995.17486572266
6648,279459.72660446167
6649,298489.53092956543
6650,291016.67359161377
6651,277534.99010849
6652,297322.9645385742
6653,303619.6798210144
6654,290361.91062164307
6655,317091.66763687134
6656,332858.12699508667
6657,278055.80099487305
6658,326226.47369003296
6659,280931.95683288574
6660,337454.48025131226
6661,320370.8952770233
6662,364761.63904190063
6663,299879.97438430786
6664,327416.1485404968
6665,165804.40900421143
6666,307589.8604660034
6667,305513.4235458374
6668,312056.89150619507
6669,301944.988822937
6670,292079.31410598755
6671,249491.81325149536
6672,317819.4386100769
6673,351084.11629486084
6674,346307.57457733154
6675,288949.6497306824
6676,359700.4925918579
6677,327234.8334503174
6678,264202.1011505127
6679,279375.9469490051
6680,344261.7381095886
6681,283598.02978515625
6682,294906.32134628296
6683,282496.2854194641
6684,298654.40242767334
6685,314441.7787361145
6686,330580.1881637573
6687,311859.5469017029
6688,198698.52435684204
6689,350420.1676902771
6690,356858.30574417114
6691,357922.1272087097
6692,287401.4066810608
6693,326239.47631073
6694,304023.0943031311
6695,289731.6145362854
6696,360010.57649612427
6697,330750.4637145996
6698,302081.5945510864
6699,342323.0592918396
6700,262458.38555526733
6701,292058.5893859863
6702,162010.62923049927
6703,282960.8797302246
6704,114233.49690628052
6705,287784.350151062
6706,323054.4401779175
6707,146082.3528137207
6708,360360.54779052734
6709,142706.57970809937
6710,348507.013633728
6711,303208.6564254761
6712,330868.9327163696
6713,359459.6579475403
6714,233673.27394866943
6715,331969.3520011902
6716,339366.19705581665
6717,294156.3751373291
6718,258424.76356887817
6719,291266.53007125854
6720,360475.14236450195
6721,268699.7109260559
6722,273038.68603515625
6723,301885.3000869751
6724,305729.52321243286
6725,300055.2741317749
6726,283096.69888687134
6727,169613.35944366455
6728,305238.1316642761
6729,170660.3459701538
6730,280000.74045181274
6731,328892.75423812866
6732,357642.4298400879
6733,283564.3071784973
6734,281459.63788223267
6735,323160.81537628174
6736,252296.80558013916
6737,327029.30052948
6738,295636.25604629517
6739,294892.9017601013
6740,308094.106967926
6741,301564.6316719055
6742,284251.7833557129
6743,282270.2052192688
6744,285136.63679504395
6745,212623.50183486938
6746,285114.91773223877
6747,340269.9003601074
6748,221204.95812225342
6749,357625.96574401855
6750,242593.63058280945
6751,279232.21854019165
6752,281044.3804779053
6753,275812.4839744568
6754,358373.36934661865
6755,321432.28899002075
6756,251151.01113891602
6757,363876.1944351196
6758,322867.29485702515
6759,116696.14413452148
6760,284686.86151885986
6761,301193.00562667847
6762,330095.6770477295
6763,248440.19972610474
6764,81064.85921478271
6765,278681.7108192444
6766,225779.6318397522
6767,344211.2473144531
6768,359877.77153778076
6769,281475.7700576782
6770,365345.1966896057
6771,358607.14852523804
6772,346456.40071868896
6773,294200.39140319824
6774,324155.03983306885
6775,318668.6753349304
6776,319244.5139846802
6777,284805.7907447815
6778,144627.15873718262
6779,283238.86600875854
6780,320834.43982315063
6781,350691.7787628174
6782,295902.4300003052
6783,276710.65155410767
6784,324851.88160705566
6785,142423.2112903595
6786,296126.764503479
6787,367315.84452438354
6788,306262.72286987305
6789,309611.6026420593
6790,212174.5265045166
6791,329610.5550041199
6792,309707.69395828247
6793,313795.6321144104
6794,305809.3158721924
6795,299026.6562728882
6796,280479.8592033386
6797,339079.26069259644
6798,260750.0294494629
6799,342206.32567977905
6800,355191.1664199829
6801,292754.0114364624
6802,366096.4770011902
6803,283300.55768203735
6804,236330.10596084595
6805,348980.6424789429
6806,313988.6046485901
6807,324077.45586776733
6808,282935.55855178833
6809,292545.67791748047
6810,291116.02755737305
6811,284307.2309150696
6812,133568.65557861328
6813,349592.00940704346
6814,283812.04706573486
6815,269080.15045928955
6816,307480.4051017761
6817,296284.2077178955
6818,145373.46110916138
6819,359193.3218421936
6820,278131.29457473755
6821,351625.90605926514
6822,360059.6810874939
6823,328170.04193496704
6824,357371.4139175415
6825,285123.86248779297
6826,313509.8195762634
6827,360368.6244316101
6828,115488.10630607605
6829,311741.4368171692
6830,151184.2871284485
6831,298768.92750549316
6832,336757.10818099976
6833,317162.3849105835
6834,355953.57275390625
6835,164928.33361816406
6836,342176.5680427551
6837,357615.618183136
6838,283956.95765304565
6839,334782.814414978
6840,278498.1419830322
6841,295264.6507949829
6842,296476.6093597412
6843,337963.5611343384
6844,357676.97355270386
6845,357337.92336273193
6846,296224.72204589844
6847,308837.58984375
6848,370225.0551376343
6849,321070.23865127563
6850,346444.74003219604
6851,283731.97954940796
6852,291597.91915512085
6853,358525.0705833435
6854,350703.078830719
6855,358335.30936813354
6856,359337.4630470276
6857,360001.9638328552
6858,342282.2402420044
6859,360145.54637527466
6860,293798.3336715698
6861,352445.1847267151
6862,316099.4838180542
6863,279962.669052124
6864,378514.5071029663
6865,326706.2348175049
6866,365301.15378952026
6867,337966.6013946533
6868,358299.5456314087
6869,332093.7971420288
6870,381898.549659729
6871,304576.0595588684
6872,327144.0295639038
6873,338209.06089401245
6874,372945.5038070679
6875,305540.08165359497
6876,288260.8556480408
6877,380183.17238235474
6878,373196.4507141113
6879,319734.0153846741
6880,285820.5363960266
6881,346331.7395744324
6882,368965.8291015625
6883,288538.6368484497
6884,379250.8310775757
6885,379495.7542953491
6886,374098.34215927124
6887,372245.73303222656
6888,367570.2272796631
6889,290375.12355804443
6890,367038.64377593994
6891,370499.2113876343
6892,351590.98749160767
6893,358456.5447616577
6894,360120.5615196228
6895,298554.03622055054
6896,294138.3314590454
6897,372049.0663070679
6898,349462.5109977722
6899,367682.78858184814
6900,281394.66703414917
6901,382215.3349914551
6902,365164.0273208618
6903,354115.92723464966
6904,331139.4692802429
6905,380625.25384521484
6906,380786.81773757935
6907,292338.37673950195
6908,379864.82836151123
6909,380254.4066429138
6910,374855.4450073242
6911,139298.5412902832
6912,228727.82689476013
6913,361525.47452926636
6914,373869.1366195679
6915,380936.1733970642
6916,156786.711933136
6917,278862.8997116089
6918,380308.06422424316
6919,373452.50385284424
6920,381582.8066139221
6921,381692.47731781006
6922,382118.0447921753
6923,278982.43296432495
6924,374389.9709510803
6925,285968.465297699
6926,380984.59286880493
6927,381834.95098114014
6928,259179.6662940979
6929,380551.6674232483
6930,284321.2062187195
6931,381479.570274353
6932,104907.52254295349
6933,277902.0566673279
6934,259546.98433685303
6935,221114.4836883545
6936,283906.19077301025
6937,170936.09070968628
6938,381079.39656829834
6939,208549.36876678467
6940,374099.40464401245
6941,381971.569026947
6942,381422.8762245178
6943,296314.37494659424
6944,374757.9136657715
6945,380936.17251205444
6946,381004.6717224121
6947,292623.23836898804
6948,380663.0172767639
6949,374077.273979187
6950,381121.20498275757
6951,365908.2071342468
6952,354553.64850997925
6953,290903.0553512573
6954,382350.63582992554
6955,382435.338760376
6956,373999.1091117859
6957,381902.1241455078
6958,295433.24464035034
6959,380210.3031196594
6960,353072.78480148315
6961,282383.6847267151
6962,371295.5148963928
6963,372330.4301147461
6964,380223.38595581055
6965,378599.00005722046
6966,356562.91316223145
6967,312958.291595459
6968,381475.3739929199
6969,350938.48128700256
6970,366274.52224349976
6971,373698.4242248535
6972,381883.31144714355
6973,297603.40339279175
6974,373535.6765060425
6975,380143.83505249023
6976,381441.4474067688
6977,370003.9556045532
6978,266813.6328048706
6979,368102.1924171448
6980,382207.9135398865
6981,97556.18752288818
6982,381895.5154495239
6983,281262.32204818726
6984,308028.8698196411
6985,276118.5997276306
6986,374300.16536712646
6987,382275.8666343689
6988,382960.07680892944
6989,382450.7935295105
6990,195946.14690208435
6991,375725.41563796997
6992,287216.58433914185
6993,281970.75037002563
6994,123913.32812309265
6995,361495.452041626
6996,381643.00134658813
6997,259561.46145629883
6998,366628.49617385864
6999,297427.3428955078
7000,221394.73067855835
7001,361623.53450393677
7002,90881.20503997803
7003,188270.8029270172
7004,80753.28622817993
7005,255802.2274093628
7006,382798.22816085815
7007,382428.11207962036
7008,324947.18239974976
7009,382320.9683303833
7010,382237.84732055664
7011,285844.21227645874
7012,382680.3390007019
7013,93031.93544387817
7014,382044.46281433105
7015,381679.6524429321
7016,218960.23737335205
7017,381362.6097564697
7018,381331.85960006714
7019,382628.65689468384
7020,374533.1482620239
7021,366332.3484840393
7022,382932.07412338257
7023,381105.69312286377
7024,381582.56924057007
7025,381891.5043563843
7026,276303.8778038025
7027,381423.300201416
7028,177238.71718597412
7029,381823.78939437866
7030,361254.6853981018
7031,380922.7083015442
7032,381992.04859924316
7033,376053.2900619507
7034,131180.0951652527
7035,381997.43685150146
7036,382513.05199432373
7037,382200.1755180359
7038,372946.59801483154
7039,375849.57593536377
7040,374791.3338508606
7041,370211.86545181274
7042,382623.22943878174
7043,276044.40312194824
7044,283696.9983215332
7045,381692.9352836609
7046,158652.7127342224
7047,375810.8660507202
7048,285359.7790374756
7049,375957.5786781311
7050,382922.6022872925
7051,198401.22427749634
7052,270604.73918914795
7053,353146.74852752686
7054,381035.5753173828
7055,380551.0954170227
7056,381606.8218193054
7057,376283.00244903564
7058,189176.09630966187
7059,372200.57974624634
7060,382615.28214645386
7061,283380.0039329529
7062,381072.15336608887
7063,366769.4379119873
7064,154716.2557849884
7065,375852.0076522827
7066,381988.816570282
7067,366505.69010543823
7068,369722.9184036255
7069,314312.63412857056
7070,376951.1004829407
7071,382540.1534957886
7072,381288.73582077026
7073,382129.1443710327
7074,381191.4342803955
7075,373768.1817893982
7076,380961.2559738159
7077,382012.5954093933
7078,374103.4503707886
7079,368147.5947570801
7080,374471.3687286377
7081,259531.87813568115
7082,373798.6348876953
7083,382638.5452346802
7084,372392.3527030945
7085,378803.8221206665
7086,375236.3480911255
7087,380968.4967842102
7088,382201.60581970215
7089,380782.68423080444
7090,381076.7331047058
7091,381869.2970123291
7092,374657.6815299988
7093,381171.6959762573
7094,381668.26066207886
7095,286309.3592185974
7096,274026.40005493164
7097,274083.7001800537
7098,152550.0747566223
7099,171685.70919418335
7100,381319.4494781494
7101,381366.4062690735
7102,366638.92821502686
7103,319248.0473022461
7104,373640.9849243164
7105,373190.4342727661
7106,141547.60006713867
7107,380922.89837265015
7108,360249.1054496765
7109,371998.9162902832
7110,277934.16024780273
7111,358056.92475509644
7112,366188.1545562744
7113,281455.6774559021
7114,370801.7031478882
7115,374733.43130874634
7116,189957.0945701599
7117,381676.19997406006
7118,246908.23233413696
7119,380882.55630111694
7120,382270.0919036865
7121,380502.11166763306
7122,381758.0225791931
7123,374606.545463562
7124,382035.8462371826
7125,368180.233253479
7126,382652.15717315674
7127,284564.44397735596
7128,379264.06897354126
7129,374620.8502807617
7130,381796.66357803345
7131,381869.6845436096
7132,375044.94382476807
7133,367123.42039871216
7134,162079.39533615112
7135,191671.49617004395
7136,384001.7508277893
7137,382762.3841934204
7138,376807.5595550537
7139,313917.1491203308
7140,372704.61780166626
7141,374234.98933792114
7142,383027.1756362915
7143,376653.22272872925
7144,286032.7169265747
7145,383188.8872642517
7146,227336.7456893921
7147,382426.1919288635
7148,172244.83307266235
7149,383039.573513031
7150,376205.0942764282
7151,382957.65912628174
7152,220125.3278274536
7153,382245.4623565674
7154,214746.83023834229
7155,381530.0848503113
7156,381191.37677001953
7157,221185.1400604248
7158,370696.9696044922
7159,366710.2706108093
7160,381480.0138282776
7161,370978.65509033203
7162,344304.38929748535
7163,249071.46746444702
7164,339473.5694465637
7165,381656.93071365356
7166,374497.806186676
7167,382379.46615219116
7168,382070.5641517639
7169,382048.6218986511
7170,383281.14853286743
7171,381051.1819572449
7172,381854.5525627136
7173,313525.4917984009
7174,383120.8948326111
7175,382749.9740142822
7176,381733.8279457092
7177,180836.82638168335
7178,381843.8585319519
7179,274236.3782196045
7180,381746.82957839966
7181,382003.5570869446
7182,380390.990486145
7183,258388.59604263306
7184,374044.76472091675
7185,224718.52234649658
7186,382331.3522911072
7187,381809.1596260071
7188,348391.095539093
7189,382625.2177734375
7190,374163.1017036438
7191,298922.50172805786
7192,382348.06520080566
7193,373886.0697364807
7194,252561.89002990723
7195,382871.86587524414
7196,381347.9362449646
7197,142580.9673614502
7198,381695.6054801941
7199,367045.00188064575
7200,382941.1867675781
7201,381666.6036682129
7202,381273.0017852783
7203,382484.67514801025
7204,274948.2685279846
7205,381254.43128585815
7206,381557.50967788696
7207,380777.26846694946
7208,381785.7062072754
7209,381835.2404899597
7210,381723.62913513184
7211,382132.2197608948
7212,374695.00129699707
7213,381392.62309265137
7214,381029.1163291931
7215,381870.9302558899
7216,381422.2371864319
7217,381461.74338912964
7218,382643.9526939392
7219,382569.12215805054
7220,383435.68592453003
7221,382652.9690589905
7222,374292.2243270874
7223,382164.93224334717
7224,381625.1656265259
7225,382857.94132232666
7226,382576.51789855957
7227,383732.46994018555
7228,381943.50201034546
7229,362601.35612487793
7230,354390.0595664978
7231,382576.3883934021
7232,291802.73665618896
7233,305336.96548461914
7234,382785.8991088867
7235,352677.115234375
7236,383027.9825668335
7237,82317.32758712769
7238,382087.01918411255
7239,381465.47269821167
7240,382071.6979675293
7241,286325.4829902649
7242,381820.32039642334
7243,381946.40001296997
7244,380750.4828796387
7245,117568.51231384277
7246,381698.4045600891
7247,253757.77181243896
7248,382741.84510421753
7249,382127.01402664185
7250,381448.44762420654
7251,383344.1310081482
7252,383004.09133529663
7253,373860.18603134155
7254,302287.1000289917
7255,249156.8863105774
7256,383247.2301597595
7257,382747.83853149414
7258,382301.40325546265
7259,382518.96129989624
7260,373646.88176727295
7261,382934.2883872986
7262,383474.2615852356
7263,382135.3233642578
7264,384443.0094528198
7265,381656.1477355957
7266,381625.88623809814
7267,382246.9722251892
7268,382823.68030548096
7269,381765.075340271
7270,382367.30754852295
7271,383250.96656417847
7272,337010.5958366394
7273,263715.7799987793
7274,277392.32010650635
7275,374849.1263580322
7276,128419.39728736877
7277,383562.7300262451
7278,279131.97887420654
7279,278057.2031211853
7280,383963.24869918823
7281,366982.713596344
7282,318097.15702056885
7283,384147.2756996155
7284,376695.1585121155
7285,232269.8429222107
7286,384605.39029312134
7287,383881.7020072937
7288,383712.66159439087
7289,337892.9423828125
7290,383031.39335632324
7291,384476.7464065552
7292,383452.44007873535
7293,383026.0267486572
7294,217145.91109848022
7295,323078.60051727295
7296,267839.8264732361
7297,235550.64805412292
7298,382952.0326843262
7299,267315.12565612793
7300,280470.21099090576
7301,304208.902305603
7302,382059.0436325073
7303,383364.4448890686
7304,274383.48945617676
7305,382638.88274002075
7306,375525.09327697754
7307,238871.90755462646
7308,382847.4888038635
7309,376888.9307022095
7310,283511.52325057983
7311,384136.00480651855
7312,272962.302986145
7313,377300.65005493164
7314,312511.0006713867
7315,350716.5549812317
7316,383427.7610359192
7317,382163.7767524719
7318,383392.897026062
7319,383600.83586883545
7320,291944.7974586487
7321,383027.25732803345
7322,383931.82149887085
7323,383731.576877594
7324,383316.63021469116
7325,384145.3636741638
7326,375735.52016448975
7327,383659.38468933105
7328,375605.9273376465
7329,384460.93085098267
7330,384550.47663497925
7331,384801.34465789795
7332,378814.012802124
7333,378099.50077056885
7334,369442.3779602051
7335,366868.67611312866
7336,384537.28760528564
7337,376356.1711959839
7338,384089.95124435425
7339,383493.56311416626
7340,383652.51106262207
7341,323370.13735961914
7342,361885.61779403687
7343,384293.97325897217
7344,383815.0623970032
7345,384255.454624176
7346,384128.6290779114
7347,376461.190826416
7348,384025.4243583679
7349,284530.78255844116
7350,383149.7082901001
7351,383632.56929397583
7352,384028.44035339355
7353,384689.8521385193
7354,383339.4664077759
7355,282334.5110359192
7356,383829.80070495605
7357,384736.7653121948
7358,383783.6400604248
7359,383940.0587387085
7360,384453.0849914551
7361,126551.32246017456
7362,293128.5544395447
7363,384181.81468200684
7364,327034.3460845947
7365,383782.96827316284
7366,383943.3472061157
7367,383772.78298950195
7368,374677.99366760254
7369,384483.0481071472
7370,273412.7843132019
7371,384117.6851005554
7372,383971.24072647095
7373,384449.9718513489
7374,351907.6169242859
7375,384124.95167541504
7376,384104.7336578369
7377,384882.76961135864
7378,384751.87506484985
7379,384653.5933036804
7380,385006.59548187256
7381,384887.1156272888
7382,384678.0297050476
7383,385076.0107574463
7384,384295.4652862549
7385,384249.52655792236
7386,383010.23848342896
7387,162453.5481185913
7388,383415.0316810608
7389,383998.0874862671
7390,384483.9543647766
7391,384092.6368484497
7392,383878.47706604004
7393,384822.93603897095
7394,384640.17069244385
7395,374995.5044288635
7396,383947.0622062683
7397,206955.6552772522
7398,384123.2774543762
7399,375717.1770324707
7400,384120.01081848145
7401,384363.31843566895
7402,384235.90365982056
7403,382556.12620544434
7404,383626.31091690063
7405,383978.60485458374
7406,383391.4662780762
7407,383438.8302230835
7408,383442.7709388733
7409,263249.2395095825
7410,333312.2865219116
7411,202726.48981285095
7412,383594.91066360474
7413,384141.8809623718
7414,377412.8178291321
7415,383994.0062828064
7416,384083.8338394165
7417,383654.7966346741
7418,383231.79638671875
7419,383922.22205352783
7420,383814.3560371399
7421,160367.97512054443
7422,383639.63162994385
7423,383616.53059387207
7424,383869.40561676025
7425,384186.77920532227
7426,383436.19161224365
7427,383376.81325912476
7428,351411.69896698
7429,172943.56566238403
7430,382814.36098098755
7431,178127.70526504517
7432,383185.91774749756
7433,384141.9560165405
7434,383806.9068336487
7435,257872.22137451172
7436,272157.67921829224
7437,383884.25551605225
7438,155170.4397468567
7439,383663.75299835205
7440,282842.91397857666
7441,296532.92892456055
7442,383474.0115470886
7443,276266.7058029175
7444,279346.575340271
7445,108989.05452919006
7446,382416.02534103394
7447,297187.5185165405
7448,384594.77347946167
7449,270607.9753227234
7450,383239.8532180786
7451,384638.33504104614
7452,383739.8047943115
7453,270601.1896133423
7454,383204.56256103516
7455,383039.2612800598
7456,376199.2322883606
7457,281842.84243774414
7458,357145.4925918579
7459,383154.50999069214
7460,383541.34912109375
7461,383830.0714073181
7462,132153.86268234253
7463,384101.5150527954
7464,383227.2814254761
7465,383361.5633201599
7466,383898.8720588684
7467,384140.8891143799
7468,273903.8416175842
7469,383990.0369338989
7470,384063.8711166382
7471,383979.01696777344
7472,380250.2721595764
7473,341811.76515197754
7474,382960.97093963623
7475,384088.91637039185
7476,384002.2463989258
7477,384229.3383178711
7478,383396.2902946472
7479,383773.79500961304
7480,384035.8901824951
7481,383064.55586242676
7482,113817.65967941284
7483,384401.49726104736
7484,272930.2540550232
7485,363287.33338546753
7486,344266.8054237366
7487,156266.4818572998
7488,157323.88493537903
7489,364193.33195114136
7490,383076.18410873413
7491,384383.2580718994
7492,376566.4584007263
7493,277471.12603759766
7494,383953.55179977417
7495,383206.6732711792
7496,383329.938205719
7497,383232.2682991028
7498,383910.4628715515
7499,384307.75730133057
7500,305613.2084388733
7501,310208.72121810913
7502,384013.60733413696
7503,349587.49962615967
7504,384070.9149398804
7505,382720.07496643066
7506,383526.9175567627
7507,384177.99865722656
7508,382263.9256210327
7509,383694.65563201904
7510,367375.54540634155
7511,383493.475894928
7512,326980.42722702026
7513,381889.7399673462
7514,383758.26485443115
7515,384020.1082344055
7516,262519.01430892944
7517,201213.87028503418
7518,374999.1865386963
7519,384394.5074043274
7520,382963.8219871521
7521,383108.2434043884
7522,383183.04235839844
7523,252107.02227020264
7524,258941.29496955872
7525,383940.08309936523
7526,363862.5092124939
7527,383470.18044281006
7528,375800.8128929138
7529,198995.64366149902
7530,380123.1753311157
7531,269721.3962020874
7532,354030.0272293091
7533,374960.2800140381
7534,309583.43388175964
7535,124741.1665763855
7536,75323.2908744812
7537,384520.46657562256
7538,384257.5185432434
7539,384537.5643463135
7540,384840.12019348145
7541,384403.2628593445
7542,319988.26889038086
7543,384359.1600036621
7544,384577.392829895
7545,384206.3978729248
7546,385199.1125984192
7547,383578.891708374
7548,384445.9641723633
7549,384689.69092559814
7550,384865.81733322144
7551,309705.25497055054
7552,385028.6781692505
7553,331981.9358444214
7554,384665.50453567505
7555,376665.0694999695
7556,155368.43556976318
7557,375145.6718559265
7558,384259.9754562378
7559,163982.46743774414
7560,377100.5664138794
7561,383785.4515724182
7562,384092.24739074707
7563,376386.28688812256
7564,384591.4684410095
7565,280540.7081108093
7566,384796.29707336426
7567,342192.02448272705
7568,384464.2928390503
7569,280345.8094367981
7570,384525.54710388184
7571,268391.1786212921
7572,384178.21992111206
7573,138400.43681907654
7574,384451.40520477295
7575,271776.0778083801
7576,376532.9383201599
7577,384680.8707771301
7578,384753.07357406616
7579,330285.33654403687
7580,272928.48612976074
7581,374696.18436050415
7582,384693.1706581116
7583,282212.89029693604
7584,364818.73363113403
7585,273408.590965271
7586,385237.33601760864
7587,384280.0001068115
7588,229195.42000579834
7589,246063.65476608276
7590,384786.1064567566
7591,293521.28358078003
7592,192295.32014656067
7593,384290.8038101196
7594,284591.01303863525
7595,239489.2911682129
7596,277125.0143890381
7597,383473.735370636
7598,384110.70721435547
7599,326653.54403305054
7600,280732.3858680725
7601,384169.85830688477
7602,304571.1314315796
7603,276203.77394866943
7604,285860.2744140625
7605,384670.97720336914
7606,375742.4750404358
7607,280888.50159072876
7608,378018.01627349854
7609,384240.33487701416
7610,276663.60905456543
7611,276446.2088546753
7612,280034.32707214355
7613,272018.0316925049
7614,251337.84873199463
7615,156473.38390731812
7616,280285.3532600403
7617,384596.0672035217
7618,385041.1509513855
7619,277767.31385421753
7620,384877.19898986816
7621,143350.9747428894
7622,383952.5523147583
7623,384933.90883636475
7624,276454.02532196045
7625,136364.06745529175
7626,269088.9538116455
7627,99727.77362823486
7628,384674.16871261597
7629,163476.29598617554
7630,377070.6689758301
7631,385779.518951416
7632,376588.3956832886
7633,266107.4026565552
7634,384975.1033821106
7635,383918.4998817444
7636,136023.78064918518
7637,279379.9435157776
7638,367007.03046798706
7639,384681.3062095642
7640,384043.5809020996
7641,384473.4570045471
7642,384681.5262184143
7643,339581.5415248871
7644,385345.18434906006
7645,384493.01804351807
7646,345574.94395828247
7647,279849.54538726807
7648,266120.5824241638
7649,384850.90938186646
7650,385172.8627204895
7651,384561.92054367065
7652,384353.08715057373
7653,384765.03887939453
7654,384811.73000335693
7655,385573.43268585205
7656,384439.70415496826
7657,253334.21392059326
7658,385443.3716697693
7659,377253.247592926
7660,282496.2922782898
7661,385431.0549316406
7662,385526.79748153687
7663,386107.50060653687
7664,127114.38292694092
7665,384931.7649230957
7666,384648.41973114014
7667,384966.26416397095
7668,384739.5287246704
7669,385543.4540634155
7670,380162.2790336609
7671,107204.9328994751
7672,384412.21200942993
7673,384515.6095123291
7674,384960.6639289856
7675,280107.2249069214
7676,384181.3564147949
7677,241173.34196853638
7678,277853.2532043457
7679,278423.66107940674
7680,384634.52283859253
7681,375345.8393173218
7682,237374.48888778687
7683,384832.3677558899
7684,385318.4974746704
7685,384704.30948257446
7686,368232.60999679565
7687,385644.4288749695
7688,384658.92346572876
7689,385002.2654533386
7690,368080.7152290344
7691,385446.8236732483
7692,274125.6068534851
7693,267292.22607803345
7694,385035.6876754761
7695,384889.49853515625
7696,384731.3362045288
7697,385120.1763534546
7698,385371.3753051758
7699,254908.18169784546
7700,385201.6911315918
7701,384187.37714767456
7702,384409.71353912354
7703,384233.7710418701
7704,383902.9221496582
7705,383816.258354187
7706,376082.5906906128
7707,294504.4765396118
7708,255160.91926956177
7709,161286.61091423035
7710,382868.7753677368
7711,385191.51528167725
7712,384813.1935005188
7713,384573.5422401428
7714,117880.72549629211
7715,384307.82429504395
7716,385344.63637924194
7717,384821.92294311523
7718,365980.03620529175
7719,157220.73680496216
7720,344870.332069397
7721,385728.29360580444
7722,385246.2691459656
7723,385099.5001296997
7724,384793.78022384644
7725,384979.11867904663
7726,354063.59998321533
7727,385430.0636482239
7728,384870.7164039612
7729,203254.74111938477
7730,384141.08432388306
7731,158638.10303115845
7732,385390.96837997437
7733,234013.33067703247
7734,276955.80419540405
7735,308109.3128223419
7736,154986.78518676758
7737,163164.0738773346
7738,279088.56575775146
7739,290603.9557914734
7740,272609.99394989014
7741,294411.60849380493
7742,385358.7913322449
7743,211774.84691238403
7744,289635.3754272461
7745,288113.88148498535
7746,297162.99951934814
7747,384649.52381515503
7748,384896.3175430298
7749,284037.6786842346
7750,274649.23429107666
7751,102780.36661148071
7752,286214.6212387085
7753,95322.96075820923
7754,196406.2815208435
7755,256089.2055130005
7756,285428.87450027466
7757,299743.09617996216
7758,385197.5786819458
7759,385142.5655822754
7760,385641.1029205322
7761,385359.6187210083
7762,378344.35134124756
7763,384872.6041069031
7764,273549.5733757019
7765,384614.3416633606
7766,385320.2176628113
7767,279846.3343849182
7768,384512.9094352722
7769,117376.93562889099
7770,255925.22771453857
7771,376605.71852493286
7772,385753.10230255127
7773,117626.08097457886
7774,237959.78512573242
7775,385646.32483291626
7776,384881.5732383728
7777,385310.94437789917
7778,384011.6636238098
7779,386200.7024002075
7780,277464.4614562988
7781,213062.96593856812
7782,278579.3382759094
7783,386039.65746307373
7784,272066.5377807617
7785,384906.6699142456
7786,384636.1984825134
7787,384677.9952354431
7788,278442.92475128174
7789,384684.2172279358
7790,342709.8631477356
7791,385020.8056297302
7792,383751.9842681885
7793,384385.76763534546
7794,385666.42638397217
7795,385018.5742492676
7796,384733.65173721313
7797,261325.5143699646
7798,385166.77463150024
7799,384220.44120025635
7800,384476.86741256714
7801,385119.3483505249
7802,385778.84952926636
7803,384809.2884712219
7804,385312.47339630127
7805,316006.6832122803
7806,384590.58850479126
7807,384130.1255874634
7808,287965.470035553
7809,385069.19664001465
7810,385599.8492240906
7811,385711.94800567627
7812,129544.59147262573
7813,385667.86751174927
7814,385428.8867340088
7815,272447.5786781311
7816,386736.89067840576
7817,387201.86304855347
7818,359487.7307853699
7819,377284.06254959106
7820,385592.3995628357
7821,252859.22899627686
7822,385907.574672699
7823,386947.9196586609
7824,385878.5023345947
7825,386628.17043685913
7826,327479.4455394745
7827,386563.5832748413
7828,386614.89471435547
7829,118455.74729919434
7830,385370.8030319214
7831,385420.2158241272
7832,385638.99586105347
7833,386326.67642593384
7834,385074.2887840271
7835,385130.7687950134
7836,299325.6026802063
7837,386339.25635910034
7838,384494.6607208252
7839,385395.38178634644
7840,386359.862739563
7841,385610.33084106445
7842,385777.6470298767
7843,385937.3835144043
7844,385893.3663139343
7845,384896.9592666626
7846,374127.5831336975
7847,220849.42824935913
7848,385704.66652297974
7849,385945.6478614807
7850,386244.6856651306
7851,210453.54801559448
7852,386316.4894256592
7853,386715.3809661865
7854,385919.57889938354
7855,384806.7882575989
7856,386671.77236557007
7857,385915.16454696655
7858,379255.0569343567
7859,386318.4954185486
7860,98324.38375091553
7861,304446.9292488098
7862,385368.68869400024
7863,385145.37297058105
7864,244249.15604400635
7865,265863.14418792725
7866,385621.728931427
7867,384729.35640335083
7868,306592.258310318
7869,363274.352230072
7870,385357.82024383545
7871,304822.76599884033
7872,376216.7196960449
7873,385577.6876716614
7874,385709.9557533264
7875,385776.1032447815
7876,385406.4888381958
7877,385672.6829071045
7878,378290.0240135193
7879,385012.52836990356
7880,364451.48753738403
7881,132201.60676002502
7882,385872.0355644226
7883,372482.3697013855
7884,348601.6054534912
7885,271418.95552253723
7886,177042.7504119873
7887,384929.34187698364
7888,386341.757850647
7889,385457.0863189697
7890,269161.6870498657
7891,282317.1127624512
7892,384716.5579185486
7893,384848.8525276184
7894,385647.51222610474
7895,294927.8494567871
7896,279831.79231643677
7897,384396.4030685425
7898,274808.1413459778
7899,323381.5331039429
7900,150397.91981887817
7901,385514.2692489624
7902,238841.7798538208
7903,385427.91215896606
7904,226485.27634048462
7905,133318.67020225525
7906,126979.04107475281
7907,386503.76205825806
7908,362776.68763542175
7909,290159.4031867981
7910,200493.95149612427
7911,385873.94536209106
7912,386821.55919265747
7913,356698.11683654785
7914,284107.49911499023
7915,99080.60446548462
7916,283607.4553222656
7917,213553.7318534851
7918,271835.0336265564
7919,385007.58140563965
7920,385588.48302841187
7921,385522.1194267273
7922,385465.3282241821
7923,274375.2041282654
7924,386082.46743011475
7925,230412.57441329956
7926,386352.5270309448
7927,213686.11531448364
7928,384012.3968734741
7929,367207.02479171753
7930,272620.99544143677
7931,169913.07440185547
7932,377557.5369567871
7933,281134.15466690063
7934,287942.1031227112
7935,384098.2796974182
7936,275142.91581344604
7937,385064.93141174316
7938,344126.30030441284
7939,212934.0277824402
7940,384442.9326057434
7941,383565.85134887695
7942,383360.7203941345
7943,384236.5425720215
7944,385281.3658180237
7945,384404.85593414307
7946,266330.86529922485
7947,384159.37968826294
7948,383497.3240509033
7949,229663.2709789276
7950,251817.63877487183
7951,372284.6675224304
7952,386165.1403121948
7953,385038.7657318115
7954,385119.7343482971
7955,385960.4449043274
7956,333827.70457839966
7957,143181.61637115479
7958,360269.08742523193
7959,373074.6095199585
7960,279630.96070098877
7961,383198.63260650635
7962,384221.3585090637
7963,384613.3469810486
7964,123563.0259513855
7965,140257.08579063416
7966,384820.91707229614
7967,384536.42378234863
7968,254590.7416419983
7969,325585.20265197754
7970,377566.2508010864
7971,385369.1321334839
7972,385582.1802101135
7973,104875.8260269165
7974,365026.49128723145
7975,121199.25728988647
7976,221789.54262542725
7977,384623.4084434509
7978,173679.0998954773
7979,279646.26295661926
7980,332822.47731018066
7981,266194.11069488525
7982,284714.8211517334
7983,353350.1986274719
7984,332816.15378189087
7985,385119.89629364014
7986,384902.7957763672
7987,385494.76067352295
7988,383574.185256958
7989,386105.7426376343
7990,384098.9758644104
7991,365252.66525650024
7992,385230.8274230957
7993,385443.19454956055
7994,385749.15576553345
7995,359706.8564414978
7996,385710.4563522339
7997,277415.84452438354
7998,283282.0637741089
7999,384091.57189178467
8000,386012.1261291504
8001,377429.87714767456
8002,285293.83393478394
8003,150869.64110565186
8004,385191.2368812561
8005,385282.1520385742
8006,384884.9039039612
8007,385671.19903564453
8008,385752.8671760559
8009,385516.442653656
8010,385852.0813217163
8011,228054.05936813354
8012,170620.64163589478
8013,386461.97256088257
8014,385175.9982185364
8015,385240.482421875
8016,385299.0236053467
8017,386655.65489959717
8018,263708.088760376
8019,386479.37659835815
8020,377312.2007408142
8021,268862.56325912476
8022,385318.25496292114
8023,197754.61913490295
8024,385426.8061904907
8025,208422.39722061157
8026,273014.9393234253
8027,283259.08810424805
8028,385477.51358795166
8029,262159.2889404297
8030,156980.9373474121
8031,219662.56398773193
8032,317276.6235046387
8033,284093.31927871704
8034,386979.422706604
8035,386332.80556869507
8036,139011.62353134155
8037,386501.3406677246
8038,386039.09328842163
8039,371119.8469619751
8040,385741.88789367676
8041,385206.2765007019
8042,386286.7790565491
8043,385418.9642486572
8044,105885.27494430542
8045,385228.23181915283
8046,246222.88397216797
8047,385735.15857696533
8048,150620.3541355133
8049,283693.7884788513
8050,353079.5672607422
8051,385357.883228302
8052,373947.5872154236
8053,385602.9863395691
8054,385611.5485229492
8055,385430.38862609863
8056,378012.29985427856
8057,133762.92950820923
8058,385204.7697753906
8059,385012.30752944946
8060,385279.7522506714
8061,283434.0845680237
8062,375004.1951751709
8063,384652.59608078003
8064,385961.44568634033
8065,385046.9956626892
8066,385048.26191329956
8067,128972.00717926025
8068,385042.149974823
8069,385681.360912323
8070,294217.8392829895
8071,264545.1173019409
8072,385457.38861465454
8073,238752.7827682495
8074,104324.70653915405
8075,385605.1808395386
8076,385124.3918647766
8077,383902.7731704712
8078,154947.65611076355
8079,384788.16843795776
8080,386211.73317718506
8081,385127.2292480469
8082,384536.94261550903
8083,378175.2725639343
8084,385270.29109954834
8085,385671.4952163696
8086,259906.9918794632
8087,385455.7828979492
8088,385245.8540916443
8089,385422.6886253357
8090,242222.34741210938
8091,384720.5584335327
8092,377416.49324798584
8093,385181.25716018677
8094,168855.46237564087
8095,362783.3593864441
8096,133747.96927070618
8097,385866.6852416992
8098,185523.27891921997
8099,266348.469833374
8100,385628.2689476013
8101,386430.6661605835
8102,386220.3188972473
8103,273414.4941444397
8104,105422.6459312439
8105,385258.59425735474
8106,386618.7695236206
8107,258128.21175003052
8108,385082.1362838745
8109,263373.3586845398
8110,385402.70695114136
8111,268845.2230758667
8112,386041.06716156006
8113,384699.32738113403
8114,386392.17475891113
8115,386633.9865989685
8116,386277.3832511902
8117,327232.0819129944
8118,277519.93308639526
8119,339182.5233192444
8120,386310.09117507935
8121,386119.88650131226
8122,279280.50806427
8123,385579.5267562866
8124,249133.4877281189
8125,253161.1826133728
8126,254979.13039016724
8127,262438.9849510193
8128,386428.987575531
8129,386036.98802948
8130,283135.7200393677
8131,385786.48973846436
8132,386415.54274368286
8133,252030.25666809082
8134,281994.64083099365
8135,385998.8055534363
8136,367152.1016807556
8137,385910.74392700195
8138,386452.5747947693
8139,385765.62424468994
8140,386267.04107284546
8141,280676.6703453064
8142,385599.17420196533
8143,385516.63165283203
8144,385184.2289657593
8145,270789.7590560913
8146,377475.668132782
8147,385721.6926803589
8148,384945.86811065674
8149,281227.52756881714
8150,208837.75886535645
8151,385599.89195251465
8152,356933.6461715698
8153,363084.4355621338
8154,385259.3163070679
8155,386222.66550064087
8156,385001.59772109985
8157,281725.2420349121
8158,384711.1518974304
8159,384795.8380699158
8160,283634.4175643921
8161,180046.8491306305
8162,385036.2867965698
8163,385448.2489242554
8164,385427.8520011902
8165,385489.67552948
8166,384386.9561958313
8167,385374.7809410095
8168,385354.0461883545
8169,385245.6336402893
8170,385927.2456817627
8171,385912.687625885
8172,385413.45332336426
8173,385174.79106140137
8174,385632.9476737976
8175,280183.03469085693
8176,385700.4263000488
8177,385918.03606033325
8178,384607.6162147522
8179,274614.06620407104
8180,385592.2155570984
8181,278342.0619125366
8182,383974.8801803589
8183,376773.26181411743
8184,307465.6354980469
8185,253468.51500320435
8186,386242.4972457886
8187,384760.00174713135
8188,385600.33879470825
8189,385999.4852180481
8190,192498.92679595947
8191,120136.71586990356
8192,76319.72715950012
8193,168676.88012123108
8194,256508.26578330994
8195,330285.0078315735
8196,385493.4534072876
8197,94451.85487556458
8198,384537.78870773315
8199,385631.30181503296
8200,385546.8352737427
8201,385409.65732192993
8202,129621.05907440186
8203,122514.05531692505
8204,385042.2188491821
8205,386065.3647766113
8206,385570.5265007019
8207,386487.67322158813
8208,196122.9824371338
8209,217251.8281288147
8210,385611.1413002014
8211,385718.379196167
8212,180560.01443481445
8213,299023.7776184082
8214,385250.4750213623
8215,376712.4723625183
8216,126490.09146308899
8217,385790.89751815796
8218,385662.49713516235
8219,385172.6578903198
8220,385314.4861984253
8221,384457.19395828247
8222,277817.6976661682
8223,386164.247379303
8224,385495.5291557312
8225,377808.2993927002
8226,385737.09504699707
8227,386081.240814209
8228,385727.95149612427
8229,372801.3405532837
8230,370101.8368835449
8231,382336.1170578003
8232,385953.934299469
8233,386830.0824356079
8234,347955.62894821167
8235,386785.5312385559
8236,167433.9967803955
8237,387540.0801773071
8238,385570.52543640137
8239,257868.9990234375
8240,386396.77032470703
8241,334918.0227355957
8242,382776.1220321655
8243,101738.13972473145
8244,385710.6721572876
8245,386142.1572647095
8246,386059.67085647583
8247,386181.79777908325
8248,386272.92220687866
8249,326774.07635879517
8250,386437.42432785034
8251,385966.6367263794
8252,385894.56882095337
8253,386362.90397262573
8254,387131.2521972656
8255,116843.7914276123
8256,386812.48471069336
8257,385920.3952293396
8258,236330.5686225891
8259,131642.70192337036
8260,386472.30030059814
8261,385537.78634262085
8262,386730.31943130493
8263,367007.48124694824
8264,251283.76879310608
8265,186688.47381973267
8266,386541.84146881104
8267,386239.765789032
8268,364355.16707229614
8269,385669.6004714966
8270,385268.4009742737
8271,386278.15964889526
8272,235542.7328338623
8273,384676.510017395
8274,132558.7722492218
8275,259505.79753112793
8276,386677.23109436035
8277,385862.97215652466
8278,386476.06848526
8279,95260.08793640137
8280,386289.9620399475
8281,334204.0403404236
8282,385163.2508239746
8283,138247.71018886566
8284,243318.68838119507
8285,369801.34007263184
8286,377981.1528778076
8287,386199.51206970215
8288,386066.3380699158
8289,384878.9979095459
8290,386410.9426841736
8291,268184.6375236511
8292,386667.90225601196
8293,387577.3737792969
8294,386913.42488861084
8295,386570.78786849976
8296,378259.22050476074
8297,387180.9972000122
8298,387152.4720916748
8299,386979.44469070435
8300,385434.5067062378
8301,386144.68075942993
8302,387019.5671272278
8303,385568.4514465332
8304,385805.90272140503
8305,267861.77891921997
8306,386586.7367668152
8307,385055.2896385193
8308,83947.03602600098
8309,385187.1632118225
8310,386798.76040649414
8311,379500.9339790344
8312,383816.2369003296
8313,385665.00536346436
8314,157001.17777252197
8315,99146.7241821289
8316,384079.6664657593
8317,271511.59449768066
8318,385663.7915725708
8319,384831.17428970337
8320,384798.62952041626
8321,383521.41160202026
8322,121029.91725158691
8323,385151.3719100952
8324,176629.06244659424
8325,383578.8256034851
8326,384291.8124694824
8327,384341.2361907959
8328,384271.0302696228
8329,375307.9220237732
8330,385296.3103981018
8331,301321.78662109375
8332,385386.1656150818
8333,384912.0934410095
8334,368891.93701934814
8335,385319.35667419434
8336,229856.22298049927
8337,235505.80110740662
8338,90474.86882019043
8339,384189.2062110901
8340,385377.0836677551
8341,385039.5338859558
8342,287168.37718200684
8343,384936.6212425232
8344,385005.6693649292
8345,383435.18898773193
8346,178857.92038726807
8347,278801.5881652832
8348,385522.6614227295
8349,384529.30377960205
8350,385153.3599243164
8351,385207.7604598999
8352,383895.9650840759
8353,377281.4755821228
8354,383575.2496986389
8355,384752.56004714966
8356,385083.7717704773
8357,384171.5637512207
8358,270548.9391708374
8359,323229.9570426941
8360,280260.7005119324
8361,236170.53672027588
8362,384810.0186653137
8363,136040.8203716278
8364,147675.72244262695
8365,168333.3314819336
8366,384624.9025993347
8367,384550.207485199
8368,385571.4468307495
8369,164829.78785705566
8370,286834.7465171814
8371,136600.3540916443
8372,385134.7512893677
8373,262361.19638061523
8374,274949.04092788696
8375,272842.0820388794
8376,274646.4295768738
8377,385770.3832550049
8378,370474.5753517151
8379,257102.77355575562
8380,384850.69119262695
8381,384578.2350502014
8382,375690.05642700195
8383,274670.64405822754
8384,207199.79885101318
8385,290489.43085479736
8386,384938.54329299927
8387,384618.4797935486
8388,277331.74340057373
8389,271852.53689956665
8390,385128.05199050903
8391,384611.14818573
8392,371183.0805358887
8393,331803.36137771606
8394,310112.9388618469
8395,385041.1298599243
8396,284076.6559638977
8397,384309.01066589355
8398,385845.31885528564
8399,231965.13121414185
8400,384933.84859085083
8401,282212.7944946289
8402,385387.765914917
8403,384182.69664764404
8404,384411.06021881104
8405,384449.27127456665
8406,384419.1362953186
8407,385587.45627593994
8408,385775.61249923706
8409,93525.25671577454
8410,363652.38232803345
8411,384559.16024017334
8412,386343.54651641846
8413,384338.66496658325
8414,156694.7785282135
8415,384760.8722229004
8416,385461.052734375
8417,384970.3470687866
8418,385799.86375045776
8419,384770.9964027405
8420,286132.5599708557
8421,367421.3560562134
8422,269414.004611969
8423,385259.36555862427
8424,385248.9741973877
8425,383456.1416282654
8426,386198.2437400818
8427,385677.4920272827
8428,362734.5774459839
8429,385520.5975456238
8430,385030.5370750427
8431,384257.62020492554
8432,386128.2109642029
8433,377466.06089782715
8434,386653.45024108887
8435,385927.805973053
8436,385597.9197921753
8437,308100.97679138184
8438,385068.34481048584
8439,253124.20512771606
8440,384987.7509613037
8441,385594.6432876587
8442,385576.88958358765
8443,385824.4998855591
8444,384741.55391311646
8445,130619.87970733643
8446,385906.4723892212
8447,167520.74671554565
8448,379138.18169021606
8449,294076.1990509033
8450,110860.32837677002
8451,385638.2271385193
8452,340017.0002479553
8453,256878.29330062866
8454,384566.2770500183
8455,328239.11417007446
8456,385658.2558479309
8457,345834.9935836792
8458,385191.6578216553
8459,384812.49069976807
8460,274216.0191307068
8461,384511.8078804016
8462,376054.14026641846
8463,386059.271774292
8464,385602.8447265625
8465,123265.56299972534
8466,382726.7480163574
8467,383786.7671928406
8468,384839.61336517334
8469,385256.80335235596
8470,382286.9677963257
8471,383563.6125793457
8472,91561.00406169891
8473,246214.18478775024
8474,383697.64252090454
8475,384837.3165359497
8476,188786.65730285645
8477,383551.45488357544
8478,382588.9585494995
8479,384426.4731864929
8480,301267.6597747803
8481,383725.902507782
8482,382245.5368423462
8483,382818.03408813477
8484,383192.06076812744
8485,133077.37789535522
8486,138259.71822738647
8487,382624.9186897278
8488,382726.82473373413
8489,97883.16427612305
8490,383477.299407959
8491,383823.1823425293
8492,383495.1902885437
8493,383434.76652908325
8494,383493.13510131836
8495,138088.37062835693
8496,382518.9520225525
8497,383154.18632507324
8498,383286.610660553
8499,255231.57194900513
8500,383602.11988830566
8501,382898.2414932251
8502,383717.6768798828
8503,257602.10269927979
8504,235863.51775741577
8505,383885.81773376465
8506,383034.86473846436
8507,382443.25899887085
8508,382850.0126876831
8509,248567.44147872925
8510,384677.2688522339
8511,383425.9790382385
8512,384339.50355529785
8513,180757.61348724365
8514,384510.60542678833
8515,383073.0531425476
8516,384088.956741333
8517,384465.5571632385
8518,385266.5189819336
8519,384421.7147140503
8520,262079.22423553467
8521,383694.65466308594
8522,371646.9989299774
8523,385357.5014305115
8524,294057.8504295349
8525,215161.22909545898
8526,132154.2046775818
8527,385211.9919128418
8528,383792.1624259949
8529,385628.6665649414
8530,96338.83420944214
8531,144433.03294563293
8532,386779.42568588257
8533,386532.48167419434
8534,387272.0838813782
8535,387708.29122161865
8536,385292.7412452698
8537,387064.6492385864
8538,385051.87858581543
8539,97140.95414161682
8540,345582.27307128906
8541,386676.02305984497
8542,386008.60443496704
8543,385817.5579185486
8544,384372.75130081177
8545,385716.4606323242
8546,385959.2902870178
8547,387065.1575241089
8548,278388.9863471985
8549,258576.5203819275
8550,386433.5880241394
8551,387555.43452072144
8552,247952.62157821655
8553,386268.2349700928
8554,232687.58367919922
8555,384746.23052978516
8556,273512.5590171814
8557,258936.54092407227
8558,386563.23724365234
8559,386002.2272338867
8560,386249.22674942017
8561,341788.39517974854
8562,385770.7287750244
8563,386641.9708747864
8564,387129.55727767944
8565,386753.8060684204
8566,385577.6436767578
8567,237419.3186416626
8568,384870.38331604004
8569,387574.4218826294
8570,387525.12939453125
8571,387079.2200088501
8572,388307.9071121216
8573,387249.7194404602
8574,338818.9636917114
8575,231833.27908325195
8576,180599.69523239136
8577,386206.50065231323
8578,279981.1015625
8579,387052.4585647583
8580,215338.26530075073
8581,376670.92235183716
8582,385494.9188346863
8583,385870.53511047363
8584,386126.2794189453
8585,386404.2759094238
8586,75341.9695186615
8587,289763.54328918457
8588,386107.0538749695
8589,215257.2683620453
8590,385926.3862800598
8591,387292.715007782
8592,159390.72509002686
8593,387256.72633361816
8594,322212.34341430664
8595,386798.886428833
8596,387841.967338562
8597,388796.3486289978
8598,386859.05389785767
8599,386575.96349334717
8600,304332.17575263977
8601,388263.334236145
8602,278895.6160545349
8603,387309.52530288696
8604,386413.52409362793
8605,386598.47802734375
8606,387509.818321228
8607,386298.8370170593
8608,203731.99586296082
8609,386626.9716873169
8610,387822.5703125
8611,388483.8844680786
8612,387525.0339202881
8613,386932.2359275818
8614,386606.8611984253
8615,388238.1932487488
8616,87855.48396873474
8617,369840.0407562256
8618,250049.70128631592
8619,252747.85138702393
8620,130554.72452926636
8621,387962.4457473755
8622,388046.00997543335
8623,386963.56201171875
8624,386276.77752685547
8625,268194.3945007324
8626,377041.8778038025
8627,179107.9475402832
8628,386726.71979141235
8629,378855.00827407837
8630,387526.4606399536
8631,382619.4395866394
8632,206548.07074928284
8633,386944.922542572
8634,279626.50176620483
8635,258375.13357543945
8636,175729.05926895142
8637,386520.8262023926
8638,384109.75006103516
8639,386532.65378952026
8640,386360.2934875488
8641,267424.91623687744
8642,384827.57944107056
8643,385002.5672645569
8644,95029.50553512573
8645,257175.1968307495
8646,385531.04904937744
8647,386587.47637557983
8648,387605.8592300415
8649,387506.2968940735
8650,388454.80235671997
8651,386993.7644691467
8652,387895.8428115845
8653,387912.56424331665
8654,386520.389125824
8655,384958.86991882324
8656,387159.74781799316
8657,197961.30420303345
8658,127960.68510055542
8659,386462.5174102783
8660,387635.3250579834
8661,387977.18924331665
8662,385910.89252471924
8663,216543.4652709961
8664,387015.7371406555
8665,387473.38244628906
8666,386245.49462509155
8667,224246.61179351807
8668,385846.73484039307
8669,147964.66248512268
8670,377868.2397880554
8671,156663.44316101074
8672,182343.11857414246
8673,387007.4415283203
8674,386587.0805168152
8675,378370.6141471863
8676,387006.0895576477
8677,333334.3101425171
8678,386565.6893157959
8679,387008.8862800598
8680,388120.4709472656
8681,387337.0259094238
8682,387685.0581626892
8683,127893.36327934265
8684,388552.05714797974
8685,379962.39057540894
8686,386962.90603637695
8687,373087.2986946106
8688,386798.91511154175
8689,387586.48711013794
8690,387715.6995124817
8691,387189.9088859558
8692,386582.85918807983
8693,386436.8628387451
8694,371113.43129348755
8695,388295.7823257446
8696,386741.4587097168
8697,278678.1330871582
8698,266011.364818573
8699,152977.56671524048
8700,386729.6297149658
8701,377701.1780052185
8702,385937.4809875488
8703,385827.48081588745
8704,387299.30208969116
8705,385400.59939956665
8706,386764.7869949341
8707,386842.9638366699
8708,205681.27382850647
8709,387613.48781585693
8710,386128.6541252136
8711,386336.5403251648
8712,95657.82608604431
8713,284347.0565185547
8714,385779.49769973755
8715,386154.4790458679
8716,386102.35649871826
8717,386404.0194969177
8718,386025.33296203613
8719,386589.1020889282
8720,386576.4098892212
8721,387389.8254737854
8722,133137.4822998047
8723,202684.8680114746
8724,387808.5637397766
8725,356653.5256614685
8726,385872.2889556885
8727,386386.8052062988
8728,378063.85691833496
8729,387789.59412384033
8730,387489.1099319458
8731,386754.28634262085
8732,125654.8167552948
8733,87131.73670959473
8734,347492.579826355
8735,387537.05040740967
8736,388299.1360321045
8737,120867.17588043213
8738,387928.2556114197
8739,387277.5356063843
8740,387356.60121154785
8741,387478.5919342041
8742,387399.2457046509
8743,387805.5392150879
8744,386433.56198501587
8745,386689.95000076294
8746,388085.65015792847
8747,387253.21351623535
8748,145526.39879608154
8749,386795.83556365967
8750,389132.42850112915
8751,387063.2787094116
8752,379898.064289093
8753,181472.83172416687
8754,387121.38523483276
8755,386978.28575897217
8756,385654.19912338257
8757,385431.7393569946
8758,71364.17597579956
8759,386536.35916519165
8760,387229.1356315613
8761,386234.2833633423
8762,386785.7974319458
8763,388014.0765609741
8764,257702.47869491577
8765,386401.6562652588
8766,386658.11879730225
8767,386593.23802948
8768,255546.3411026001
8769,386728.27170181274
8770,245507.208568573
8771,386535.65855789185
8772,386662.87631607056
8773,385642.2671279907
8774,386805.1273651123
8775,387207.28438186646
8776,318273.3521232605
8777,386725.0593185425
8778,385456.68534469604
8779,385997.91011047363
8780,386773.4485321045
8781,386521.3962173462
8782,370185.91426467896
8783,385452.7308578491
8784,385308.5514564514
8785,385327.434463501
8786,385152.11948394775
8787,386445.90434265137
8788,386541.2696495056
8789,386643.36056900024
8790,384904.76333999634
8791,386298.8170776367
8792,385914.0902862549
8793,386185.9536705017
8794,386028.6247215271
8795,385697.27364730835
8796,386649.8522644043
8797,386402.7434272766
8798,112961.36796188354
8799,238994.88988113403
8800,386427.2123527527
8801,386648.73276519775
8802,386528.64181900024
8803,384947.8246192932
8804,385467.46321868896
8805,384768.90322875977
8806,385474.7412185669
8807,385851.80643463135
8808,384921.0114097595
8809,386745.3645515442
8810,387131.94914245605
8811,387115.4103240967
8812,386102.657497406
8813,387015.837474823
8814,386838.9175682068
8815,387162.45095825195
8816,139922.74321365356
8817,196144.71725845337
8818,386269.23194122314
8819,385720.3553085327
8820,385140.9215660095
8821,387399.53326416016
8822,386966.8753166199
8823,191535.85261917114
8824,246811.5736579895
8825,125571.42530822754
8826,386285.8476219177
8827,387430.526638031
8828,387205.5015220642
8829,387236.86235809326
8830,284963.3411178589
8831,386925.92027282715
8832,154896.70574378967
8833,190602.30979919434
8834,377854.47510528564
8835,386812.31226348877
8836,386294.7519416809
8837,386771.7228164673
8838,359530.6935119629
8839,387183.7004585266
8840,377420.0526351929
8841,149814.75756835938
8842,386004.06870269775
8843,384440.08486557007
8844,385469.03046798706
8845,386951.4984703064
8846,386615.41707992554
8847,385771.9799423218
8848,277961.41932296753
8849,386902.25230789185
8850,386793.79025268555
8851,385981.82987976074
8852,386171.75064086914
8853,124436.33157157898
8854,270782.28676986694
8855,386575.69010925293
8856,386354.6778488159
8857,386434.91790390015
8858,385854.44722366333
8859,386079.89110565186
8860,386193.8926849365
8861,333381.4825363159
8862,386907.6876716614
8863,387314.65674209595
8864,247290.26078033447
8865,387241.8759536743
8866,149850.02891159058
8867,386820.53884506226
8868,377370.79887390137
8869,380282.3042945862
8870,388236.9491119385
8871,387721.68225860596
8872,172416.00944900513
8873,145400.40892410278
8874,385690.8029823303
8875,101630.2597732544
8876,386876.37841796875
8877,275743.5494995117
8878,386604.0545349121
8879,179025.0127067566
8880,387753.8183326721
8881,274553.7308540344
8882,219369.6304950714
8883,211976.1961364746
8884,388283.76584625244
8885,387855.73736572266
8886,387303.0257987976
8887,122892.70034790039
8888,387824.3089866638
8889,271676.12673950195
8890,378058.52991867065
8891,380317.0714492798
8892,388144.1317977905
8893,386636.69566726685
8894,268169.05098342896
8895,387287.2035827637
8896,387969.0275878906
8897,386639.8919830322
8898,387203.13759994507
8899,386582.40364074707
8900,270997.043094635
8901,386589.7392807007
8902,387672.0734100342
8903,386776.7925224304
8904,387495.3067626953
8905,386457.5598144531
8906,386066.3469390869
8907,360314.8721885681
8908,127735.29991531372
8909,297333.2329711914
8910,193042.27967834473
8911,386960.8422203064
8912,386298.8807029724
8913,297696.64025878906
8914,386165.08292388916
8915,386445.307346344
8916,387016.268535614
8917,121929.60445022583
8918,275167.9590034485
8919,387255.85708999634
8920,109847.2919845581
8921,386591.02393722534
8922,385056.14974975586
8923,140296.81448364258
8924,386103.03691482544
8925,98889.49927139282
8926,385650.22074890137
8927,386518.4689979553
8928,387112.2689971924
8929,385805.33002090454
8930,385125.2868499756
8931,385956.0072631836
8932,386518.08264541626
8933,279830.825050354
8934,385169.8751678467
8935,385886.94761657715
8936,384489.9711341858
8937,386961.20233917236
8938,311596.69007492065
8939,385454.92472839355
8940,386927.8048553467
8941,386436.91580200195
8942,386177.55795288086
8943,386347.0761795044
8944,386957.255279541
8945,387029.7732772827
8946,285114.743976593
8947,387095.5015182495
8948,291689.50819015503
8949,386687.358253479
8950,385656.22677993774
8951,257515.202583313
8952,384232.4919433594
8953,386138.0434036255
8954,386898.7753868103
8955,386491.6436729431
8956,388013.9348297119
8957,387089.77154541016
8958,387686.83235931396
8959,159887.30250358582
8960,387444.17264938354
8961,386632.06927108765
8962,109319.10953521729
8963,387349.34967803955
8964,272179.1906929016
8965,387990.55265808105
8966,387934.7292442322
8967,268171.94428253174
8968,285944.90577316284
8969,387267.46786117554
8970,341113.3834762573
8971,387389.3794708252
8972,128395.6808128357
8973,322575.821395874
8974,272543.6127548218
8975,387355.8984069824
8976,386756.39066696167
8977,385804.08542251587
8978,386924.4143409729
8979,316358.447719574
8980,211948.04896354675
8981,275870.32944488525
8982,386789.71436691284
8983,386242.8047218323
8984,386832.79598236084
8985,386047.6923904419
8986,151257.40807724
8987,385954.6798553467
8988,385861.7732925415
8989,88835.68209075928
8990,378514.75272369385
8991,385028.1570701599
8992,386155.4608039856
8993,386254.07960128784
8994,368777.3016242981
8995,81337.05194091797
8996,379297.10329818726
8997,387749.03804016113
8998,387595.7537727356
8999,152813.73342132568
9000,377504.18898391724
9001,387389.14029312134
9002,387008.7653617859
9003,281176.8801956177
9004,386676.7180633545
9005,388117.25469970703
9006,243620.563495636
9007,386548.3883666992
9008,388384.65047836304
9009,378510.9359855652
9010,350825.4404335022
9011,387485.51706314087
9012,379444.0296936035
9013,387491.4139175415
9014,388821.182510376
9015,388060.08211898804
9016,375769.2748641968
9017,96146.10900306702
9018,185523.36656188965
9019,386301.76721572876
9020,386330.90269470215
9021,386015.1855583191
9022,387466.3194961548
9023,387461.1651954651
9024,388121.9010925293
9025,281044.14588165283
9026,388304.4642868042
9027,387747.70136642456
9028,121827.72408485413
9029,386835.3504295349
9030,139017.8463897705
9031,386500.647441864
9032,377545.34729385376
9033,387006.20865249634
9034,385335.3365097046
9035,235539.0064163208
9036,385898.2997055054
9037,386550.12674713135
9038,385846.0954284668
9039,350409.1002960205
9040,379536.62759399414
9041,387025.47899246216
9042,320682.4634132385
9043,386824.8568954468
9044,297876.9811859131
9045,385662.5242652893
9046,385005.50604248047
9047,387356.39362716675
9048,386850.76878738403
9049,386003.52991104126
9050,386121.1354255676
9051,386088.95862579346
9052,385289.70849227905
9053,384252.606754303
9054,385864.6517906189
9055,385291.96269989014
9056,349473.86612701416
9057,283248.7858390808
9058,64136.546646118164
9059,386460.16750335693
9060,386745.5796775818
9061,377271.1467514038
9062,384095.6943740845
9063,385962.24729919434
9064,386641.0438079834
9065,385138.10039520264
9066,386004.40866470337
9067,369339.87630844116
9068,386681.6204223633
9069,376966.977973938
9070,386544.32918548584
9071,387026.2926673889
9072,130086.00573730469
9073,385968.4292793274
9074,385330.48809432983
9075,386266.14155578613
9076,277635.5213356018
9077,387346.1368255615
9078,387477.7967681885
9079,386738.85303878784
9080,387224.3348007202
9081,387436.0556869507
9082,387542.2761154175
9083,386804.06716918945
9084,386631.7755508423
9085,384842.600566864
9086,387004.63803100586
9087,199205.7078742981
9088,99807.4423789978
9089,250320.46990585327
9090,388004.5340118408
9091,257065.71252822876
9092,270560.8725280762
9093,386758.3635444641
9094,269810.24615478516
9095,387088.25466918945
9096,271177.43828201294
9097,386885.9450378418
9098,386170.5032196045
9099,384360.1605415344
9100,280873.59519195557
9101,239682.31435394287
9102,387637.38077545166
9103,387384.9739189148
9104,186564.19509506226
9105,273570.0317878723
9106,358821.80712127686
9107,387128.9269332886
9108,387908.98623657227
9109,100203.22780609131
9110,254363.09659576416
9111,387208.75007247925
9112,386765.1468009949
9113,175993.03618240356
9114,387196.5345840454
9115,387517.18169021606
9116,387861.70962142944
9117,182024.10221290588
9118,125802.85131263733
9119,261137.09830093384
9120,242275.32513046265
9121,387581.0047454834
9122,379063.60457992554
9123,314522.14238357544
9124,105155.8986492157
9125,388042.1216659546
9126,387377.9775390625
9127,385871.98041152954
9128,387376.5502052307
9129,387044.95391082764
9130,388236.2371444702
9131,387557.5108680725
9132,203003.0442123413
9133,387383.8598136902
9134,386414.9875907898
9135,387336.6107711792
9136,91998.79671478271
9137,284149.54988479614
9138,322757.7540283203
9139,116022.4293346405
9140,287384.7813568115
9141,387367.0912246704
9142,114183.95999526978
9143,319575.7761993408
9144,388041.97787094116
9145,113453.86058044434
9146,388131.824798584
9147,387144.7150001526
9148,388360.4122695923
9149,388163.7981147766
9150,387792.14570999146
9151,387965.4101333618
9152,386863.3734512329
9153,387546.47930145264
9154,141269.48751831055
9155,387894.9890785217
9156,385754.931186676
9157,387793.59840011597
9158,387158.5325012207
9159,175462.18800354004
9160,274278.7318840027
9161,387740.8256149292
9162,280105.4952926636
9163,387275.7978897095
9164,387112.4616699219
9165,386341.6957359314
9166,387473.4515838623
9167,387276.2472038269
9168,227113.58858680725
9169,386365.68042755127
9170,387517.81901550293
9171,272433.51346206665
9172,387209.822933197
9173,386775.36529922485
9174,387310.0273475647
9175,386597.00799942017
9176,386528.5779685974
9177,386930.0963745117
9178,386882.2366218567
9179,387606.8971939087
9180,387310.19190979004
9181,387539.56898880005
9182,386976.28382492065
9183,108787.18614196777
9184,385240.31467819214
9185,386889.1474533081
9186,387330.20109558105
9187,387948.769695282
9188,275515.73666763306
9189,386650.2222251892
9190,360059.337474823
9191,387431.33139801025
9192,350357.91706466675
9193,387213.17932128906
9194,387142.0537261963
9195,387368.4521217346
9196,386944.1897468567
9197,388290.6566390991
9198,387638.4864959717
9199,388400.1520652771
9200,96540.42120361328
9201,387112.11211395264
9202,272298.9031829834
9203,386936.61156082153
9204,387249.2317428589
9205,386504.82069015503
9206,388114.66510009766
9207,386834.072719574
9208,387057.84299850464
9209,129530.30085754395
9210,266799.13439559937
9211,387066.8203392029
9212,385546.8868789673
9213,384910.0400009155
9214,192830.03826713562
9215,158857.8384284973
9216,387074.07151031494
9217,387013.1065559387
9218,387553.14221572876
9219,387030.5781097412
9220,386886.36292266846
9221,386699.8404388428
9222,342653.09854888916
9223,275127.2611846924
9224,387233.3175544739
9225,387455.2195930481
9226,386594.19929504395
9227,387364.3074951172
9228,387254.7789955139
9229,273791.6735420227
9230,387397.10886764526
9231,386678.63496780396
9232,387429.42597961426
9233,386465.39655685425
9234,140794.9864768982
9235,387872.34951782227
9236,387397.47483825684
9237,388087.733959198
9238,177026.59769821167
9239,387320.2421569824
9240,387739.08503723145
9241,178232.6328163147
9242,387783.9317474365
9243,220729.22613334656
9244,388100.45056152344
9245,287664.0074157715
9246,387162.3660316467
9247,148261.72767448425
9248,287360.39879226685
9249,292067.30474090576
9250,388484.7554702759
9251,387871.8164215088
9252,100291.81984519958
9253,300842.4637641907
9254,373622.971157074
9255,379272.602016449
9256,388129.891708374
9257,388265.3141517639
9258,387512.22520828247
9259,387708.0436477661
9260,387765.4644546509
9261,387339.6091957092
9262,324673.78133010864
9263,386843.916595459
9264,387135.42388153076
9265,386293.8466758728
9266,280226.8692703247
9267,269073.05281066895
9268,387198.4941139221
9269,387699.5999145508
9270,386903.6647529602
9271,385964.27784729004
9272,386046.6004333496
9273,386260.98805999756
9274,310432.22693252563
9275,267615.1320037842
9276,386695.99615097046
9277,264921.0781440735
9278,387332.37410354614
9279,387138.6295776367
9280,385856.995639801
9281,386864.31017684937
9282,386078.56075668335
9283,387510.0208892822
9284,386671.7303276062
9285,386377.5374107361
9286,386079.6765937805
9287,385963.9938430786
9288,93918.2480392456
9289,143870.61659240723
9290,182079.95378112793
9291,386644.547958374
9292,386329.8508758545
9293,386643.32427597046
9294,387119.91261291504
9295,233686.55303955078
9296,269286.8109703064
9297,99586.2626953125
9298,387441.97116470337
9299,152804.20296478271
9300,385984.4733314514
9301,103313.41692352295
9302,386563.56911468506
9303,387222.02767181396
9304,387171.6050262451
9305,387255.53605270386
9306,386538.30110549927
9307,385763.05459594727
9308,386611.7883720398
9309,387550.0238304138
9310,387243.8189086914
9311,284426.2107849121
9312,325447.395778656
9313,181873.9857788086
9314,387411.18938446045
9315,387817.7723579407
9316,387973.5696487427
9317,357148.6745109558
9318,280966.29094696045
9319,183062.09845161438
9320,387482.6661911011
9321,387440.949924469
9322,388200.5149307251
9323,388263.27906036377
9324,387204.73554611206
9325,202666.16533851624
9326,388132.80014801025
9327,388240.4945640564
9328,155140.25498580933
9329,116033.59088134766
9330,387796.82738113403
9331,386913.76585006714
9332,282818.31240463257
9333,387323.42671585083
9334,253530.9052658081
9335,388144.77111434937
9336,276624.89643096924
9337,293526.9760017395
9338,359666.14279174805
9339,387866.1045265198
9340,387907.82959747314
9341,285223.0644798279
9342,388535.80613708496
9343,387624.63677978516
9344,387855.3970489502
9345,387530.1998023987
9346,387413.60486221313
9347,376515.16513442993
9348,387733.87423324585
9349,178777.28219604492
9350,386959.4401664734
9351,387195.70961761475
9352,387776.896900177
9353,388344.96744537354
9354,387066.59996032715
9355,387751.802280426
9356,386987.734210968
9357,387733.7954902649
9358,386588.8003807068
9359,143687.66188812256
9360,298782.4186630249
9361,388572.87690734863
9362,386716.0544433594
9363,387659.3202018738
9364,161516.9054145813
9365,388746.01403808594
9366,180084.42380523682
9367,387733.8669090271
9368,207468.8243408203
9369,194982.18367767334
9370,387720.40283203125
9371,190142.68577194214
9372,389049.3372993469
9373,388723.1361236572
9374,388851.99855041504
9375,387943.5344963074
9376,278253.7342376709
9377,277196.21952819824
9378,77635.91816520691
9379,387910.5124206543
9380,387364.4872817993
9381,387556.1184654236
9382,387958.74339294434
9383,134909.26196479797
9384,344591.83612442017
9385,364781.1824874878
9386,173922.16832733154
9387,127856.26098251343
9388,279103.4141521454
9389,278564.0622367859
9390,387415.1318702698
9391,144289.4517250061
9392,160359.97654914856
9393,388096.7013053894
9394,380330.6282348633
9395,387453.55226135254
9396,386574.6333732605
9397,130352.4939918518
9398,115688.89137077332
9399,386965.7120513916
9400,386912.54706573486
9401,135724.70532989502
9402,386511.5708847046
9403,387847.6081047058
9404,387372.900100708
9405,387107.0556716919
9406,284239.856426239
9407,155264.50187301636
9408,387203.0628890991
9409,388414.94956588745
9410,388913.03105545044
9411,387755.0489387512
9412,387412.96268844604
9413,371026.88010025024
9414,388914.8075942993
9415,388200.79193878174
9416,387877.8214454651
9417,387877.4511566162
9418,388526.38791656494
9419,57732.73147583008
9420,296975.74613571167
9421,387462.57664108276
9422,387824.4516181946
9423,220511.17868423462
9424,247625.84589004517
9425,116618.366065979
9426,386923.0181121826
9427,387443.56803894043
9428,387182.91605758667
9429,210649.9780845642
9430,387124.9174423218
9431,151150.70335388184
9432,387482.6587867737
9433,386983.1173171997
9434,386606.59200286865
9435,348559.6855201721
9436,387224.7166213989
9437,387036.9465827942
9438,387875.9954071045
9439,262997.98487472534
9440,129566.09843063354
9441,385521.15202331543
9442,380176.79093933105
9443,386608.484790802
9444,330991.35793685913
9445,387374.3131942749
9446,387111.51764678955
9447,384564.8684539795
9448,386095.2205276489
9449,386404.90367126465
9450,387336.96674728394
9451,387087.72803878784
9452,154763.88246917725
9453,387625.23765563965
9454,76166.53554534912
9455,386614.46113586426
9456,82024.36069107056
9457,121748.41338729858
9458,387133.4147758484
9459,386731.0267677307
9460,146016.86156463623
9461,386110.59703063965
9462,387052.51583862305
9463,386153.8667907715
9464,154877.57746696472
9465,386617.02184295654
9466,386717.4047317505
9467,386341.5214691162
9468,386480.3045692444
9469,386464.0558166504
9470,387015.9644393921
9471,385666.7460708618
9472,89607.585521698
9473,300977.66164779663
9474,385997.5745353699
9475,386647.07944869995
9476,386392.43409347534
9477,387698.51945877075
9478,386808.34132003784
9479,386889.2328605652
9480,163019.17599868774
9481,387401.40211105347
9482,386824.0301094055
9483,386416.04235458374
9484,386878.7487373352
9485,387555.1106071472
9486,386305.18688583374
9487,386823.36072540283
9488,387116.0946998596
9489,386785.51586151123
9490,388119.27532577515
9491,385023.6706237793
9492,322842.27613067627
9493,387259.1947364807
9494,386928.7204437256
9495,387622.17558288574
9496,386964.43129730225
9497,386235.0636482239
9498,386459.7423629761
9499,386577.556388855
9500,385696.7783050537
9501,386424.9737815857
9502,282937.00412750244
9503,266236.8211212158
9504,386897.7967681885
9505,387486.9071884155
9506,386480.5008354187
9507,204909.08864974976
9508,386414.14389038086
9509,246551.97076416016
9510,386966.77520751953
9511,386565.1505279541
9512,385188.20459747314
9513,386651.50022506714
9514,246017.4926109314
9515,263402.45098495483
9516,184634.7750930786
9517,387401.4468383789
9518,385412.31631469727
9519,297851.2105255127
9520,385076.20543289185
9521,119154.23909568787
9522,385641.08946609497
9523,386216.2112541199
9524,385502.47469329834
9525,113925.42854690552
9526,192701.75202560425
9527,318615.18562316895
9528,384221.89221572876
9529,355240.99867630005
9530,167019.92701148987
9531,222410.29216575623
9532,384848.09729385376
9533,281838.5690193176
9534,299523.45154953003
9535,384928.0079841614
9536,115412.25746536255
9537,384704.3281402588
9538,385866.7818450928
9539,103540.06618881226
9540,387222.7974624634
9541,340637.4116630554
9542,352666.41053009033
9543,385487.1889152527
9544,384750.76529312134
9545,386467.6558265686
9546,384696.31379699707
9547,384398.7151069641
9548,384952.06091308594
9549,246169.10298538208
9550,385434.9359931946
9551,254315.064453125
9552,289796.340297699
9553,384725.53254699707
9554,214354.2546863556
9555,107085.92400741577
9556,255529.99075317383
9557,385767.46784210205
9558,384860.98680877686
9559,280806.967666626
9560,237064.2505531311
9561,383931.349773407
9562,163489.87591552734
9563,387086.6123390198
9564,386126.3651237488
9565,179328.522605896
9566,103413.55465698242
9567,385294.7451324463
9568,386632.1622810364
9569,377835.96658706665
9570,385218.21225738525
9571,387332.54821014404
9572,386527.94927978516
9573,386150.4437484741
9574,385397.505443573
9575,386095.55101013184
9576,385026.14320373535
9577,385793.5597190857
9578,385609.41132736206
9579,386662.3481140137
9580,385866.43281173706
9581,328335.0615539551
9582,384982.72425079346
9583,386856.3792076111
9584,387873.1929130554
9585,263291.4000930786
9586,386171.9645996094
9587,385769.9936180115
9588,82581.60438537598
9589,387382.6097946167
9590,386645.81171798706
9591,387200.42753601074
9592,282055.91620254517
9593,378432.29539871216
9594,387350.5535964966
9595,386693.2860221863
9596,387209.5927696228
9597,387511.52489471436
9598,121094.81538009644
9599,370005.5687446594
9600,387646.6753730774
9601,387174.42375183105
9602,386893.32779312134
9603,386312.15005111694
9604,387177.0651893616
9605,387599.73735427856
9606,387668.889755249
9607,388356.4806442261
9608,385959.41822052
9609,386278.3925704956
9610,385374.1054496765
9611,386550.41094207764
9612,387168.77657318115
9613,386959.10454559326
9614,387972.16680908203
9615,371630.8375053406
9616,159812.9101638794
9617,388999.7102737427
9618,278428.8435783386
9619,387276.98126220703
9620,378130.6434440613
9621,388599.34854507446
9622,378140.58811569214
9623,258320.07275390625
9624,183332.4775238037
9625,387302.5241355896
9626,387861.90814971924
9627,138569.99145126343
9628,385781.81365966797
9629,387431.86850738525
9630,203829.7826576233
9631,385867.9749069214
9632,386980.62728500366
9633,381286.3664665222
9634,386764.7195510864
9635,387947.39361572266
9636,388584.17809677124
9637,109709.12885284424
9638,386706.09045028687
9639,388234.141204834
9640,387844.19703674316
9641,386430.3225059509
9642,254976.3934135437
9643,156018.3581161499
9644,166278.81116485596
9645,387228.6233406067
9646,214503.265750885
9647,119600.45928192139
9648,387026.9273414612
9649,387779.1078453064
9650,259256.16667938232
9651,387715.6573638916
9652,298700.81454849243
9653,387649.525226593
9654,376846.6346588135
9655,175025.20511627197
9656,388081.05654525757
9657,386790.74726104736
9658,127686.35164260864
9659,389177.0522041321
9660,387880.8504867554
9661,98625.62995147705
9662,117810.64472579956
9663,386961.01498413086
9664,387111.4119644165
9665,386440.2819480896
9666,385587.46452331543
9667,387044.97537994385
9668,386819.5621833801
9669,386822.61072540283
9670,386907.2180137634
9671,386096.4964752197
9672,387765.698764801
9673,387433.35318756104
9674,385544.5953102112
9675,386962.86724090576
9676,386054.6385231018
9677,385217.1387786865
9678,386143.43561172485
9679,386020.6135482788
9680,300241.83407592773
9681,110382.87477302551
9682,137960.47413635254
9683,386820.05487823486
9684,388055.84464645386
9685,386909.29496383667
9686,388019.77392196655
9687,386267.7578277588
9688,387622.88299560547
9689,260862.47118759155
9690,112811.92240142822
9691,387246.15003204346
9692,388799.64393234253
9693,142862.55811309814
9694,174887.91706848145
9695,387110.32915115356
9696,387234.40672683716
9697,387097.2350349426
9698,262481.8683242798
9699,273981.9821052551
9700,385523.99390411377
9701,287187.96284866333
9702,387545.5421714783
9703,386672.9302062988
9704,386131.9779663086
9705,386082.12075805664
9706,387664.0264854431
9707,386064.2410812378
9708,385007.94594192505
9709,385623.43309020996
9710,285610.24515914917
9711,385078.5831184387
9712,138131.8026123047
9713,387050.02852630615
9714,217194.30072402954
9715,386970.5229148865
9716,386824.9419364929
9717,385508.91499328613
9718,385416.92751312256
9719,386631.02227020264
9720,385821.1027030945
9721,386450.02557754517
9722,385325.5521965027
9723,386879.8225631714
9724,199501.82034683228
9725,385941.3958930969
9726,386213.204082489
9727,386018.75635910034
9728,386335.9227333069
9729,387424.87940597534
9730,386285.9821243286
9731,385497.45318984985
9732,385711.1514854431
9733,233883.4165210724
9734,386083.56199264526
9735,385191.2537460327
9736,386212.85861206055
9737,385997.28871154785
9738,213609.0659828186
9739,388121.19944763184
9740,114731.4023361206
9741,160822.42091560364
9742,264450.8019332886
9743,387012.791973114
9744,387198.24434661865
9745,386828.49269104004
9746,386327.6673049927
9747,341991.06426239014
9748,386455.53549194336
9749,388529.5662612915
9750,128896.915309906
9751,168543.1106147766
9752,388788.3120536804
9753,387629.4940261841
9754,386931.19913864136
9755,386962.6012954712
9756,387208.79152679443
9757,388654.67528533936
9758,387428.6001434326
9759,387146.8652191162
9760,387218.524723053
9761,263541.75637054443
9762,386187.0122833252
9763,301042.6160430908
9764,386466.7605819702
9765,135982.53418922424
9766,386469.8405418396
9767,217670.82745170593
9768,156602.5045967102
9769,347767.9337387085
9770,384966.22339630127
9771,386139.9295539856
9772,386191.1236190796
9773,386715.02325057983
9774,387624.7802505493
9775,387201.0873603821
9776,328723.2949409485
9777,387977.2702407837
9778,388522.71937561035
9779,388697.22886657715
9780,387502.57416915894
9781,389226.80809783936
9782,378657.8879585266
9783,389240.4544029236
9784,388254.821434021
9785,388490.8826599121
9786,387528.15127944946
9787,388318.0710449219
9788,387426.9480628967
9789,387681.9826011658
9790,386795.23945999146
9791,388512.86448287964
9792,387712.8942222595
9793,388221.99478530884
9794,387843.9252166748
9795,385816.4582595825
9796,386880.5732421875
9797,386901.7024307251
9798,117113.29343795776
9799,386749.13149261475
9800,104470.30912780762
9801,380763.4270553589
9802,89394.23590660095
9803,183880.8058013916
9804,387392.4383659363
9805,203238.9080619812
9806,387096.6580238342
9807,386155.4644355774
9808,386247.97842407227
9809,387187.43351364136
9810,386964.63578414917
9811,387428.559841156
9812,387518.0685310364
9813,245260.8481616974
9814,387534.3136482239
9815,155354.71933174133
9816,235204.63109207153
9817,164170.0852394104
9818,117230.97776031494
9819,301126.33961486816
9820,387052.41887664795
9821,386967.54738235474
9822,372575.5920639038
9823,386519.57594299316
9824,385985.86699295044
9825,384676.1902999878
9826,386173.4203300476
9827,168914.10780143738
9828,369136.50996017456
9829,385362.8287849426
9830,387029.0101509094
9831,115907.69680786133
9832,386514.9474143982
9833,387252.17236328125
9834,385017.658241272
9835,247175.0978126526
9836,386651.503616333
9837,297395.0038795471
9838,386793.2074127197
9839,94969.31841659546
9840,114753.38144302368
9841,385876.6533508301
9842,386309.6344490051
9843,387054.8801956177
9844,156896.38286209106
9845,234467.4765472412
9846,278008.87867736816
9847,386668.73693847656
9848,387219.4439315796
9849,308030.00811958313
9850,300937.71365356445
9851,153666.92538642883
9852,387268.84815216064
9853,203374.78252792358
9854,125394.14152145386
9855,275122.1865348816
9856,386977.9769630432
9857,249079.87223434448
9858,365962.86544418335
9859,205378.04119110107
9860,386485.3272972107
9861,386639.1305656433
9862,387436.9075241089
9863,188354.8235168457
9864,257929.47108078003
9865,386907.1921386719
9866,386944.658203125
9867,98192.06775093079
9868,258471.6030883789
9869,386884.79904937744
9870,289352.99349975586
9871,387523.7736854553
9872,386432.18323516846
9873,119028.38134384155
9874,106511.36745452881
9875,170303.59024047852
9876,387154.59701156616
9877,386487.69470214844
9878,130510.48518562317
9879,386295.37089157104
9880,385801.21588897705
9881,385624.0799293518
9882,137599.36068725586
9883,385241.98094940186
9884,386834.98413848877
9885,158884.5764541626
9886,386182.2346801758
9887,385795.93352127075
9888,387243.3614959717
9889,385837.81506347656
9890,386959.89238739014
9891,386768.8196258545
9892,385836.890499115
9893,386324.8200035095
9894,386828.17123794556
9895,386127.85986709595
9896,387257.59356307983
9897,386284.4323539734
9898,387214.0931816101
9899,387085.2582626343
9900,378539.3317642212
9901,388092.9971046448
9902,385701.27518081665
9903,136317.16718673706
9904,385524.0209579468
9905,122845.8736114502
9906,386728.87188339233
9907,386523.75171661377
9908,377753.6552467346
9909,222349.96380615234
9910,232990.61627197266
9911,140531.75023269653
9912,368151.71213912964
9913,386615.03465270996
9914,387390.8691596985
9915,232864.7341156006
9916,133709.09103012085
9917,135539.1104412079
9918,140131.4839630127
9919,169365.09944534302
9920,385685.65852355957
9921,387078.30559158325
9922,249986.6604385376
9923,98845.19568061829
9924,387233.5580177307
9925,104244.47302627563
9926,254990.56827545166
9927,387801.2872543335
9928,388318.0985107422
9929,388310.7875099182
9930,266969.9278526306
9931,387164.0524940491
9932,336332.4572868347
9933,386725.648563385
9934,386981.308429718
9935,386823.7805671692
9936,274648.08405303955
9937,387752.09269714355
9938,133300.74820709229
9939,323758.70335388184
9940,237841.5520515442
9941,387424.33597946167
9942,159824.901348114
9943,252475.78300094604
9944,387064.5843696594
9945,155169.91761016846
9946,386699.3934059143
9947,387511.32833480835
9948,387237.9476623535
9949,186548.7917098999
9950,386461.4313774109
9951,387820.13272094727
9952,246600.139087677
9953,323290.4396324158
9954,385618.0336380005
9955,246171.60284423828
9956,387171.0894622803
9957,386442.96293258667
9958,114424.60265350342
9959,338132.18791007996
9960,388132.4346084595
9961,386851.80963897705
9962,101032.12394142151
9963,386459.0319290161
9964,139145.64025878906
9965,386458.3204879761
9966,386697.36000442505
9967,194772.80331802368
9968,387230.09536361694
9969,141192.6248435974
9970,378140.23725509644
9971,386752.9176902771
9972,127286.61255264282
9973,225800.40734672546
9974,386145.9538192749
9975,124325.20513534546
9976,387071.03228378296
9977,386695.83208465576
9978,386264.3064918518
9979,221802.5776500702
9980,387216.04343032837
9981,386799.3637275696
9982,379576.1360359192
9983,384659.9658508301
9984,162688.9663581848
9985,386392.33459472656
9986,386674.9172973633
9987,199848.34326553345
9988,387157.94371414185
9989,386243.2828025818
9990,182242.24158096313
9991,386069.0200767517
9992,95073.95943832397
9993,385286.1537055969
9994,384759.0643310547
9995,386471.657535553
9996,387182.80236816406
9997,386598.53242492676
9998,385887.79333114624
9999,385361.2259674072
10000,384601.3323402405
10001,386359.2749977112
10002,364870.5760574341
10003,192679.98844528198
10004,386518.6714782715
10005,238508.72845458984
10006,253213.47299575806
10007,100493.50483322144
10008,316493.50437164307
10009,385412.50609588623
10010,386305.98651123047
10011,386497.57455825806
10012,387001.36599731445
10013,262877.6997833252
10014,386777.63091278076
10015,385544.06003952026
10016,387282.2159347534
10017,387161.59143066406
10018,386731.03942108154
10019,210529.91053390503
10020,385947.216217041
10021,385938.8111305237
10022,346770.4966278076
10023,387168.7812385559
10024,348835.34305381775
10025,387129.59286499023
10026,309003.1067504883
10027,385296.13438796997
10028,385956.8686943054
10029,130626.82678985596
10030,387558.7568130493
10031,273132.0184288025
10032,380037.3426055908
10033,387342.3444709778
10034,319307.92490005493
10035,244855.99088668823
10036,222328.95670318604
10037,293598.3660583496
10038,319016.6690788269
10039,387656.1088447571
10040,387233.96284484863
10041,388153.4872741699
10042,215273.1643257141
10043,388509.3698196411
10044,387711.21187210083
10045,131489.48391342163
10046,386943.51989364624
10047,386363.2751502991
10048,387664.7343444824
10049,111094.73417663574
10050,387140.92749786377
10051,386544.10834503174
10052,369731.70751571655
10053,386141.18839645386
10054,385034.47927093506
10055,385655.4383201599
10056,386741.6874008179
10057,387467.6654586792
10058,387439.5467147827
10059,387379.6347389221
10060,387892.66135025024
10061,387640.5991859436
10062,388259.6071128845
10063,388107.09562683105
10064,387518.61109161377
10065,385772.4544830322
10066,387443.3654136658
10067,388458.78090667725
10068,92391.94027900696
10069,388227.09173583984
10070,272664.9613838196
10071,343561.7669067383
10072,388007.5167770386
10073,389271.3582992554
10074,388746.24937438965
10075,277792.35022735596
10076,388831.47285079956
10077,388124.4654159546
10078,122199.08553314209
10079,363530.1828689575
10080,388484.40213012695
10081,387754.32582473755
10082,193884.26104354858
10083,170561.64525985718
10084,254200.82125091553
10085,388871.2313117981
10086,388770.8158187866
10087,387760.6814651489
10088,273935.89574432373
10089,276355.0241127014
10090,388248.80292129517
10091,387679.30542755127
10092,197594.72611999512
10093,387954.71950531006
10094,388200.61976242065
10095,388173.0004463196
10096,272298.0821990967
10097,271145.6867713928
10098,388116.60079956055
10099,266376.0143661499
10100,389158.5185890198
10101,388731.9835128784
10102,387792.00157928467
10103,283328.19062805176
10104,388711.3596496582
10105,388363.2818222046
10106,273274.37075042725
10107,274590.00608444214
10108,388453.4222679138
10109,388305.95888900757
10110,389168.69415283203
10111,91874.76241874695
10112,387196.87060928345
10113,388734.5366783142
10114,387238.5383796692
10115,386445.88204193115
10116,387557.4245567322
10117,387405.0835609436
10118,387813.0124206543
10119,262600.88006973267
10120,296163.14853286743
10121,389114.4435348511
10122,332033.1895904541
10123,387721.6498374939
10124,245251.75498199463
10125,388247.3754501343
10126,203425.08451652527
10127,364768.96951293945
10128,387641.4926338196
10129,388815.83138656616
10130,388150.05546951294
10131,267509.5806236267
10132,257321.87502670288
10133,387621.74643707275
10134,388860.84746170044
10135,271311.23221588135
10136,273258.4358177185
10137,386877.7549819946
10138,270091.0761871338
10139,262320.024017334
10140,95645.73188591003
10141,386516.0148925781
10142,386458.4665489197
10143,386057.62964630127
10144,385670.57654953003
10145,386765.8092727661
10146,294356.95110321045
10147,357448.0623626709
10148,387831.2097167969
10149,387183.59547805786
10150,387909.39094543457
10151,386557.8165740967
10152,385381.9655418396
10153,278047.2457122803
10154,386419.12062835693
10155,140912.95394134521
10156,385594.0901603699
10157,77765.9334526062
10158,103609.61819458008
10159,353698.66456222534
10160,387084.38386535645
10161,202347.74674987793
10162,100296.88779258728
10163,305951.2010536194
10164,387415.3508338928
10165,274214.80936813354
10166,385546.3381347656
10167,278058.5928077698
10168,388064.9409828186
10169,387374.40925216675
10170,182258.68947792053
10171,378909.2115211487
10172,263640.0199584961
10173,387470.2548522949
10174,387128.6543045044
10175,389284.8116645813
10176,387496.71407699585
10177,384659.83364105225
10178,388122.1341743469
10179,262816.3170661926
10180,387963.8103981018
10181,274861.60651397705
10182,387337.81969451904
10183,275093.91204833984
10184,285967.8565483093
10185,388352.8856048584
10186,388130.2718772888
10187,387047.0010757446
10188,387478.39138031006
10189,388861.1075248718
10190,388936.6407318115
10191,289400.697555542
10192,164024.5568447113
10193,388480.8848800659
10194,228369.90669250488
10195,388709.3170776367
10196,389504.8339576721
10197,110429.59261703491
10198,185244.20357704163
10199,387822.14001846313
10200,387978.31007385254
10201,389317.2507095337
10202,380452.1463546753
10203,77075.59529685974
10204,388564.55781555176
10205,387694.4316215515
10206,261513.78218460083
10207,156913.75277519226
10208,387706.0842895508
10209,389178.3557510376
10210,387829.46422195435
10211,388071.3023147583
10212,389122.22342681885
10213,386276.75688552856
10214,387443.3057899475
10215,388515.2607803345
10216,388677.4970932007
10217,272625.9553718567
10218,388188.37172317505
10219,388475.6976661682
10220,127067.63542556763
10221,389184.82723999023
10222,388800.86573028564
10223,126551.6316242218
10224,388840.4526939392
10225,296704.1742210388
10226,357408.0258483887
10227,387020.23249435425
10228,245618.65114974976
10229,388765.7391204834
10230,388281.3878097534
10231,389083.3296432495
10232,120326.03592300415
10233,275612.6812095642
10234,388340.966217041
10235,388422.99546813965
10236,388437.046295166
10237,190762.83284378052
10238,387984.4613685608
10239,388179.6420402527
10240,388592.9396934509
10241,388230.07276535034
10242,260493.94713974
10243,388207.96656799316
10244,282878.0058822632
10245,104199.41556930542
10246,249593.24475479126
10247,387910.1234474182
10248,146359.23609733582
10249,389222.2728805542
10250,389333.3549194336
10251,213872.66912460327
10252,388885.9658050537
10253,388902.81800842285
10254,388433.8289985657
10255,387952.23595809937
10256,388408.7144393921
10257,389040.0689353943
10258,249971.23308563232
10259,389015.907081604
10260,388116.2520523071
10261,202002.3288269043
10262,386518.36965560913
10263,387853.99213409424
10264,374907.47969436646
10265,386276.99531173706
10266,387400.4231033325
10267,388923.71574401855
10268,387667.0785179138
10269,388642.4136199951
10270,387262.31352996826
10271,387071.0297164917
10272,386976.51580810547
10273,388412.4223213196
10274,388641.69926834106
10275,279197.0739517212
10276,248234.03287887573
10277,387729.07640075684
10278,388498.40938949585
10279,389015.19094467163
10280,387260.05897140503
10281,83829.11479568481
10282,143297.5215396881
10283,388161.86193847656
10284,388657.8764152527
10285,387933.6565208435
10286,277216.11793899536
10287,388657.4467163086
10288,376372.13736343384
10289,387687.2490615845
10290,136444.7721977234
10291,386827.14041900635
10292,388365.19972229004
10293,374128.0573387146
10294,339323.6784629822
10295,387635.6390800476
10296,150378.39234733582
10297,378065.0751647949
10298,388206.8719329834
10299,387757.79613494873
10300,387649.7964515686
10301,101802.34273147583
10302,387805.8193473816
10303,387956.8461036682
10304,387183.3909072876
10305,387747.8071937561
10306,388421.82120513916
10307,387504.50255203247
10308,387983.0747871399
10309,359540.6707801819
10310,388058.0326347351
10311,292024.4498825073
10312,387733.52336883545
10313,388384.1845817566
10314,388390.5750236511
10315,299044.7355270386
10316,389588.6528701782
10317,387304.0069961548
10318,310048.10718536377
10319,190058.32889938354
10320,388037.8825187683
10321,186140.47165489197
10322,387662.532913208
10323,387073.19410705566
10324,387500.0509262085
10325,388637.3746032715
10326,387665.5657310486
10327,388244.6915550232
10328,387218.0032463074
10329,388757.92908477783
10330,253885.71801757812
10331,388678.39723587036
10332,387908.08197021484
10333,193800.65091323853
10334,387804.2992744446
10335,388478.36530303955
10336,388948.22217178345
10337,388508.92082977295
10338,388490.0012321472
10339,386893.82273483276
10340,387258.8677444458
10341,268943.12020874023
10342,389507.8891181946
10343,389201.9316444397
10344,389068.9122772217
10345,388085.5209007263
10346,388600.6672744751
10347,250174.670917511
10348,388534.06077957153
10349,387726.37171173096
10350,387677.9670372009
10351,120638.07035827637
10352,387859.9235801697
10353,313059.52985954285
10354,388368.9031867981
10355,340106.5287322998
10356,388236.1358909607
10357,387451.71686172485
10358,388433.00299072266
10359,388380.59827804565
10360,283917.610332489
10361,387976.1967277527
10362,387690.73833084106
10363,107720.68820953369
10364,387760.48944091797
10365,319738.29933929443
10366,388456.2908592224
10367,388257.8819694519
10368,387157.79414749146
10369,387777.9670791626
10370,112947.37083435059
10371,150604.58560943604
10372,104100.61667823792
10373,353787.89155960083
10374,388102.07861709595
10375,271693.439163208
10376,140394.0023097992
10377,388397.4962120056
10378,388790.43340301514
10379,304045.2903022766
10380,388432.39936828613
10381,388435.44131088257
10382,88080.85465621948
10383,152567.74073791504
10384,388676.62434387207
10385,390089.9024848938
10386,387636.9912223816
10387,225374.49688339233
10388,289871.9948654175
10389,177927.22562789917
10390,320964.6751861572
10391,144523.0941696167
10392,388976.928565979
10393,87092.41161346436
10394,388252.26751327515
10395,388535.06413269043
10396,388791.34203338623
10397,336884.92085266113
10398,388303.2908821106
10399,230603.5452518463
10400,293043.7719402313
10401,389262.93673324585
10402,139898.8498802185
10403,224416.859085083
10404,389222.9048423767
10405,378667.17934799194
10406,388808.845539093
10407,281956.921295166
10408,387573.97803497314
10409,389239.7527618408
10410,387832.67043685913
10411,387593.24856185913
10412,389084.8476486206
10413,387876.1053543091
10414,116539.1241722107
10415,162564.59202575684
10416,189982.9077167511
10417,277766.4937515259
10418,387536.1073036194
10419,386423.14418792725
10420,387860.63455581665
10421,98567.4790802002
10422,389030.86125946045
10423,388489.16009521484
10424,387850.22525787354
10425,343981.6513671875
10426,288057.48568344116
10427,389015.9965209961
10428,388192.5047836304
10429,236641.82857131958
10430,388891.97092437744
10431,388545.30696105957
10432,388120.036151886
10433,388790.76487350464
10434,388337.06301116943
10435,101532.94502258301
10436,311156.5079841614
10437,243091.18232917786
10438,311073.6506767273
10439,388841.3641357422
10440,388831.7523536682
10441,114701.8563041687
10442,387753.0306816101
10443,146367.1500492096
10444,389344.0503883362
10445,388705.6397743225
10446,126658.42624282837
10447,170403.57928848267
10448,305357.62770462036
10449,388179.70907211304
10450,388711.8611907959
10451,288694.8802947998
10452,388313.5599708557
10453,140670.79107284546
10454,387544.1290435791
10455,319026.6936302185
10456,145820.90635681152
10457,89172.82869148254
10458,387494.02268218994
10459,388301.6776313782
10460,247336.15775299072
10461,279060.1613082886
10462,387512.7399330139
10463,387315.756526947
10464,387539.7461204529
10465,387867.9457473755
10466,387279.0692977905
10467,387992.61556625366
10468,387842.20471191406
10469,387808.0982322693
10470,388338.27742767334
10471,387259.4194717407
10472,388126.299079895
10473,374367.5142288208
10474,388180.8550643921
10475,128643.74658584595
10476,388781.16736221313
10477,387966.19636917114
10478,388035.7384490967
10479,388518.6155052185
10480,388419.9907913208
10481,211706.12410736084
10482,109929.31198501587
10483,170372.43659973145
10484,388552.7258720398
10485,282621.71421813965
10486,291299.35793685913
10487,387558.00522613525
10488,388774.7761154175
10489,388335.94257736206
10490,388539.61756515503
10491,388036.3465156555
10492,388764.62060165405
10493,388056.95474624634
10494,387348.86561203003
10495,221962.08750152588
10496,377395.1012840271
10497,389973.304107666
10498,389480.9442253113
10499,258139.88705825806
10500,388027.2232437134
10501,388243.8589820862
10502,388407.78898620605
10503,375330.9495010376
10504,387991.24532699585
10505,388620.70990371704
10506,387330.34911346436
10507,388484.5700645447
10508,303928.5626792908
10509,387830.43451309204
10510,388101.7885093689
10511,388997.79063796997
10512,388425.183555603
10513,273361.71701431274
10514,269201.1398887634
10515,388492.70847702026
10516,388212.9343032837
10517,389103.9954032898
10518,274080.9050254822
10519,389303.8901023865
10520,388905.95261764526
10521,285745.8610534668
10522,389708.07470703125
10523,388640.06268692017
10524,388637.63621902466
10525,389245.0259437561
10526,352445.3119163513
10527,389082.11360931396
10528,239863.11743927002
10529,389350.4154815674
10530,388662.75970458984
10531,388893.28858566284
10532,151240.43508911133
10533,387941.26107406616
10534,304080.4934082031
10535,388219.0948562622
10536,388466.49475479126
10537,225151.48698043823
10538,389294.18546676636
10539,77655.10165405273
10540,177068.9998626709
10541,139261.77920150757
10542,388674.12071990967
10543,81020.11098861694
10544,195514.65880203247
10545,389011.5354385376
10546,369517.00242233276
10547,299381.82064056396
10548,345190.14096069336
10549,367076.0604095459
10550,205430.23808670044
10551,226030.00660324097
10552,388000.6847419739
10553,387881.3741569519
10554,387637.5148124695
10555,108228.55132484436
10556,388565.1144981384
10557,222330.5418395996
10558,162465.51879501343
10559,388649.5276565552
10560,98252.55990791321
10561,388124.4779548645
10562,388046.990486145
10563,388198.0433731079
10564,388439.530708313
10565,167926.77089309692
10566,388579.3154220581
10567,216247.08130645752
10568,388350.2610206604
10569,295047.78560066223
10570,263245.3187236786
10571,251833.85216903687
10572,388580.67183303833
10573,389292.9865875244
10574,387584.02070236206
10575,388927.19760131836
10576,388962.6365432739
10577,387799.84790802
10578,388382.5781555176
10579,388723.71061325073
10580,389013.9722099304
10581,388997.2391586304
10582,124268.64960861206
10583,122885.55696487427
10584,388422.05058288574
10585,70180.555809021
10586,388193.5378189087
10587,388725.3582801819
10588,388413.6708755493
10589,387962.7399711609
10590,388496.5313873291
10591,387868.37950897217
10592,256115.30250930786
10593,387054.20345306396
10594,387333.96688079834
10595,386682.8713989258
10596,386582.2312850952
10597,203942.07984924316
10598,386602.6829032898
10599,386967.5323448181
10600,281198.069442749
10601,388196.53032302856
10602,228945.6441860199
10603,387488.7921638489
10604,388527.82542037964
10605,388509.75622177124
10606,320817.7699317932
10607,137610.19220352173
10608,388832.9969444275
10609,95042.95097923279
10610,139835.98939704895
10611,242974.4430217743
10612,388117.3515853882
10613,387832.6352081299
10614,104067.97960281372
10615,388077.2883758545
10616,157697.944065094
10617,388196.05364990234
10618,388572.5036087036
10619,388632.5903892517
10620,389284.48823165894
10621,388825.80976867676
10622,388294.8655395508
10623,125961.11105918884
10624,353865.09325027466
10625,279982.98320388794
10626,389742.163105011
10627,388334.0783843994
10628,389410.1435546875
10629,389075.6059989929
10630,164671.2039642334
10631,388792.92053222656
10632,389098.6636161804
10633,389468.0247001648
10634,389726.5867805481
10635,390468.4874267578
10636,389106.0520629883
10637,389123.86682891846
10638,234640.0747795105
10639,389474.1621246338
10640,335215.6980743408
10641,387446.6188926697
10642,169327.76777648926
10643,108628.8858909607
10644,172377.7742729187
10645,169510.3377342224
10646,390219.60959243774
10647,371612.73905563354
10648,236253.8053665161
10649,389633.6419143677
10650,166772.13124084473
10651,388993.79779052734
10652,390245.5463447571
10653,388385.10040283203
10654,91918.71294212341
10655,389127.9058189392
10656,388534.02281951904
10657,389057.5456199646
10658,279621.7025375366
10659,82178.22005081177
10660,388784.400428772
10661,388854.9971046448
10662,117935.18724822998
10663,226025.1891708374
10664,390046.88998794556
10665,389280.185962677
10666,368950.71185684204
10667,73142.44888687134
10668,274293.1300201416
10669,389510.0841369629
10670,96685.27947425842
10671,389787.76180267334
10672,388495.0687942505
10673,389646.06507492065
10674,388433.85272979736
10675,387340.7094078064
10676,389823.2704772949
10677,270471.343170166
10678,83149.11113357544
10679,389592.1828804016
10680,389825.4897956848
10681,388718.6377105713
10682,277852.2100791931
10683,389725.75312423706
10684,388184.5108947754
10685,191712.0549545288
10686,390085.65741348267
10687,285147.4075431824
10688,158013.80853271484
10689,329772.44512176514
10690,271899.2337036133
10691,387965.5252914429
10692,388784.8515930176
10693,258948.0052947998
10694,265734.99337005615
10695,262931.9656944275
10696,388480.999710083
10697,236324.61460113525
10698,389228.0690956116
10699,238753.19227981567
10700,388711.22861099243
10701,169147.98734474182
10702,249494.80640792847
10703,389692.69190216064
10704,388174.9760131836
10705,390142.1584587097
10706,348751.453666687
10707,389543.82691192627
10708,105783.88600158691
10709,265335.78328704834
10710,276963.9786605835
10711,389620.7938461304
10712,388941.2622947693
10713,389192.58321380615
10714,108449.21043777466
10715,388199.35803222656
10716,386851.48961257935
10717,388702.17530822754
10718,167615.04668807983
10719,200454.2950668335
10720,387887.0832977295
10721,387787.0404624939
10722,387455.15564346313
10723,347127.01235198975
10724,283360.40995788574
10725,264701.3970069885
10726,189504.51359939575
10727,101081.89536857605
10728,387811.1700592041
10729,388432.47968673706
10730,387492.8151664734
10731,142893.420463562
10732,225494.86276245117
10733,387203.50692749023
10734,320746.4758644104
10735,179097.16185569763
10736,386675.0667915344
10737,387315.1379432678
10738,386965.1252670288
10739,388470.42238616943
10740,269598.0695075989
10741,362593.00828552246
10742,91566.7720451355
10743,230662.24785995483
10744,387349.93183898926
10745,356184.95809173584
10746,263188.6149520874
10747,309394.9107246399
10748,79683.81224060059
10749,223865.5856590271
10750,387588.4755592346
10751,387088.69373703003
10752,386744.8830795288
10753,387104.4395942688
10754,171295.33137893677
10755,287868.2971839905
10756,295848.47370910645
10757,387723.72803878784
10758,91353.99261856079
10759,388711.7759628296
10760,387769.90867614746
10761,388365.87854385376
10762,386475.42947769165
10763,387918.80825042725
10764,255016.4639968872
10765,266701.50199508667
10766,229045.53218078613
10767,386827.6077156067
10768,387188.08629226685
10769,263613.107257843
10770,388018.0803794861
10771,388029.96759033203
10772,389283.3120956421
10773,388941.8986854553
10774,388036.2732963562
10775,322077.90951156616
10776,136669.87894058228
10777,387945.4795951843
10778,218124.08290100098
10779,278632.3711166382
10780,86197.3652267456
10781,389075.7133255005
10782,332291.45736694336
10783,388214.64988327026
10784,369676.97789382935
10785,89149.34605789185
10786,105510.65034103394
10787,170346.39124679565
10788,281464.93769073486
10789,388437.2005004883
10790,113619.50746917725
10791,329157.66442108154
10792,387198.5828933716
10793,159489.9291419983
10794,388769.1206932068
10795,388646.4497489929
10796,387881.8145637512
10797,387106.44619750977
10798,387632.51581954956
10799,387578.9171714783
10800,141763.38767242432
10801,81557.45317840576
10802,388227.8543128967
10803,119341.2451171875
10804,388588.95152282715
10805,388151.68758010864
10806,224329.2498512268
10807,277490.4617652893
10808,387465.13942718506
10809,388572.6943130493
10810,387705.7102203369
10811,379406.4101371765
10812,312376.48404312134
10813,351430.88315963745
10814,387913.94079208374
10815,225812.38216781616
10816,388286.6106567383
10817,365105.47592544556
10818,388445.85443496704
10819,388201.49060058594
10820,387746.287399292
10821,220141.27743148804
10822,388392.5351524353
10823,388873.52059555054
10824,388167.7369117737
10825,331383.27476501465
10826,388928.3646621704
10827,386423.82791519165
10828,260445.40588378906
10829,271298.4718437195
10830,276903.7102241516
10831,264784.0065193176
10832,388344.58306121826
10833,387647.3596343994
10834,388438.77673339844
10835,287007.35176849365
10836,273243.9889984131
10837,173039.20191192627
10838,388582.7303276062
10839,366166.4950027466
10840,387802.73219680786
10841,387665.57640457153
10842,90951.64840316772
10843,387856.89599227905
10844,388807.23179626465
10845,386043.7834663391
10846,388625.63039016724
10847,388739.5270462036
10848,266633.2290496826
10849,388576.61741256714
10850,388723.3154067993
10851,387959.2756347656
10852,388013.969455719
10853,388248.490272522
10854,388319.28032684326
10855,389168.94173431396
10856,387620.7799720764
10857,276292.8869533539
10858,387208.0254173279
10859,388591.2995033264
10860,388592.83446121216
10861,342436.18213653564
10862,191475.9440498352
10863,213086.9958114624
10864,222547.49925613403
10865,386986.89038848877
10866,303074.93100738525
10867,224019.04327011108
10868,376391.9306716919
10869,388855.1429862976
10870,388306.9626274109
10871,389044.30392837524
10872,280309.3264732361
10873,389000.00577545166
10874,388854.38233566284
10875,387528.7721748352
10876,349962.3828392029
10877,389073.99060440063
10878,106273.14178276062
10879,388814.41620254517
10880,305138.783164978
10881,185658.13497161865
10882,388617.4885444641
10883,377249.06356430054
10884,182430.30218315125
10885,389143.37926101685
10886,389132.33378219604
10887,388504.2863922119
10888,194136.33444976807
10889,288906.76558303833
10890,388187.3504447937
10891,387850.6733818054
10892,387931.04722976685
10893,386739.0138053894
10894,285381.0944213867
10895,388721.4492530823
10896,264586.6018562317
10897,388792.08389282227
10898,388346.6106338501
10899,387807.8650894165
10900,389076.17335128784
10901,387685.8293952942
10902,366134.75397491455
10903,218566.9935131073
10904,104304.3184967041
10905,387749.9261703491
10906,387762.0193939209
10907,388323.03745269775
10908,389206.1754837036
10909,228501.20026016235
10910,387719.6014595032
10911,388968.1159439087
10912,388631.0787887573
10913,107111.10008239746
10914,389384.77655029297
10915,307816.9611091614
10916,139237.00814819336
10917,388158.2262458801
10918,381348.4611778259
10919,207285.10624313354
10920,82316.41018104553
10921,389053.35972595215
10922,388304.0983428955
10923,387648.8412628174
10924,387241.75229263306
10925,283623.10204696655
10926,275207.1533432007
10927,389545.1927642822
10928,387440.19373703003
10929,388392.6085128784
10930,387246.3664970398
10931,388531.78049468994
10932,278269.1150741577
10933,389814.58879852295
10934,86343.77552986145
10935,388583.17264556885
10936,336799.53367233276
10937,388179.0484466553
10938,388198.3118057251
10939,389526.92488479614
10940,388554.4928703308
10941,388133.7490463257
10942,331424.5996131897
10943,389626.95528793335
10944,108008.08798599243
10945,227727.52801132202
10946,389107.58223342896
10947,389327.8080596924
10948,357396.1491279602
10949,389384.657623291
10950,389864.57720565796
10951,389826.47469711304
10952,151134.24641418457
10953,388238.4056930542
10954,390184.7689437866
10955,389119.60568618774
10956,332789.4203453064
10957,153455.9437980652
10958,389213.62424468994
10959,149729.3293647766
10960,294816.2093009949
10961,162965.43072509766
10962,387752.60148239136
10963,388057.7670173645
10964,280524.9373779297
10965,389107.4264907837
10966,141768.15689086914
10967,282347.65087127686
10968,389262.9341812134
10969,77917.78087997437
10970,390159.7011833191
10971,99166.74567985535
10972,126522.81313705444
10973,388426.9321784973
10974,284323.7731285095
10975,282958.0592575073
10976,388765.59884643555
10977,390217.7258834839
10978,389813.3134498596
10979,272562.71480178833
10980,389510.39448165894
10981,389548.10497665405
10982,390355.61812210083
10983,389916.3465156555
10984,389208.5118713379
10985,164852.72369766235
10986,274506.7706298828
10987,388901.94748306274
10988,389650.090927124
10989,389542.17112350464
10990,278841.31998443604
10991,388236.9309310913
10992,388868.4186630249
10993,142143.39618301392
10994,169799.1142730713
10995,320703.65855407715
10996,60852.32437705994
10997,344179.8215827942
10998,116752.18759727478
10999,388455.14099502563
11000,369163.9440307617
11001,284024.07152175903
11002,376595.28803634644
11003,389689.7213859558
11004,389142.6821899414
11005,201148.15591430664
11006,389979.72521209717
11007,366473.7484436035
11008,389076.0304527283
11009,118369.41599273682
11010,274634.3352622986
11011,260951.55337142944
11012,277810.548576355
11013,354277.1143722534
11014,237576.98321533203
11015,388224.76682662964
11016,387655.7641906738
11017,199454.11754226685
11018,274317.85498428345
11019,303305.10935020447
11020,389715.477935791
11021,341168.8716201782
11022,145850.1642036438
11023,388339.16763687134
11024,190396.2321243286
11025,388772.0689163208
11026,106334.95601081848
11027,388594.1063194275
11028,289208.3594856262
11029,389409.09411239624
11030,388428.8814201355
11031,387582.55305862427
11032,388403.9373626709
11033,388129.2513885498
11034,104028.13485908508
11035,387877.37783813477
11036,387916.1134223938
11037,389020.6530723572
11038,88677.1944694519
11039,388171.079826355
11040,387540.2444458008
11041,388117.35079956055
11042,388470.263507843
11043,387825.51120758057
11044,387933.70935440063
11045,387688.80534362793
11046,109340.19347763062
11047,388813.4055786133
11048,197614.38702964783
11049,388879.9232444763
11050,387839.49558639526
11051,388473.7460670471
11052,388597.1337509155
11053,387118.0432243347
11054,128187.33123016357
11055,388593.6650352478
11056,388115.9198989868
11057,388860.5930862427
11058,86943.03540611267
11059,386847.1314353943
11060,386656.7918663025
11061,387791.25735092163
11062,175552.33367347717
11063,279966.1155509949
11064,227502.70456695557
11065,81375.42675971985
11066,130477.53456115723
11067,190252.0086517334
11068,111390.1152267456
11069,388884.6856498718
11070,389038.1642379761
11071,277461.9597167969
11072,275550.4797363281
11073,167624.03685951233
11074,254358.93615722656
11075,388589.79374313354
11076,387888.11573791504
11077,388041.6758880615
11078,388749.9277038574
11079,389386.26418304443
11080,275313.4817466736
11081,389357.868850708
11082,187083.44542694092
11083,129953.47983932495
11084,388786.7193260193
11085,388703.575050354
11086,109240.45755577087
11087,388927.73135757446
11088,389059.77448654175
11089,388055.02491760254
11090,389351.4094390869
11091,389251.6103439331
11092,389279.7730331421
11093,389040.77879714966
11094,388752.1654815674
11095,388099.57105636597
11096,311729.74931144714
11097,166544.3745803833
11098,389472.8156852722
11099,388905.1970176697
11100,348527.65229034424
11101,127130.27051353455
11102,389227.6058540344
11103,388940.60681533813
11104,261842.61350250244
11105,388659.82636642456
11106,388305.38106536865
11107,261593.09859466553
11108,360289.05585098267
11109,388619.15782546997
11110,388552.4695587158
11111,369139.8189544678
11112,389243.48233032227
11113,283441.0412712097
11114,388803.1131286621
11115,218584.3137702942
11116,303767.90327072144
11117,389443.9540786743
11118,388766.39708709717
11119,389007.41273880005
11120,293351.6931800842
11121,389588.29666900635
11122,389419.94959640503
11123,390029.5906906128
11124,388584.3222885132
11125,118588.78170013428
11126,390131.58835983276
11127,135750.57881355286
11128,389527.20808410645
11129,389239.4899215698
11130,389334.1935195923
11131,387261.48986053467
11132,390078.131111145
11133,269177.5139465332
11134,332933.65953445435
11135,273965.4055633545
11136,390098.85327911377
11137,122500.34288406372
11138,175789.9024734497
11139,390110.7471961975
11140,390047.84453964233
11141,388695.55250167847
11142,153900.44933700562
11143,144455.18633460999
11144,389838.4938583374
11145,388646.01792144775
11146,388719.75199508667
11147,58416.792501449585
11148,122033.94198226929
11149,266740.12311553955
11150,270460.72074890137
11151,390443.11053466797
11152,147763.41312599182
11153,389328.4010925293
11154,388875.913646698
11155,389459.84421157837
11156,336659.7360229492
11157,389873.4648094177
11158,74207.75149345398
11159,389223.686252594
11160,389759.57384872437
11161,388581.80964279175
11162,301268.32329559326
11163,303501.86866378784
11164,130379.71850967407
11165,137710.21517562866
11166,188898.97473526
11167,232026.37381744385
11168,369880.0880088806
11169,106865.62156677246
11170,291119.90210723877
11171,389169.5771369934
11172,389129.0289955139
11173,389206.91996383667
11174,389752.18266677856
11175,122391.2830696106
11176,388089.00998306274
11177,388425.2366027832
11178,389178.346282959
11179,389864.8124694824
11180,388836.3586730957
11181,388643.16331481934
11182,232764.87463378906
11183,317516.01441192627
11184,219692.12272644043
11185,387960.15143966675
11186,389090.42052459717
11187,389650.7938423157
11188,200070.615776062
11189,387831.01276779175
11190,388853.5386161804
11191,388984.0747680664
11192,389318.29623794556
11193,389843.10779190063
11194,389390.8664512634
11195,388910.1982040405
11196,389173.3766517639
11197,144160.86644744873
11198,94056.35181427002
11199,389233.5015563965
11200,390105.89694595337
11201,387705.2261161804
11202,389359.1930885315
11203,389537.96102905273
11204,256203.44290542603
11205,389350.66134262085
11206,389297.19972991943
11207,260699.73336029053
11208,388474.20417785645
11209,388994.65604400635
11210,388584.1729545593
11211,389775.9497566223
11212,388759.9874725342
11213,97809.18418693542
11214,389013.01751327515
11215,273331.9029006958
11216,270994.0480155945
11217,388341.8172302246
11218,388194.3559112549
11219,155643.12971878052
11220,239516.42206954956
11221,203940.61686325073
11222,147239.24048614502
11223,390207.3271255493
11224,136148.33286857605
11225,157476.618183136
11226,389598.09691619873
11227,314199.4595184326
11228,368167.304233551
11229,388786.6072769165
11230,365592.3785057068
11231,389268.56995773315
11232,388675.7127456665
11233,389582.1036453247
11234,389069.7231903076
11235,271330.30100250244
11236,267970.01805877686
11237,115106.78226661682
11238,85059.27683830261
11239,172727.07872772217
11240,389437.9795150757
11241,146045.77932357788
11242,277320.4197845459
11243,268474.3571510315
11244,269424.69717407227
11245,377540.79359817505
11246,390680.120513916
11247,387251.53174972534
11248,195000.88750839233
11249,81014.22644805908
11250,388637.6445503235
11251,267358.7297744751
11252,389791.5552558899
11253,390005.24856185913
11254,268261.66192245483
11255,390423.2487297058
11256,103105.33235931396
11257,389511.0018463135
11258,389650.890045166
11259,389315.974571228
11260,389383.35721969604
11261,389343.1181678772
11262,389435.4924964905
11263,121823.38022232056
11264,389603.30515289307
11265,121140.27939033508
11266,389259.7165107727
11267,382665.3385734558
11268,388033.9923210144
11269,388036.0148239136
11270,388899.2879638672
11271,186921.30741882324
11272,389770.5199356079
11273,388531.434299469
11274,388445.97203445435
11275,388582.17429733276
11276,387173.6381225586
11277,389116.6410827637
11278,389362.1786727905
11279,219194.10920333862
11280,242519.47262954712
11281,388268.79904937744
11282,389541.76710128784
11283,388316.1852798462
11284,388983.3278808594
11285,390271.4631729126
11286,334951.51596069336
11287,389374.3952064514
11288,389176.31270980835
11289,388594.9634437561
11290,366473.61545562744
11291,383480.5440826416
11292,389368.0619239807
11293,388138.9346084595
11294,263812.7124557495
11295,331518.34183883667
11296,390125.0163421631
11297,387863.6926460266
11298,389177.72523498535
11299,388832.4559364319
11300,388982.54236984253
11301,388758.27588653564
11302,388117.68269348145
11303,291546.58177948
11304,389306.5813102722
11305,388411.0789337158
11306,389429.0293121338
11307,388994.7877998352
11308,389108.57065582275
11309,388370.9605407715
11310,317473.90550231934
11311,389944.6030807495
11312,389472.5107688904
11313,388277.8598251343
11314,386053.61934661865
11315,387105.50996780396
11316,388459.88024139404
11317,130854.69372558594
11318,300451.119972229
11319,276137.2171821594
11320,390057.9913101196
11321,389277.0379180908
11322,389539.41147232056
11323,389130.85258865356
11324,388724.65508270264
11325,367445.7922782898
11326,389490.3374481201
11327,388987.4686164856
11328,389217.3915710449
11329,388825.9972190857
11330,390090.568611145
11331,130806.44112205505
11332,226962.00189208984
11333,389172.4112930298
11334,233755.2651977539
11335,388227.7076148987
11336,388971.82037353516
11337,389504.60120773315
11338,123536.34091567993
11339,169541.78798294067
11340,388680.65741729736
11341,389031.99672317505
11342,387773.4997177124
11343,387246.6125717163
11344,388151.2791213989
11345,197019.8950366974
11346,202701.787940979
11347,360081.7877006531
11348,388676.54151153564
11349,389340.14488220215
11350,258713.2603187561
11351,360629.2092819214
11352,387668.1697425842
11353,388004.00171661377
11354,389261.7143249512
11355,388757.73457717896
11356,388737.6940422058
11357,389133.28841018677
11358,356110.8591079712
11359,140620.44804000854
11360,388117.82943344116
11361,364351.3060913086
11362,387938.4127693176
11363,389099.7842788696
11364,388250.4270744324
11365,388524.9041938782
11366,388830.07370376587
11367,388961.20347595215
11368,387315.65783691406
11369,388543.4458770752
11370,353939.10314559937
11371,387948.60733032227
11372,387963.69301605225
11373,387360.05711746216
11374,388774.8385658264
11375,276737.22102737427
11376,389317.3074989319
11377,388662.00970840454
11378,273397.51538848877
11379,374529.63079071045
11380,388576.60610580444
11381,388872.9349708557
11382,388706.67418670654
11383,120702.9147644043
11384,388406.1005973816
11385,389017.1965446472
11386,388345.8280982971
11387,58009.37579536438
11388,390174.07862854004
11389,387686.8130302429
11390,389001.5913467407
11391,197594.45582199097
11392,389798.6547470093
11393,388988.7808685303
11394,390015.69944381714
11395,388428.21393966675
11396,388328.8543357849
11397,230835.65483093262
11398,109776.35075759888
11399,388533.4116783142
11400,389119.0377006531
11401,389128.8348236084
11402,388013.58448791504
11403,388697.0413970947
11404,124884.72874069214
11405,389347.9789161682
11406,388581.1336555481
11407,203756.55911254883
11408,243971.2770500183
11409,179385.33784866333
11410,332719.258769989
11411,283509.94557380676
11412,77266.43050765991
11413,227370.90624427795
11414,389833.12295532227
11415,389753.18684387207
11416,388736.4732246399
11417,115255.60723495483
11418,390749.54316329956
11419,347171.7642555237
11420,150371.66189575195
11421,251239.84581375122
11422,111248.15959358215
11423,389177.1629142761
11424,389530.02322006226
11425,265247.32507514954
11426,389531.3225212097
11427,389424.36837005615
11428,388589.73527526855
11429,387998.3019981384
11430,389778.10049819946
11431,388458.74897766113
11432,190160.84336853027
11433,388546.186252594
11434,388165.7051887512
11435,287979.40617752075
11436,52593.206174850464
11437,160097.7335987091
11438,351610.77113342285
11439,388609.6785545349
11440,315948.68197631836
11441,169318.82335281372
11442,389221.0328178406
11443,388710.7060165405
11444,389198.96533203125
11445,314044.22328567505
11446,115938.82132148743
11447,361012.839717865
11448,388362.971282959
11449,240196.4326057434
11450,388956.684425354
11451,389849.6951675415
11452,389754.22859573364
11453,388732.9873390198
11454,388150.18296051025
11455,388743.3675880432
11456,389621.2148132324
11457,281371.31757736206
11458,342499.15132141113
11459,364166.45545578003
11460,389557.6087036133
11461,388962.5511779785
11462,293679.00983047485
11463,244160.57208251953
11464,388659.76525497437
11465,388778.11349487305
11466,388627.4171180725
11467,110767.79096412659
11468,388223.226436615
11469,389965.29819107056
11470,124888.04522323608
11471,388916.1401786804
11472,389187.6213760376
11473,389446.9574813843
11474,388597.53046798706
11475,109709.86730384827
11476,387773.69506073
11477,58658.90205383301
11478,389108.7910423279
11479,242418.65283966064
11480,276657.34672164917
11481,388229.0507659912
11482,128087.03439712524
11483,209423.19465255737
11484,387450.64753341675
11485,387650.68911743164
11486,242753.17892837524
11487,388953.06872940063
11488,389141.2641983032
11489,350743.9355239868
11490,339075.9027252197
11491,389345.55406951904
11492,389000.423286438
11493,379842.75856399536
11494,119236.89011001587
11495,259088.92319488525
11496,388818.6131629944
11497,271232.0285205841
11498,291815.39139175415
11499,93820.75238609314
11500,387543.2215003967
11501,257390.28045272827
11502,261916.5892906189
11503,150008.4072151184
11504,221173.77713775635
11505,217124.88819122314
11506,92515.4840888977
11507,387526.79988098145
11508,134031.45056533813
11509,389585.6117515564
11510,380735.94633865356
11511,254641.52981948853
11512,388455.56505584717
11513,388543.0930290222
11514,155532.38473129272
11515,210421.69234848022
11516,388826.1500778198
11517,389729.11765289307
11518,388260.31632232666
11519,388637.1268043518
11520,327769.83880233765
11521,388024.8381576538
11522,389845.9235496521
11523,146569.13368988037
11524,188106.49452781677
11525,389931.9046134949
11526,268238.00207901
11527,146494.0354423523
11528,234550.27821731567
11529,389114.9073562622
11530,145143.57397460938
11531,115856.5924320221
11532,388150.74280929565
11533,389622.6901817322
11534,389910.8905029297
11535,134494.4963684082
11536,389132.6456642151
11537,152778.2703552246
11538,190086.17182540894
11539,172047.89576339722
11540,125096.24012565613
11541,389014.44773483276
11542,389307.14085769653
11543,251721.5975074768
11544,210367.38584899902
11545,247118.34758758545
11546,212703.9836921692
11547,388740.477104187
11548,388604.86461257935
11549,138709.20435333252
11550,389085.6647605896
11551,390714.58613204956
11552,388896.11153793335
11553,258612.9410018921
11554,387874.5764122009
11555,387965.5718727112
11556,388879.8085746765
11557,276136.8950099945
11558,388222.9199447632
11559,388763.2670097351
11560,388542.0595474243
11561,389164.9188194275
11562,388034.9741973877
11563,388387.3135948181
11564,389173.46813964844
11565,252659.23835754395
11566,389313.7789001465
11567,388665.5996322632
11568,389914.3398094177
11569,267928.3797187805
11570,391224.1327857971
11571,390894.19344711304
11572,389150.9877243042
11573,389737.8860359192
11574,389016.0863571167
11575,388681.0102233887
11576,183346.5472869873
11577,160285.00741958618
11578,136899.02335357666
11579,306336.4083824158
11580,353219.6398239136
11581,260807.3352584839
11582,221303.07022476196
11583,334298.59126472473
11584,284834.4529800415
11585,339943.29189682007
11586,247947.51402282715
11587,388621.49838256836
11588,389948.1146736145
11589,390029.96210479736
11590,159817.02153778076
11591,388350.6029472351
11592,388341.98933792114
11593,388851.2219810486
11594,388644.8376083374
11595,86111.14674949646
11596,386060.60456466675
11597,214108.2787952423
11598,389113.3486251831
11599,265388.3184890747
11600,388557.6269302368
11601,95762.1410446167
11602,386207.35652160645
11603,386850.947101593
11604,387605.46491241455
11605,387269.0385360718
11606,387222.43685150146
11607,385956.53551101685
11608,321264.72634887695
11609,251148.34028625488
11610,388167.12115097046
11611,387481.4421348572
11612,271885.7834701538
11613,390099.9876174927
11614,389330.44763946533
11615,388561.7964515686
11616,388717.9513206482
11617,388144.6488723755
11618,390223.7060394287
11619,389681.34578704834
11620,227482.19522857666
11621,389617.8419723511
11622,389260.73054122925
11623,180618.98329925537
11624,389206.38413238525
11625,390082.5817527771
11626,124295.7624206543
11627,197185.9548625946
11628,291716.3624687195
11629,388598.3354873657
11630,388549.89308547974
11631,291303.1127052307
11632,389682.50455474854
11633,287478.99827575684
11634,251623.39140319824
11635,151079.667263031
11636,107967.24599075317
11637,387209.7329826355
11638,390011.62282562256
11639,90704.75076675415
11640,345142.15018463135
11641,390043.8155517578
11642,157297.87190246582
11643,386941.6812477112
11644,388484.68572998047
11645,251134.95041656494
11646,386928.7197570801
11647,388620.7721557617
11648,387739.9399032593
11649,295739.27408981323
11650,317665.1965637207
11651,216320.51914215088
11652,388015.74196624756
11653,184313.59815597534
11654,290280.41553497314
11655,80120.30307769775
11656,160709.19249725342
11657,260086.16329574585
11658,386181.5591888428
11659,387859.6323814392
11660,388021.4913520813
11661,317380.5344200134
11662,346666.96508026123
11663,288213.6115875244
11664,315748.93743896484
11665,387821.0507659912
11666,273378.772769928
11667,244824.7268257141
11668,179633.2059288025
11669,336564.5110549927
11670,389430.19008255005
11671,381615.11027908325
11672,388945.29218292236
11673,388903.89267349243
11674,388920.3962173462
11675,300022.9415359497
11676,329116.96420669556
11677,169846.69604492188
11678,389458.77394866943
11679,388157.3093986511
11680,390221.1734046936
11681,389925.4305114746
11682,389280.11109161377
11683,389534.69135284424
11684,271765.6719055176
11685,389747.40601348877
11686,288128.81351852417
11687,389679.70038223267
11688,125392.57961273193
11689,388262.8567085266
11690,389593.1756668091
11691,390111.68339538574
11692,388876.0806388855
11693,244746.12217712402
11694,315586.8843727112
11695,386778.73973083496
11696,390034.53075027466
11697,389580.14992141724
11698,378054.7312660217
11699,389311.7070617676
11700,390173.44219207764
11701,262245.9209213257
11702,389993.11743927
11703,389246.92180633545
11704,145016.3094329834
11705,327194.44066619873
11706,345074.57889175415
11707,264932.3723449707
11708,288547.3893356323
11709,210622.6457901001
11710,390461.51163864136
11711,141788.40992164612
11712,389401.6848220825
11713,270850.95611953735
11714,309488.43583869934
11715,391386.31535720825
11716,388624.7751274109
11717,390444.8105239868
11718,389103.6839790344
11719,387789.34561157227
11720,193226.9783744812
11721,389979.5391654968
11722,278331.0452041626
11723,389149.7544670105
11724,388587.24700164795
11725,389486.7059059143
11726,388099.1248970032
11727,374467.1216659546
11728,387594.14642333984
11729,106497.0287475586
11730,272850.2345428467
11731,388489.6358947754
11732,175036.20649719238
11733,232239.89678573608
11734,342897.17710113525
11735,277189.150844574
11736,391610.94704818726
11737,390348.2376213074
11738,390341.2795791626
11739,388193.79780578613
11740,388681.3221626282
11741,390094.20055770874
11742,300228.0937767029
11743,389150.2469291687
11744,91774.22569274902
11745,389079.0740509033
11746,124420.86382484436
11747,388687.2222366333
11748,390006.79875564575
11749,350498.3621406555
11750,387823.5076599121
11751,147526.11143112183
11752,145845.9924106598
11753,316455.50510787964
11754,372062.2237548828
11755,214163.52167510986
11756,71954.73750686646
11757,387503.02391052246
11758,291250.15452957153
11759,131577.9095954895
11760,387815.0083885193
11761,387597.5475463867
11762,388040.0096549988
11763,385885.5621185303
11764,219269.3092880249
11765,115906.26440048218
11766,121223.83373260498
11767,388895.03966522217
11768,387874.06830978394
11769,388059.33782958984
11770,387996.3833961487
11771,388145.80963134766
11772,390617.0312690735
11773,389094.0691947937
11774,139110.7932510376
11775,388024.0755805969
11776,364118.7283401489
11777,195742.29006576538
11778,113247.09912109375
11779,267926.06938171387
11780,389409.126373291
11781,388422.59937286377
11782,378731.9641647339
11783,81717.29382133484
11784,389049.23723602295
11785,167619.58419418335
11786,269655.34997558594
11787,388959.27641677856
11788,389237.4461555481
11789,92316.07076263428
11790,389891.0091018677
11791,390075.59997940063
11792,389686.2948074341
11793,389666.54039382935
11794,182989.94680023193
11795,389342.9382209778
11796,118215.97505569458
11797,143472.41917800903
11798,158935.2464942932
11799,205341.3111858368
11800,388335.8713417053
11801,387716.61853790283
11802,388255.6361694336
11803,389314.7554206848
11804,343951.8899383545
11805,270339.1707687378
11806,139599.33964920044
11807,389628.36795806885
11808,389294.88330459595
11809,389910.8307647705
11810,390354.68685531616
11811,155206.6964111328
11812,388917.6064224243
11813,389580.94427871704
11814,390028.6365509033
11815,389540.8500556946
11816,389005.7558898926
11817,389200.29330062866
11818,389672.01180267334
11819,389482.4769935608
11820,389432.9571609497
11821,276971.4446144104
11822,113010.46350479126
11823,358646.90661621094
11824,388350.6377258301
11825,389674.49828338623
11826,207275.34871673584
11827,385439.55375671387
11828,199948.7374420166
11829,358909.36389541626
11830,389507.2393989563
11831,389446.0609855652
11832,388874.662147522
11833,314713.94929122925
11834,232708.27209854126
11835,205585.82913208008
11836,389120.3676147461
11837,103647.89429855347
11838,389003.4027748108
11839,249308.79365348816
11840,389423.0253677368
11841,389002.25023269653
11842,114363.16300964355
11843,387874.1255302429
11844,389818.75383377075
11845,387667.195602417
11846,388022.64279937744
11847,388355.94596862793
11848,211640.9644317627
11849,346374.5339355469
11850,386356.685131073
11851,389719.62855529785
11852,388701.5206375122
11853,389885.37969589233
11854,388499.96893692017
11855,389641.907623291
11856,389565.96297073364
11857,390139.57483673096
11858,150514.69982147217
11859,390213.67248153687
11860,382530.5671157837
11861,389738.54010772705
11862,388978.5806312561
11863,298700.7496185303
11864,280571.5754432678
11865,390076.8769798279
11866,389179.11404418945
11867,390152.2007637024
11868,391168.081035614
11869,389124.4104270935
11870,389517.8561668396
11871,167606.68016052246
11872,389866.1944999695
11873,388911.9346733093
11874,388222.2734527588
11875,241693.50972557068
11876,94169.84396362305
11877,347734.54388427734
11878,96950.47392272949
11879,283925.9696235657
11880,389442.24143981934
11881,221427.2153148651
11882,388515.21641921997
11883,389490.91189575195
11884,284791.71353530884
11885,381308.4909095764
11886,327397.22761154175
11887,388540.1537513733
11888,387462.7188644409
11889,163330.30796432495
11890,332075.50384902954
11891,179014.59407043457
11892,389732.42836761475
11893,390178.2988357544
11894,119480.62157058716
11895,389389.98164367676
11896,186373.78644561768
11897,387808.0711479187
11898,386565.7678375244
11899,58613.57971572876
11900,122529.84629440308
11901,74911.91973876953
11902,369784.19093322754
11903,387437.52335357666
11904,388677.25009155273
11905,208287.19843673706
11906,388225.3193511963
11907,388936.18606185913
11908,260919.73114395142
11909,389473.0133590698
11910,84303.1799621582
11911,344811.95104599
11912,388628.4168548584
11913,139404.97954559326
11914,389982.79190444946
11915,388813.71059417725
11916,389201.6202392578
11917,388170.6476211548
11918,107115.00448036194
11919,291899.5009651184
11920,74764.05292320251
11921,341606.7416572571
11922,358873.7363243103
11923,118818.71924591064
11924,115294.92551803589
11925,389600.7422981262
11926,250311.2923927307
11927,358031.60638046265
11928,389882.69020080566
11929,119066.97520065308
11930,179433.52365112305
11931,389793.99507522583
11932,194558.43280792236
11933,387422.5791244507
11934,389681.8826408386
11935,129500.59324645996
11936,182343.2949142456
11937,216497.9790802002
11938,389896.5082321167
11939,121386.52547645569
11940,144661.2929763794
11941,376622.87046051025
11942,389703.1001586914
11943,389341.56216049194
11944,389037.513507843
11945,174966.55281829834
11946,388744.01375198364
11947,95284.771484375
11948,389898.4648170471
11949,389735.48530578613
11950,389400.7110481262
11951,367474.78047561646
11952,388377.8034095764
11953,389781.85886383057
11954,388495.8956413269
11955,388598.18449401855
11956,388621.16874694824
11957,388377.4022216797
11958,360484.7475967407
11959,388680.52742004395
11960,247006.55154800415
11961,131327.64283370972
11962,138695.16956710815
11963,98590.4371433258
11964,389775.2152862549
11965,188269.47603607178
11966,388597.8040962219
11967,290937.27436828613
11968,242539.53833198547
11969,229664.7544822693
11970,296050.81342697144
11971,250325.3424129486
11972,387626.8768539429
11973,344889.94298553467
11974,387454.3738517761
11975,388482.5059967041
11976,389530.16998291016
11977,389055.88095092773
11978,389164.68268585205
11979,389708.4468078613
11980,302164.36598968506
11981,389147.9493980408
11982,389635.3085670471
11983,389367.6113548279
11984,388326.7322921753
11985,272579.0848312378
11986,388724.55213165283
11987,388931.3857040405
11988,389301.22746658325
11989,389847.6982421875
11990,77756.82922935486
11991,388873.6965446472
11992,389096.98261642456
11993,389562.21158218384
11994,389449.21699142456
11995,389428.1377296448
11996,390532.439617157
11997,390007.0152359009
11998,389239.6273574829
11999,389387.83444595337
12000,389652.23945236206
12001,389675.1477432251
12002,388862.52446365356
12003,389723.67699050903
12004,271443.9921760559
12005,390280.37020874023
12006,266912.14472579956
12007,389606.37494277954
12008,380292.894241333
12009,390390.1385498047
12010,389374.8239555359
12011,280220.59867858887
12012,389015.23753356934
12013,390187.7896270752
12014,390902.0546875
12015,390312.5370063782
12016,208714.29906082153
12017,389662.1261444092
12018,389891.9839439392
12019,390938.14543151855
12020,298854.8611564636
12021,390367.486366272
12022,331728.47299575806
12023,390916.8295211792
12024,241357.58308410645
12025,389622.4570426941
12026,388824.3506851196
12027,389631.50703430176
12028,388340.91804885864
12029,150612.98355865479
12030,148205.56592941284
12031,389533.30321121216
12032,271263.0169067383
12033,388771.69790267944
12034,306950.26748657227
12035,131276.1381034851
12036,389121.5382270813
12037,273389.8921737671
12038,342601.33459854126
12039,139200.10782432556
12040,390345.2358703613
12041,388906.4787979126
12042,278121.68556404114
12043,127101.6194229126
12044,389626.7338371277
12045,201841.51938819885
12046,389524.1506729126
12047,388802.2010421753
12048,290537.5315475464
12049,389396.4446258545
12050,388823.1414642334
12051,389591.45916748047
12052,389769.764339447
12053,390765.93533706665
12054,159268.62994003296
12055,238218.7752456665
12056,248763.95002365112
12057,389298.26511383057
12058,119686.27424240112
12059,389391.4093170166
12060,254970.93349075317
12061,388646.1471977234
12062,388456.5792579651
12063,139357.45570755005
12064,267179.6842651367
12065,388008.9782142639
12066,389433.0015335083
12067,389427.6347808838
12068,388463.30865478516
12069,174029.07034683228
12070,390972.6752128601
12071,345951.9479942322
12072,390548.8716659546
12073,257950.22230911255
12074,388471.02267456055
12075,389485.1590690613
12076,389103.6731414795
12077,388706.8509674072
12078,389125.11710357666
12079,365124.62551116943
12080,389865.70140075684
12081,389601.3568496704
12082,263493.215297699
12083,101901.96677398682
12084,330731.90922927856
12085,144061.98873901367
12086,293444.903175354
12087,202207.54009246826
12088,160177.66076278687
12089,151507.3209991455
12090,257325.7945098877
12091,360172.66763687134
12092,389174.2335777283
12093,349756.58391189575
12094,204650.24897384644
12095,389446.5891723633
12096,388934.1233520508
12097,388698.4526863098
12098,388842.01470947266
12099,185813.63424682617
12100,331720.8653907776
12101,243459.88777160645
12102,389943.5244102478
12103,390073.0999145508
12104,388633.87867355347
12105,117542.1171913147
12106,387892.3599052429
12107,389487.47243118286
12108,165895.1064300537
12109,388905.0583267212
12110,93271.44413757324
12111,182533.7645740509
12112,388937.86419677734
12113,283423.27501296997
12114,390284.59789276123
12115,91061.74662399292
12116,144677.2328262329
12117,389597.0439491272
12118,389558.11081695557
12119,389694.81842041016
12120,301854.95615005493
12121,389177.21647644043
12122,389258.21924209595
12123,389607.3691673279
12124,388280.2301712036
12125,309440.2696647644
12126,389536.3052062988
12127,340784.60442733765
12128,389592.5700149536
12129,388173.6018486023
12130,160545.03699684143
12131,389195.08543395996
12132,300217.15504837036
12133,389203.984085083
12134,389315.0959892273
12135,389829.88623428345
12136,389577.23305511475
12137,389363.79806137085
12138,388836.066570282
12139,178921.2392463684
12140,335421.5275154114
12141,259709.78025054932
12142,181982.28464508057
12143,390230.8790512085
12144,244036.92198944092
12145,200564.33569335938
12146,138398.6160850525
12147,389124.5291976929
12148,388705.7344741821
12149,388984.24937820435
12150,389219.83448791504
12151,290219.8567390442
12152,264519.0901374817
12153,388934.4380683899
12154,388566.2057571411
12155,389845.81689834595
12156,388056.93628692627
12157,388207.8719482422
12158,388920.95796203613
12159,280777.7865638733
12160,389669.34633255005
12161,388506.4828186035
12162,333610.0029563904
12163,388928.81284713745
12164,388943.99266815186
12165,389187.0972480774
12166,389456.82301712036
12167,388960.52838134766
12168,390177.62942123413
12169,251242.00868988037
12170,390099.3270339966
12171,390459.1828918457
12172,82324.21663665771
12173,388532.30143356323
12174,389037.81718444824
12175,390024.5484466553
12176,386869.840423584
12177,388536.1534919739
12178,134137.76795578003
12179,389746.9712638855
12180,316251.5878639221
12181,391072.4424934387
12182,302851.38233184814
12183,389151.1445083618
12184,390622.8940887451
12185,104793.24926567078
12186,280636.3817138672
12187,389880.26834487915
12188,389385.03231048584
12189,389991.527179718
12190,389871.07710266113
12191,329416.15143966675
12192,389277.3848876953
12193,389751.20428466797
12194,390176.4038772583
12195,389448.5947265625
12196,391691.60481262207
12197,389880.73051452637
12198,389001.8090400696
12199,390434.6157913208
12200,103047.43475723267
12201,390736.28422546387
12202,389043.5323524475
12203,389561.8485298157
12204,389314.6959838867
12205,135423.56532859802
12206,101754.10166168213
12207,388416.7964897156
12208,390420.71113967896
12209,388814.7991447449
12210,361839.7030143738
12211,387810.1949958801
12212,389549.633895874
12213,388743.40800476074
12214,119098.61969184875
12215,388345.3875274658
12216,387728.2587814331
12217,388592.40132141113
12218,389768.9705657959
12219,390407.3840293884
12220,131565.96052360535
12221,390478.5955734253
12222,251135.1287574768
12223,389013.85858917236
12224,389302.26707839966
12225,390188.4872016907
12226,391022.41399002075
12227,389935.66693496704
12228,300164.58668899536
12229,390711.9604797363
12230,389650.0570716858
12231,226833.2659854889
12232,191881.77718162537
12233,161554.06504440308
12234,390179.4285507202
12235,191657.8835296631
12236,371689.66708755493
12237,338888.74479293823
12238,390328.16637420654
12239,161300.1463508606
12240,389112.24865341187
12241,390095.06300354004
12242,388901.9165802002
12243,390018.883769989
12244,390238.5634689331
12245,390960.7254295349
12246,390380.2374305725
12247,389356.12646484375
12248,348415.95903015137
12249,121405.20140457153
12250,390170.67515563965
12251,166094.03805541992
12252,224797.42150497437
12253,390671.96996307373
12254,390918.4831161499
12255,390552.3175468445
12256,390641.86252975464
12257,390423.69050216675
12258,357849.8508338928
12259,390015.9772377014
12260,389876.59049606323
12261,362927.0142059326
12262,390652.4403114319
12263,391281.51222610474
12264,390780.82147216797
12265,389784.1291656494
12266,389724.1684875488
12267,277687.09840393066
12268,310102.66040802
12269,389199.51641464233
12270,389852.13872909546
12271,388902.8935317993
12272,389767.88483428955
12273,314849.48416519165
12274,389728.41831970215
12275,390884.1253166199
12276,391105.1880912781
12277,390159.8289604187
12278,389836.45068740845
12279,390696.4865684509
12280,212607.40448760986
12281,389951.5828895569
12282,352113.5618057251
12283,390291.6149177551
12284,389754.2678489685
12285,391693.46935653687
12286,390001.13832855225
12287,390538.45083236694
12288,389404.50537490845
12289,288766.2310409546
12290,390515.9172363281
12291,315917.310005188
12292,390324.4352912903
12293,193873.64316368103
12294,388097.9415283203
12295,387726.610370636
12296,387311.8859939575
12297,386989.89587783813
12298,389500.7495536804
12299,390196.6698150635
12300,390018.67373657227
12301,347270.01473999023
12302,390803.2018661499
12303,214377.47187423706
12304,295359.11504745483
12305,281968.78502082825
12306,149298.50549697876
12307,382188.968875885
12308,389681.02810287476
12309,389172.0834579468
12310,388309.80407714844
12311,389973.1064491272
12312,144418.73309516907
12313,351413.37841033936
12314,135261.50617218018
12315,387009.8484840393
12316,389982.7206878662
12317,380146.4730949402
12318,388573.3582878113
12319,329605.55822372437
12320,277874.53004837036
12321,85115.29581451416
12322,281762.79762268066
12323,389514.63370895386
12324,342068.3840942383
12325,261073.0654335022
12326,151099.96785354614
12327,266276.8479118347
12328,255754.95224761963
12329,389643.0409927368
12330,267726.01989364624
12331,301788.07850265503
12332,390142.1179199219
12333,389517.61388778687
12334,273161.0463256836
12335,389202.4113998413
12336,261343.35250473022
12337,184868.496219635
12338,389871.2762298584
12339,389683.88946533203
12340,389958.96630477905
12341,388817.87128067017
12342,389142.6640510559
12343,389212.523475647
12344,389370.63819885254
12345,388928.599571228
12346,274231.81351852417
12347,389601.69052124023
12348,389631.6865158081
12349,388973.65518188477
12350,389940.2063674927
12351,389274.9349861145
12352,389094.3031311035
12353,143207.40578079224
12354,389871.0158729553
12355,389616.39318847656
12356,389263.8900718689
12357,390149.57260894775
12358,389403.68857192993
12359,262872.02456092834
12360,356013.44898223877
12361,180470.6143798828
12362,231168.40546417236
12363,282905.4193172455
12364,390095.16791152954
12365,125043.55233573914
12366,389258.12253952026
12367,388422.9379348755
12368,75418.98737335205
12369,389783.79915237427
12370,114905.64102745056
12371,388285.4697036743
12372,345906.0250930786
12373,388164.2763366699
12374,389946.1407585144
12375,390545.6235809326
12376,158337.15354156494
12377,388996.7771949768
12378,389746.24198913574
12379,366316.6791572571
12380,301582.6307487488
12381,347962.05713272095
12382,390419.4413032532
12383,389665.55250549316
12384,139146.2470550537
12385,268017.7131576538
12386,152721.11400222778
12387,253345.51691818237
12388,389703.93547439575
12389,389363.1102256775
12390,388794.1942329407
12391,388856.6929321289
12392,188862.5605392456
12393,149738.90159225464
12394,347654.3546142578
12395,388699.0283164978
12396,276742.61100769043
12397,388937.54901123047
12398,278754.20248413086
12399,148106.97129631042
12400,388441.0917625427
12401,389485.75580596924
12402,122003.2963142395
12403,365417.1981163025
12404,389588.6686477661
12405,389748.0400466919
12406,389431.6731300354
12407,389231.07179641724
12408,388689.7653160095
12409,389481.09423828125
12410,389849.64235687256
12411,388945.9378051758
12412,389006.2095031738
12413,387330.3441429138
12414,388904.6658668518
12415,85011.13919448853
12416,106193.44132995605
12417,380097.0676689148
12418,388766.00325775146
12419,389787.20475006104
12420,207980.6566696167
12421,95971.65324401855
12422,389494.77534484863
12423,389760.6456375122
12424,124924.53399085999
12425,389309.03299713135
12426,282066.39682388306
12427,389937.4143409729
12428,121602.23999404907
12429,161857.92390441895
12430,388121.2025871277
12431,390078.0249557495
12432,389611.14167785645
12433,217213.87911605835
12434,139136.55317687988
12435,101110.33170318604
12436,389758.28129196167
12437,74405.12508392334
12438,389963.09309387207
12439,215894.73342132568
12440,239229.51677703857
12441,270595.91508483887
12442,389157.00242996216
12443,388399.6614456177
12444,166918.03471374512
12445,388920.7565803528
12446,389218.83461761475
12447,220629.71440124512
12448,192104.20055770874
12449,186477.85804367065
12450,388574.73432922363
12451,389485.25047302246
12452,388751.6562156677
12453,389905.4688873291
12454,389915.79625320435
12455,389057.9711151123
12456,389514.55472946167
12457,389564.9341888428
12458,269487.88554000854
12459,389621.51933288574
12460,389748.67682647705
12461,389743.7155418396
12462,389646.54068374634
12463,390760.19035720825
12464,389558.0327911377
12465,388994.2878074646
12466,129419.63108444214
12467,390128.9392967224
12468,389949.5265464783
12469,389170.82487487793
12470,269470.20586013794
12471,389272.8330078125
12472,389488.51861953735
12473,391352.12058258057
12474,389619.45514678955
12475,345933.9441719055
12476,389978.1105270386
12477,390501.7670021057
12478,389450.2729072571
12479,390292.9986152649
12480,217577.76778793335
12481,389419.98165512085
12482,389919.9219017029
12483,389338.95487594604
12484,373152.88552474976
12485,389797.05980682373
12486,389622.4145126343
12487,102897.8726348877
12488,83200.30841064453
12489,389911.8337135315
12490,390649.41789245605
12491,92057.33838653564
12492,390441.3602409363
12493,348296.5231437683
12494,93516.87317276001
12495,389947.1427307129
12496,232296.3553123474
12497,357125.3965911865
12498,352646.88858413696
12499,216024.64459609985
12500,247514.96333312988
12501,389390.2706222534
12502,118496.18028259277
12503,365035.1357803345
12504,389177.01999664307
12505,334871.54456329346
12506,389353.7006378174
12507,388743.5436668396
12508,330483.7749633789
12509,389617.61642837524
12510,389275.6142272949
12511,154457.5425376892
12512,353731.4313964844
12513,388789.5701789856
12514,388952.7217140198
12515,389018.0228767395
12516,205658.20236587524
12517,388285.63778305054
12518,389193.8695678711
12519,389440.3819923401
12520,389245.82052993774
12521,390477.42054748535
12522,388687.9272918701
12523,388848.53036499023
12524,168825.60398864746
12525,120734.89257240295
12526,389319.2063369751
12527,389094.9572715759
12528,272808.12257003784
12529,92069.16488838196
12530,389710.59774780273
12531,215064.55871200562
12532,389047.2770843506
12533,206283.27823638916
12534,112939.09215545654
12535,388591.3340110779
12536,286243.1658439636
12537,388415.0305595398
12538,147411.57995986938
12539,388328.86012268066
12540,244872.4014968872
12541,389024.8920440674
12542,388488.5701408386
12543,388639.344745636
12544,389241.7593345642
12545,388749.18452835083
12546,217911.61128425598
12547,389014.50801467896
12548,247098.40074539185
12549,389943.31607055664
12550,389821.55966186523
12551,388852.0225791931
12552,388988.2776489258
12553,181233.78451919556
12554,390230.7389793396
12555,389775.53087615967
12556,389342.8134841919
12557,276763.4290237427
12558,389118.69414901733
12559,124528.54853820801
12560,115633.43090057373
12561,114123.14932823181
12562,286798.4580116272
12563,389541.4471321106
12564,389224.9864501953
12565,390062.858253479
12566,233802.72590255737
12567,245561.98747634888
12568,388519.2195930481
12569,389898.30361557007
12570,217783.81172943115
12571,306915.2146911621
12572,210498.33819961548
12573,73223.27493667603
12574,128053.10815048218
12575,128996.29925918579
12576,389510.5941696167
12577,365865.68899154663
12578,122121.5500869751
12579,283301.66439437866
12580,355109.29388427734
12581,170096.10586738586
12582,272293.1128463745
12583,390804.65479278564
12584,389662.82120895386
12585,391348.30196380615
12586,291630.3240509033
12587,273579.7283744812
12588,185485.69567489624
12589,261618.92357635498
12590,276584.7789955139
12591,391450.1264266968
12592,180478.15920829773
12593,127391.35527801514
12594,108958.66102600098
12595,390463.8817100525
12596,84497.3720664978
12597,273268.3593635559
12598,161194.60140228271
12599,388981.1128997803
12600,331130.64726257324
12601,389794.7847366333
12602,389686.7306404114
12603,115850.4280052185
12604,388667.5427894592
12605,389262.39864349365
12606,122732.62538528442
12607,249458.32662963867
12608,132422.21319580078
12609,389462.6727333069
12610,390049.38175582886
12611,263241.2583465576
12612,337940.4329299927
12613,248230.78671264648
12614,128405.2219657898
12615,389156.9379463196
12616,100472.07711410522
12617,367046.75929641724
12618,390073.85190582275
12619,389565.21561431885
12620,390683.9309196472
12621,389927.47706604004
12622,97388.20573806763
12623,389629.6109046936
12624,129637.2081451416
12625,390490.4585876465
12626,389132.7247772217
12627,390223.7975463867
12628,329887.3438796997
12629,389178.6153945923
12630,390075.63443374634
12631,241794.62324905396
12632,387814.93201828003
12633,149488.680229187
12634,276840.00244140625
12635,389167.5881652832
12636,132390.86042404175
12637,389404.6047744751
12638,390410.79696655273
12639,389174.1611671448
12640,389494.05082321167
12641,389918.7017326355
12642,389689.5796852112
12643,389551.6105995178
12644,310857.65977859497
12645,267824.30198287964
12646,389190.0556907654
12647,380000.05570602417
12648,365182.47382354736
12649,390001.9956436157
12650,330100.8734588623
12651,390289.72551345825
12652,388291.97956466675
12653,226659.5748577118
12654,107725.22772979736
12655,152141.99995422363
12656,163152.11374855042
12657,378555.42306518555
12658,304482.8811416626
12659,268612.4823036194
12660,268746.7956237793
12661,366453.2314186096
12662,390139.7994880676
12663,169020.74115753174
12664,390446.622177124
12665,68338.59683036804
12666,389398.65266799927
12667,285521.06463623047
12668,390831.4678840637
12669,390454.17949676514
12670,388891.1788597107
12671,136020.4852294922
12672,390540.60486602783
12673,390252.44959640503
12674,165595.4557800293
12675,374168.426612854
12676,348247.9388580322
12677,87046.4830570221
12678,391016.1129798889
12679,389737.8174858093
12680,389983.1860694885
12681,389172.03370666504
12682,313609.70317459106
12683,194957.2898464203
12684,388372.56032562256
12685,96884.77230834961
12686,284225.84872817993
12687,390077.0820236206
12688,157428.97974014282
12689,239990.47011566162
12690,174750.88250732422
12691,192668.19474983215
12692,389930.2349472046
12693,389552.2554626465
12694,388885.9979438782
12695,257543.24760055542
12696,388756.5414085388
12697,389443.8124961853
12698,388986.4482650757
12699,389746.66038894653
12700,389892.50217056274
12701,390113.3207015991
12702,266697.7820587158
12703,391102.05041122437
12704,390315.9567756653
12705,390387.14727401733
12706,203474.84210968018
12707,390268.18435287476
12708,390803.79330825806
12709,364521.1802444458
12710,111589.12972259521
12711,329383.2293624878
12712,278483.71644592285
12713,217577.64266967773
12714,390790.0546607971
12715,101637.73125076294
12716,390064.842918396
12717,390009.21756744385
12718,269383.11769485474
12719,390302.26358032227
12720,104491.34029388428
12721,389311.0008468628
12722,350368.02922821045
12723,259988.20356750488
12724,389963.93176651
12725,84167.32983779907
12726,204276.77276229858
12727,390126.9662361145
12728,195967.38751983643
12729,389508.9386367798
12730,352016.080116272
12731,390328.98526382446
12732,390883.54904174805
12733,141897.10076904297
12734,276268.4453277588
12735,289377.63343429565
12736,129409.06346511841
12737,390409.939453125
12738,287661.6328468323
12739,391115.3775444031
12740,98680.83385848999
12741,137590.7342185974
12742,390387.55518341064
12743,318458.3156089783
12744,390018.78843688965
12745,135179.02132415771
12746,99134.58740997314
12747,335837.9621810913
12748,282542.3938484192
12749,389125.85667419434
12750,104191.23050308228
12751,389716.0866584778
12752,389957.4347343445
12753,307036.47635269165
12754,102583.65044784546
12755,389306.7677459717
12756,389298.9707336426
12757,390647.78522491455
12758,390412.34464645386
12759,389603.9073448181
12760,246011.41513442993
12761,389302.78897857666
12762,232413.6143913269
12763,390494.4182395935
12764,379836.9356613159
12765,302726.61863708496
12766,389449.4094581604
12767,380027.9115562439
12768,347019.7825393677
12769,389687.63568496704
12770,299355.07157707214
12771,390122.9044685364
12772,212401.11854553223
12773,170630.00567245483
12774,389821.6222190857
12775,189218.3293685913
12776,194204.22926330566
12777,265291.9324607849
12778,356902.42749786377
12779,159967.5904750824
12780,390716.3545036316
12781,154759.9318561554
12782,389371.9211578369
12783,389979.76710128784
12784,281206.7975730896
12785,172572.76722717285
12786,266436.4737586975
12787,232626.93144226074
12788,113729.2474975586
12789,389195.15983200073
12790,168034.7806739807
12791,266720.84299850464
12792,198997.7297706604
12793,390162.3515472412
12794,390544.46099472046
12795,390630.2443084717
12796,389911.899810791
12797,389990.90799713135
12798,129538.76239395142
12799,389560.64891052246
12800,308312.8429107666
12801,206775.13946914673
12802,284936.16522216797
12803,386502.19595336914
12804,156213.21268081665
12805,369290.80380249023
12806,299218.49977493286
12807,221913.9866104126
12808,389916.45723724365
12809,389632.47535705566
12810,390314.66718673706
12811,390494.6397705078
12812,253521.21117591858
12813,388823.0537109375
12814,389105.0688018799
12815,285054.8133583069
12816,130972.36029052734
12817,209777.03986358643
12818,389792.5468559265
12819,277068.3760871887
12820,389752.11082458496
12821,389938.5263290405
12822,347247.35359954834
12823,235821.11358642578
12824,389758.6330604553
12825,389856.5178871155
12826,389708.55097579956
12827,388924.7712287903
12828,389893.21631622314
12829,389700.7608985901
12830,389941.6272087097
12831,389203.7685928345
12832,389889.71478271484
12833,389888.6809616089
12834,245974.33876800537
12835,388807.47507095337
12836,389355.7141647339
12837,390607.74086380005
12838,389184.8072128296
12839,390742.5674209595
12840,390839.78159332275
12841,390993.3804626465
12842,390350.8879432678
12843,390693.2063674927
12844,388893.0200920105
12845,389602.65366363525
12846,389896.6001625061
12847,390585.52882766724
12848,390514.3613128662
12849,346143.5971984863
12850,390550.8667755127
12851,389557.31871795654
12852,390426.2425765991
12853,390890.3960990906
12854,389754.3686180115
12855,351435.48724365234
12856,322581.2439613342
12857,333375.19638061523
12858,389841.2223587036
12859,323210.35903930664
12860,390863.3377799988
12861,107337.76148223877
12862,164189.02326583862
12863,390643.62578964233
12864,390750.8858680725
12865,389924.605304718
12866,389892.7039299011
12867,390740.72344970703
12868,390338.9780654907
12869,384343.40253067017
12870,390234.84590911865
12871,228514.3959197998
12872,390849.1609764099
12873,389675.95178222656
12874,105285.34155273438
12875,122805.4285736084
12876,276644.25283432007
12877,387390.35779953003
12878,196464.37099838257
12879,377984.6259651184
12880,388693.6315841675
12881,274252.53754997253
12882,107289.43870162964
12883,172744.0195465088
12884,191596.3450241089
12885,384638.2862586975
12886,341719.64120292664
12887,274249.6699523926
12888,389800.5870437622
12889,389611.9825744629
12890,261134.21841430664
12891,304473.73592567444
12892,390567.71545791626
12893,391561.5006904602
12894,390762.1595726013
12895,390369.2363510132
12896,390772.3921966553
12897,141523.68139076233
12898,261021.6381034851
12899,76476.8352355957
12900,389908.8995513916
12901,380834.0648651123
12902,228866.8928604126
12903,116878.33403396606
12904,131043.28937721252
12905,129950.55230331421
12906,143998.8091392517
12907,390272.447303772
12908,103727.20678138733
12909,388883.34118270874
12910,93993.64942550659
12911,119826.99803161621
12912,389992.54050445557
12913,389322.5494194031
12914,136062.98581695557
12915,390406.7422103882
12916,177843.57222366333
12917,389737.3457336426
12918,321991.3950881958
12919,80641.13515853882
12920,389283.5500869751
12921,390120.5349845886
12922,390330.3433151245
12923,388752.9859046936
12924,389502.71703338623
12925,389210.7829055786
12926,390165.1435394287
12927,388889.6711540222
12928,388845.4936065674
12929,143134.20937728882
12930,389399.4506378174
12931,389124.1629333496
12932,389477.8044319153
12933,208888.06619644165
12934,389371.36070251465
12935,389738.91245651245
12936,390002.0287780762
12937,389995.25465011597
12938,389824.82556915283
12939,389760.788936615
12940,390680.9355583191
12941,389826.25998306274
12942,390106.42349624634
12943,389543.3984184265
12944,389574.8297729492
12945,389874.5488471985
12946,123630.16968154907
12947,389948.4431114197
12948,389236.77255630493
12949,388961.83406066895
12950,389191.302482605
12951,191750.0992050171
12952,388848.92446517944
12953,106334.52930831909
12954,390723.62884521484
12955,378312.00776290894
12956,389741.8461380005
12957,389477.4404563904
12958,389857.00744247437
12959,390400.8935394287
12960,155070.01740646362
12961,391480.0249481201
12962,389833.7897949219
12963,390207.85888290405
12964,390318.04232025146
12965,389100.3069534302
12966,389316.4909210205
12967,388427.8074798584
12968,102279.46328353882
12969,215459.42109298706
12970,388254.53995132446
12971,388375.69383621216
12972,389447.8549041748
12973,142657.62546920776
12974,389017.2429237366
12975,390173.38848495483
12976,389298.944355011
12977,158978.79997253418
12978,389559.6374511719
12979,389161.16453552246
12980,389501.83741760254
12981,389666.5436630249
12982,103851.4831790924
12983,389263.8924598694
12984,376309.44609451294
12985,379143.7747077942
12986,178444.40826797485
12987,390518.56772994995
12988,390081.15772628784
12989,391618.1985092163
12990,109508.79145622253
12991,391218.0413322449
12992,389745.3415107727
12993,247499.89254760742
12994,389886.47633743286
12995,390318.61237335205
12996,276377.46086883545
12997,390417.0936470032
12998,390983.28759384155
12999,389144.9141654968
13000,389631.4464149475
13001,128944.43656921387
13002,390838.2965736389
13003,326351.82329559326
13004,390086.1513786316
13005,389072.5934715271
13006,388153.42682647705
13007,387936.84745025635
13008,151436.57133483887
13009,390524.9638404846
13010,391134.65728759766
13011,388932.10818862915
13012,155432.96461486816
13013,122528.99032974243
13014,96572.31128311157
13015,390456.8018608093
13016,375358.412361145
13017,389420.82094573975
13018,390170.3874282837
13019,390893.3838233948
13020,390563.2554550171
13021,390365.1874923706
13022,389411.70709228516
13023,120714.87956428528
13024,390851.24448394775
13025,275757.220533371
13026,389919.29514694214
13027,390357.60692977905
13028,390462.75131607056
13029,244107.23657417297
13030,120172.97211837769
13031,390514.0894393921
13032,390031.42850112915
13033,389609.11867141724
13034,390797.3781967163
13035,390074.2350540161
13036,287501.4683380127
13037,328105.0368976593
13038,389577.8827896118
13039,390347.06508255005
13040,390430.46002578735
13041,390199.73530960083
13042,390075.6723136902
13043,390321.27140426636
13044,389527.01637649536
13045,389403.3024291992
13046,389889.2989349365
13047,390109.3156700134
13048,390173.22662353516
13049,93384.09087753296
13050,390802.2463645935
13051,390181.8872833252
13052,390620.1781921387
13053,205962.928691864
13054,390112.37157821655
13055,390856.4123954773
13056,141235.77025222778
13057,390593.21703338623
13058,97056.97478103638
13059,181177.34647369385
13060,389860.16958236694
13061,390300.65937423706
13062,389886.7544403076
13063,107228.66773223877
13064,390259.38286590576
13065,390405.32902526855
13066,390287.39783477783
13067,389835.50384140015
13068,132200.02634048462
13069,390006.17321014404
13070,388642.19719314575
13071,169157.04222488403
13072,390611.8300552368
13073,390963.37814331055
13074,391453.53494262695
13075,389209.3208351135
13076,389511.11865234375
13077,388393.65630722046
13078,390382.38970947266
13079,114503.6760520935
13080,388157.7115211487
13081,389921.77645492554
13082,390449.9840888977
13083,390209.571975708
13084,390627.03928375244
13085,389035.1846046448
13086,258694.9645500183
13087,260626.93425750732
13088,88905.14866256714
13089,191585.92612838745
13090,388461.01567077637
13091,389357.91411972046
13092,389865.0114250183
13093,388795.4186668396
13094,79229.14558029175
13095,387989.453994751
13096,388326.22088623047
13097,388456.05179977417
13098,388759.5925979614
13099,389979.7685546875
13100,295631.3253707886
13101,388452.17124938965
13102,389307.8966331482
13103,389472.6971092224
13104,389778.02769851685
13105,307713.36695098877
13106,389210.8907279968
13107,389452.36280822754
13108,387672.2377319336
13109,390358.1964645386
13110,113658.87821388245
13111,389130.8029747009
13112,110154.75355911255
13113,389174.0153427124
13114,387683.8857536316
13115,123390.75814819336
13116,389254.8515625
13117,247617.18075561523
13118,389201.9266014099
13119,309492.5991516113
13120,145263.67847442627
13121,205235.3839454651
13122,389718.3444709778
13123,246341.24745941162
13124,111011.43262863159
13125,154620.68231582642
13126,95363.70955657959
13127,91238.65672111511
13128,389204.36545181274
13129,389846.74558639526
13130,255077.86154556274
13131,152531.55396652222
13132,98556.2315864563
13133,155449.28729248047
13134,218884.79428482056
13135,388778.89028930664
13136,388475.68535995483
13137,388707.0063056946
13138,388814.93241500854
13139,388987.48462677
13140,91849.06064605713
13141,390104.35427474976
13142,197533.2635345459
13143,388400.3534049988
13144,388771.26947021484
13145,388673.6853981018
13146,88618.40145301819
13147,386896.05629730225
13148,388567.5912590027
13149,389104.9327545166
13150,389400.5545310974
13151,388445.687915802
13152,388864.82162094116
13153,388888.9287261963
13154,74262.60961151123
13155,389675.3224182129
13156,101618.88509368896
13157,247573.46075439453
13158,271676.7251033783
13159,299125.1416358948
13160,146603.4746208191
13161,94202.74557495117
13162,210953.0902748108
13163,388777.74422454834
13164,389870.414642334
13165,145893.37306785583
13166,389240.3251571655
13167,390368.9951477051
13168,390600.82793426514
13169,389704.51264953613
13170,390821.65436553955
13171,390548.2576522827
13172,390522.26206207275
13173,391143.9134788513
13174,390231.9677581787
13175,389543.9471244812
13176,323867.39849090576
13177,87387.4555568695
13178,391132.7554244995
13179,390152.7089958191
13180,390397.2345466614
13181,389679.38414382935
13182,389069.5737838745
13183,388943.49432754517
13184,388604.8864250183
13185,389596.63777542114
13186,124129.99969863892
13187,389459.04399490356
13188,370055.06356811523
13189,93548.04541015625
13190,378244.68503189087
13191,197072.06843566895
13192,274227.53924942017
13193,389865.08000183105
13194,389338.58626937866
13195,390090.6194267273
13196,123293.44575500488
13197,390485.8509025574
13198,389394.85191345215
13199,390995.3065376282
13200,389861.11363220215
13201,390396.7356033325
13202,390545.42517852783
13203,120559.79012680054
13204,271412.81897735596
13205,165004.0515537262
13206,388393.87213897705
13207,364298.52658843994
13208,389426.74519729614
13209,111735.07127571106
13210,389825.3953742981
13211,389896.35987472534
13212,371942.52353286743
13213,389610.63568878174
13214,92630.15424728394
13215,216781.7745437622
13216,390350.5595741272
13217,390253.8754081726
13218,390350.26223373413
13219,389989.570350647
13220,389510.040599823
13221,390574.01304244995
13222,367146.46380996704
13223,390461.1113395691
13224,390616.52380752563
13225,144912.1530380249
13226,244698.27129936218
13227,112244.58721160889
13228,390053.09830474854
13229,390809.15229797363
13230,389703.70069503784
13231,389834.53789138794
13232,171491.64822769165
13233,305489.87926101685
13234,390236.91175079346
13235,389727.0947418213
13236,363930.6025695801
13237,389611.56409835815
13238,390231.0144767761
13239,213187.1942138672
13240,389748.72887039185
13241,248461.7621574402
13242,389914.89322280884
13243,390395.0280265808
13244,389350.8676185608
13245,109736.68332672119
13246,387496.00604629517
13247,389093.242893219
13248,389223.95964050293
13249,389976.73462677
13250,390877.5551185608
13251,389213.2085456848
13252,389654.1297302246
13253,131553.62440872192
13254,153852.03574752808
13255,390417.8117828369
13256,389871.65813827515
13257,365019.02548599243
13258,250220.32165527344
13259,160186.18921279907
13260,168308.1486568451
13261,389409.7119293213
13262,390296.0192871094
13263,210489.17462921143
13264,199653.8378868103
13265,340037.91039276123
13266,390756.0985183716
13267,390282.0499725342
13268,391038.418258667
13269,95316.17656707764
13270,389769.7376213074
13271,389762.07707214355
13272,71388.21598625183
13273,390078.69718933105
13274,152323.53018951416
13275,390137.21867752075
13276,293381.99085235596
13277,347446.1844482422
13278,390065.4018249512
13279,389517.1678695679
13280,277078.30324554443
13281,390515.13123321533
13282,260518.29110717773
13283,389986.6628303528
13284,170122.73151016235
13285,168545.83736038208
13286,390268.0562362671
13287,388994.530380249
13288,388504.28982925415
13289,389775.4069213867
13290,390665.55070114136
13291,390204.19940185547
13292,388803.8484535217
13293,390982.38373184204
13294,391430.5722312927
13295,390164.3139343262
13296,389712.7310028076
13297,123414.96294021606
13298,389524.1460609436
13299,388782.9621658325
13300,389312.03366851807
13301,390020.2038383484
13302,389623.89265060425
13303,389166.1508102417
13304,182623.2193260193
13305,390059.00943756104
13306,390239.6453437805
13307,389136.69896698
13308,390053.8126525879
13309,390279.36013031006
13310,390239.9331817627
13311,390639.0947380066
13312,170434.52164459229
13313,389088.5606765747
13314,390132.14527130127
13315,389563.70165252686
13316,389115.06676101685
13317,390705.4030342102
13318,391370.8269691467
13319,391737.7476234436
13320,390661.89905548096
13321,391204.33602905273
13322,391402.4026260376
13323,77251.9814529419
13324,389491.7529258728
13325,391296.01443099976
13326,374238.4175453186
13327,164922.43912506104
13328,391615.9257507324
13329,272843.6916923523
13330,391307.04875946045
13331,392397.86407470703
13332,390787.63719558716
13333,390837.8328361511
13334,176235.01562309265
13335,102275.06687164307
13336,392313.3612136841
13337,391075.6848335266
13338,390742.71683883667
13339,275116.74546051025
13340,391315.85441207886
13341,390308.3665237427
13342,390331.0264968872
13343,391687.0612564087
13344,391761.44805145264
13345,391841.66805267334
13346,392047.26204681396
13347,391991.4911804199
13348,391530.6834526062
13349,390011.0736236572
13350,271102.7842826843
13351,340595.9123916626
13352,390231.3136177063
13353,389749.6266784668
13354,137176.96093559265
13355,389389.40196990967
13356,133864.60290145874
13357,390334.3967590332
13358,390980.74896240234
13359,243543.85523796082
13360,389759.60163879395
13361,113197.53803253174
13362,390441.74322509766
13363,391536.42808532715
13364,391913.3308105469
13365,391554.31883621216
13366,390344.91134643555
13367,128170.8761138916
13368,391226.13498687744
13369,390896.5944328308
13370,96930.00178337097
13371,389964.40171432495
13372,389966.0203514099
13373,222018.24093437195
13374,390464.33379745483
13375,390052.0150489807
13376,289584.9069213867
13377,193433.90761566162
13378,390702.90660095215
13379,108576.3117980957
13380,137660.80903053284
13381,390104.3654975891
13382,389888.890083313
13383,388784.4846191406
13384,390160.56495285034
13385,390802.2177505493
13386,390937.91914367676
13387,390567.44454574585
13388,390147.9907684326
13389,389916.6954269409
13390,389874.4239273071
13391,390827.54777526855
13392,391108.7066078186
13393,260975.23807144165
13394,389722.862827301
13395,390498.0493965149
13396,390371.25621032715
13397,389699.60136413574
13398,388456.6223754883
13399,391008.8672142029
13400,217697.41931152344
13401,390834.05752182007
13402,357546.55274391174
13403,391175.65327072144
13404,390379.0242843628
13405,229634.3695755005
13406,389490.19579696655
13407,389165.8567390442
13408,390594.725692749
13409,390592.5391960144
13410,390093.0902671814
13411,390123.20735549927
13412,391153.0870132446
13413,90719.23513412476
13414,388806.439907074
13415,391601.9318084717
13416,389814.1241264343
13417,389904.4415626526
13418,390280.8930168152
13419,391177.7500076294
13420,389602.5083961487
13421,390540.4384536743
13422,389461.509098053
13423,389699.96884155273
13424,76766.82174682617
13425,219524.75898361206
13426,390696.53257369995
13427,390527.65503692627
13428,390912.63634872437
13429,235612.5598678589
13430,390968.3489303589
13431,386487.8795700073
13432,390150.3946495056
13433,390376.7671585083
13434,388979.0228652954
13435,390459.8821144104
13436,390501.7919883728
13437,390495.7279930115
13438,354677.4801902771
13439,391807.42485427856
13440,390466.74906539917
13441,390213.0200538635
13442,390502.8360900879
13443,389702.4537162781
13444,391955.46408462524
13445,391954.6368484497
13446,103246.9871044159
13447,391096.60542678833
13448,202399.8812942505
13449,391155.9235343933
13450,390454.3030357361
13451,247628.5715560913
13452,391562.96043014526
13453,74833.95457839966
13454,391007.0361289978
13455,390188.89249801636
13456,267576.63267707825
13457,317292.6043739319
13458,391713.62102890015
13459,312887.81423568726
13460,390698.48777770996
13461,390341.38484191895
13462,391130.18045806885
13463,390590.11434173584
13464,390351.09167099
13465,390570.89150619507
13466,391077.9612503052
13467,390298.7578430176
13468,391159.9878883362
13469,392206.25315093994
13470,390755.82750701904
13471,146545.3247947693
13472,390688.6384124756
13473,391009.79119873047
13474,81440.20416641235
13475,390679.8677177429
13476,390004.9715309143
13477,391515.6904525757
13478,125475.339138031
13479,245457.23504829407
13480,391061.1224784851
13481,391017.47845458984
13482,120206.37985992432
13483,389581.6512374878
13484,390598.1328201294
13485,391201.5507888794
13486,391924.32230758667
13487,390808.4475135803
13488,391738.8833732605
13489,391476.6430053711
13490,79017.83757781982
13491,390827.53870773315
13492,389840.3214302063
13493,355656.14066696167
13494,156261.0255317688
13495,359563.34203338623
13496,390230.2059555054
13497,125036.80632019043
13498,390592.23484420776
13499,391328.3974304199
13500,391406.28061676025
13501,391796.65967178345
13502,80151.14070510864
13503,275763.35374832153
13504,255901.21292686462
13505,81993.78123855591
13506,390744.02351379395
13507,219425.92224884033
13508,390474.5407295227
13509,390568.28437042236
13510,137731.31429290771
13511,339734.8652076721
13512,169511.84413528442
13513,390907.80281829834
13514,390161.67332077026
13515,390150.0518569946
13516,390135.2964935303
13517,109702.58885192871
13518,391007.9910964966
13519,389430.43880844116
13520,390292.65128707886
13521,390703.5849571228
13522,391388.33334350586
13523,130900.27530288696
13524,391780.29650497437
13525,391575.25954818726
13526,391537.0285758972
13527,390249.0682487488
13528,376714.47467041016
13529,390439.9374961853
13530,348391.7884712219
13531,329027.2169303894
13532,390295.97861099243
13533,135717.23768234253
13534,217007.56523895264
13535,308744.6713485718
13536,390187.94204330444
13537,177987.61504554749
13538,185265.93029022217
13539,381907.80936431885
13540,390892.0077095032
13541,107305.4202003479
13542,125650.71597671509
13543,389069.99951934814
13544,195851.1619644165
13545,100652.49015045166
13546,390235.28469467163
13547,389554.092212677
13548,390831.00064468384
13549,187803.5365486145
13550,390830.51362609863
13551,390456.65327453613
13552,390908.4325065613
13553,390283.6829032898
13554,390615.2505912781
13555,390977.9323616028
13556,388963.76444244385
13557,390549.61700057983
13558,389316.1877861023
13559,391638.3832702637
13560,391965.6206588745
13561,390557.89475250244
13562,252118.14923858643
13563,391331.74531173706
13564,354248.2219619751
13565,390589.5160179138
13566,391127.05464553833
13567,391252.34885406494
13568,390422.53060150146
13569,390664.86318588257
13570,390316.672164917
13571,391163.2769622803
13572,390540.61433792114
13573,390602.3960838318
13574,391091.03246307373
13575,390557.65312194824
13576,270732.22691726685
13577,390697.9579734802
13578,80875.04759597778
13579,390674.74140930176
13580,323652.11948776245
13581,273392.5841560364
13582,391240.5362586975
13583,391784.56801986694
13584,123256.87962913513
13585,391347.56213378906
13586,390974.858795166
13587,390959.09131622314
13588,391318.586391449
13589,390311.2041244507
13590,259352.56546783447
13591,340368.91182518005
13592,390225.4707069397
13593,262940.00260543823
13594,379460.5796394348
13595,390121.3572845459
13596,256264.5706100464
13597,391336.7843437195
13598,390780.8458175659
13599,129092.88149642944
13600,391224.6714324951
13601,126385.15924072266
13602,390958.27755737305
13603,380618.48051834106
13604,385788.0467758179
13605,170515.70144462585
13606,159580.08887290955
13607,250547.74993515015
13608,390925.4374732971
13609,390144.46210479736
13610,366002.237783432
13611,389997.1870727539
13612,390440.4499359131
13613,390603.49938201904
13614,390317.13496398926
13615,391180.92504119873
13616,390069.7526702881
13617,391316.9185562134
13618,391488.2071304321
13619,391573.8330421448
13620,391221.7328033447
13621,390943.58332824707
13622,391259.40578079224
13623,390679.1734161377
13624,132035.55673980713
13625,261211.37171173096
13626,297761.92892456055
13627,156640.06401062012
13628,391461.0908050537
13629,74858.41989135742
13630,312019.97529029846
13631,163466.15031433105
13632,390866.3678703308
13633,96115.87166976929
13634,187212.90578842163
13635,391342.1526298523
13636,390075.21269226074
13637,390862.5598258972
13638,266492.8460845947
13639,139074.43369293213
13640,390202.2236061096
13641,391535.05684280396
13642,390624.1717071533
13643,390395.7233581543
13644,389888.59523773193
13645,390598.3073005676
13646,128572.24518013
13647,390749.6393318176
13648,390534.2605895996
13649,390107.8062133789
13650,390769.98553848267
13651,391099.1252632141
13652,386125.6046562195
13653,390610.3995819092
13654,145830.80422782898
13655,86971.6202468872
13656,360556.3694381714
13657,390621.8366394043
13658,275819.65772628784
13659,390827.13121414185
13660,390450.4856681824
13661,390869.60818481445
13662,171896.0703201294
13663,244854.98301887512
13664,286515.7843017578
13665,378425.7111053467
13666,225335.09003829956
13667,333254.73722076416
13668,207388.57720565796
13669,135847.70097732544
13670,364452.4138031006
13671,391392.68311309814
13672,346811.65867614746
13673,188214.02095031738
13674,390838.9890060425
13675,391287.3176460266
13676,156769.25047683716
13677,259777.1233062744
13678,372019.8501434326
13679,390308.6802330017
13680,350122.4503440857
13681,391605.8045501709
13682,391317.8134803772
13683,238066.7107810974
13684,391745.01358032227
13685,390906.6602783203
13686,390232.0865325928
13687,391916.751991272
13688,183548.69302368164
13689,391204.610748291
13690,391276.5026893616
13691,89353.87707901001
13692,391533.52739334106
13693,343608.55936813354
13694,390373.8324546814
13695,356193.42905807495
13696,389607.80182266235
13697,120075.06919670105
13698,349435.0368232727
13699,198076.7257938385
13700,391069.5025138855
13701,391337.13066482544
13702,391422.1824531555
13703,391109.85289001465
13704,301899.25384140015
13705,389253.56911849976
13706,391002.25956344604
13707,116767.53230857849
13708,390672.3906364441
13709,271172.70712661743
13710,390588.235332489
13711,391329.4375038147
13712,392106.35555648804
13713,390729.0747413635
13714,261494.8708190918
13715,391891.7282295227
13716,141319.72444725037
13717,106012.77383804321
13718,164963.802236557
13719,391199.013256073
13720,391311.65657424927
13721,366763.4120979309
13722,371942.20013046265
13723,77165.44924736023
13724,390520.0076408386
13725,336170.72004699707
13726,140833.74369049072
13727,390976.92582702637
13728,390363.25022506714
13729,206525.72303771973
13730,389378.80756759644
13731,390492.05909729004
13732,390083.01708221436
13733,390282.72870254517
13734,288140.1636734009
13735,390692.44731521606
13736,390797.4580345154
13737,347423.6330871582
13738,391136.11686325073
13739,390220.23920822144
13740,391630.3151321411
13741,391440.85789108276
13742,129061.8673171997
13743,391629.5439414978
13744,392046.2855796814
13745,390917.550655365
13746,390775.51316452026
13747,390804.3479347229
13748,390864.3853530884
13749,390686.60526275635
13750,391590.25021362305
13751,256235.10905265808
13752,391299.8433036804
13753,390438.7731437683
13754,390153.2113761902
13755,390998.6082572937
13756,390591.0844154358
13757,255350.35553359985
13758,256139.90844726562
13759,262292.3483352661
13760,66326.40915870667
13761,390992.1155014038
13762,390056.24785995483
13763,236643.530418396
13764,114416.79870223999
13765,390566.3957595825
13766,165525.92036628723
13767,142244.00296783447
13768,75164.74308776855
13769,219157.9992904663
13770,168102.9609928131
13771,390949.4634399414
13772,389939.2703971863
13773,390337.8536949158
13774,391164.515171051
13775,390472.59799194336
13776,390535.606967926
13777,389067.00172805786
13778,335074.8100090027
13779,263473.75902557373
13780,201145.86359405518
13781,391160.8565444946
13782,117941.8394165039
13783,128226.31435966492
13784,133081.90579223633
13785,79960.69744873047
13786,126259.00065994263
13787,389785.87493515015
13788,382402.5496902466
13789,327952.64557647705
13790,391246.092628479
13791,391231.4560623169
13792,391162.9689178467
13793,388995.7738418579
13794,389325.93771362305
13795,390061.8271369934
13796,355658.41093826294
13797,389761.16802978516
13798,132756.34938049316
13799,110307.31245040894
13800,389425.7076148987
13801,390098.2480697632
13802,388392.98097229004
13803,306830.8089618683
13804,211406.19185638428
13805,389765.37629699707
13806,390416.45707702637
13807,79578.40421676636
13808,390434.5942993164
13809,183446.72380447388
13810,389857.33776474
13811,390150.5348510742
13812,390324.9821090698
13813,208853.5468635559
13814,389419.60735702515
13815,389508.46284484863
13816,390581.16554260254
13817,389514.3812599182
13818,101948.3143234253
13819,219251.22539138794
13820,390456.68185043335
13821,389877.9137802124
13822,390747.17151641846
13823,390348.5908317566
13824,388914.24644088745
13825,200065.43371391296
13826,141000.8426990509
13827,390949.44792175293
13828,296994.69293785095
13829,390523.79850006104
13830,232554.41284179688
13831,390714.218875885
13832,390253.1694946289
13833,390330.4980278015
13834,255610.07159423828
13835,124531.7205734253
13836,137620.73904037476
13837,222960.8554573059
13838,390815.12869262695
13839,390809.01485061646
13840,390869.6457557678
13841,391001.2396659851
13842,390171.9704360962
13843,175680.3236427307
13844,390918.4792442322
13845,390509.0273780823
13846,390696.9115333557
13847,390107.78536605835
13848,94921.1600074768
13849,247198.85730743408
13850,390322.1301651001
13851,391357.26537323
13852,140873.04458999634
13853,129019.50799179077
13854,391329.2252883911
13855,281626.4019355774
13856,152081.008562088
13857,389400.23652648926
13858,389132.85202789307
13859,391196.9167442322
13860,297995.1429595947
13861,390544.55868148804
13862,98180.52055740356
13863,390961.92127609253
13864,390392.31255340576
13865,312879.41170692444
13866,159256.9162864685
13867,390219.67333221436
13868,232798.01066970825
13869,238008.31970977783
13870,363897.4816894531
13871,389524.3462562561
13872,390218.05824279785
13873,390327.35763549805
13874,390196.66606903076
13875,300059.7608451843
13876,391212.0537376404
13877,356809.8016548157
13878,194352.52083969116
13879,277036.8886528015
13880,210331.89336776733
13881,392512.04555130005
13882,94038.38188171387
13883,392100.6820907593
13884,391926.0435523987
13885,375215.7672805786
13886,267250.7600517273
13887,163196.0647468567
13888,391782.34534454346
13889,142118.3483581543
13890,69014.44878959656
13891,389433.2346305847
13892,391074.74281311035
13893,110018.30562210083
13894,377797.40584373474
13895,131356.31956481934
13896,384677.64152145386
13897,353178.4348487854
13898,390560.73707199097
13899,108116.44163894653
13900,390134.29538726807
13901,144626.68151474
13902,136514.10216903687
13903,391435.1109352112
13904,390509.55212783813
13905,390100.91944122314
13906,381599.54180145264
13907,390687.01192474365
13908,110419.01254272461
13909,390253.49447631836
13910,390637.9271736145
13911,391400.2448005676
13912,389800.64488601685
13913,389806.5542564392
13914,390448.9756965637
13915,276130.9621734619
13916,252678.39488601685
13917,335377.3346633911
13918,103794.30186462402
13919,258348.74759674072
13920,216395.08403396606
13921,390065.01401901245
13922,389603.7758216858
13923,390178.26539993286
13924,323116.889125824
13925,194254.9579410553
13926,194802.84670257568
13927,391143.9041595459
13928,390892.90787887573
13929,391305.1451034546
13930,392236.4077453613
13931,390035.93280410767
13932,390825.41857528687
13933,389511.34003448486
13934,390999.7376937866
13935,280832.8525238037
13936,391905.00036621094
13937,392029.7500343323
13938,145253.4859275818
13939,118791.66798400879
13940,370215.250995636
13941,359323.1770210266
13942,390943.18363952637
13943,73805.1514415741
13944,391177.89560317993
13945,390441.686504364
13946,390836.95582199097
13947,149935.25742340088
13948,390946.6875267029
13949,389900.56859207153
13950,391151.1311187744
13951,390848.29709243774
13952,343457.8954696655
13953,390316.21143722534
13954,222619.2714958191
13955,391133.1601257324
13956,197974.9648323059
13957,328702.3289489746
13958,390738.6517982483
13959,390428.04943847656
13960,390111.9884414673
13961,390966.276638031
13962,390335.888420105
13963,391071.8861656189
13964,390754.04472351074
13965,281712.4023513794
13966,183847.61905288696
13967,390932.09017944336
13968,149266.86903381348
13969,391015.0961456299
13970,261166.284160614
13971,389873.4866371155
13972,390773.0781593323
13973,390506.8953857422
13974,390932.4211502075
13975,389887.3017959595
13976,233719.96681976318
13977,390785.152507782
13978,390790.4947128296
13979,390943.2639312744
13980,391138.662071228
13981,390864.07846450806
13982,391811.97218704224
13983,391197.61728286743
13984,391821.12450408936
13985,390105.33755111694
13986,90424.9704246521
13987,392309.18717956543
13988,155890.67042541504
13989,175888.90887832642
13990,91408.8837852478
13991,392265.60834884644
13992,203401.88691711426
13993,390636.61014938354
13994,391305.87760925293
13995,203519.25145339966
13996,147385.0253791809
13997,344609.92697906494
13998,343649.5842514038
13999,391763.5147895813
14000,101606.15684127808
14001,221480.18210601807
14002,377736.4888458252
14003,82813.7090625763
14004,91312.87286758423
14005,389833.0763397217
14006,390240.0854911804
14007,389991.0182418823
14008,389282.3411026001
14009,389473.269405365
14010,316200.3625679016
14011,390033.8204689026
14012,391622.93185806274
14013,390193.91566085815
14014,166076.3628578186
14015,235528.5121383667
14016,198288.5562362671
14017,390857.9183921814
14018,159711.99908638
14019,391526.90840911865
14020,391278.9440803528
14021,261655.56828689575
14022,391309.17964553833
14023,172156.62147140503
14024,252414.29641342163
14025,392614.9394340515
14026,94757.58071899414
14027,390517.7399215698
14028,392412.40326690674
14029,358828.57722854614
14030,392103.99322891235
14031,161904.584690094
14032,391894.1891517639
14033,391243.4936103821
14034,333675.18880844116
14035,390881.7444267273
14036,392539.8031158447
14037,392024.4348449707
14038,264223.0779876709
14039,391483.62547302246
14040,390188.97284317017
14041,390525.0003890991
14042,158728.19329833984
14043,390612.2826576233
14044,244652.6088066101
14045,178571.91807174683
14046,390930.51567840576
14047,115865.54976654053
14048,390434.9217300415
14049,390682.5222816467
14050,390417.97791671753
14051,390638.9745025635
14052,132625.02917861938
14053,391091.6993865967
14054,391011.27390289307
14055,391690.8151664734
14056,391396.4999771118
14057,390046.4154281616
14058,91335.44904518127
14059,390594.17988586426
14060,390871.863861084
14061,391342.3739852905
14062,389491.3978881836
14063,391548.4560203552
14064,356384.0937309265
14065,390882.2968444824
14066,390946.3696975708
14067,390747.84326934814
14068,100463.59615325928
14069,244630.32907485962
14070,143436.89932250977
14071,288671.6005897522
14072,183916.92553710938
14073,380025.8084793091
14074,82207.75635528564
14075,391760.09395599365
14076,390626.77013015747
14077,390413.4639663696
14078,382983.2490005493
14079,390106.9462585449
14080,390808.61501312256
14081,244363.77779388428
14082,117276.46613311768
14083,390164.4547805786
14084,222472.25470924377
14085,390772.7856063843
14086,390870.03255844116
14087,390577.40225982666
14088,390488.0465621948
14089,390303.29008483887
14090,392005.4154396057
14091,330168.68339920044
14092,115722.2166671753
14093,253487.81844711304
14094,391881.7955932617
14095,390859.5923576355
14096,93546.8289642334
14097,391159.21939086914
14098,390911.90018463135
14099,156875.7487602234
14100,129557.12354850769
14101,389886.51054000854
14102,204778.97821044922
14103,390941.30418777466
14104,336971.58435058594
14105,390670.54862213135
14106,361022.6891899109
14107,391913.00468063354
14108,200283.6580467224
14109,390476.8953475952
14110,391895.75300598145
14111,317397.1799621582
14112,113029.1155090332
14113,252618.8764152527
14114,390313.48865509033
14115,219658.04263687134
14116,390415.91915130615
14117,308017.21849823
14118,274323.4236602783
14119,387512.62634658813
14120,322336.4957008362
14121,391223.4031639099
14122,391264.08068847656
14123,390162.50244140625
14124,390798.1942977905
14125,390670.4172744751
14126,390300.49492263794
14127,380086.36531066895
14128,367121.479221344
14129,228058.32890701294
14130,391487.71380996704
14131,391104.02171707153
14132,336173.3678474426
14133,390619.1099662781
14134,314789.7459831238
14135,148184.27144622803
14136,389892.780128479
14137,250038.38613128662
14138,121230.62911605835
14139,389839.3914985657
14140,363100.58402633667
14141,244046.71104812622
14142,360352.21419525146
14143,322677.67947387695
14144,253881.73654937744
14145,391849.99785614014
14146,235410.1107635498
14147,392397.1511001587
14148,187409.34399986267
14149,112155.74631690979
14150,381330.93605041504
14151,391041.02688217163
14152,392657.2860946655
14153,228692.11269378662
14154,217316.74323272705
14155,391124.32930374146
14156,391401.86798095703
14157,392553.7957839966
14158,121947.98051452637
14159,390679.2516670227
14160,281295.9846534729
14161,265352.16934013367
14162,216707.02829742432
14163,390658.9069595337
14164,391704.7321357727
14165,390437.81255340576
14166,391666.78521347046
14167,389969.4702911377
14168,391263.2570800781
14169,390127.87144088745
14170,391045.4532318115
14171,391039.62202835083
14172,390520.91957092285
14173,391605.79165649414
14174,390861.199092865
14175,390472.75938796997
14176,114518.16050720215
14177,391322.1435852051
14178,391857.20472717285
14179,391140.02911376953
14180,391003.6332092285
14181,391579.65002059937
14182,232089.21396636963
14183,390320.8069076538
14184,181472.5059967041
14185,391935.03982162476
14186,390824.5135154724
14187,391788.90743637085
14188,390929.1033821106
14189,390581.20852279663
14190,391001.6684188843
14191,390948.63805007935
14192,294766.0543708801
14193,390455.07470703125
14194,277593.27475357056
14195,392113.8857383728
14196,123629.83243942261
14197,392211.58533096313
14198,390703.09732818604
14199,389932.16201782227
14200,391064.7088813782
14201,391014.9543762207
14202,67643.11679267883
14203,391143.54108047485
14204,391427.5778427124
14205,389812.2773399353
14206,391561.38386154175
14207,391102.7406158447
14208,390189.5732765198
14209,392564.35291671753
14210,391231.5258140564
14211,302310.23863601685
14212,391363.4200248718
14213,248071.52809524536
14214,69739.8578338623
14215,66583.18943595886
14216,391907.3406448364
14217,391884.84142684937
14218,81306.75001525879
14219,231005.74194908142
14220,390272.4063873291
14221,391330.64727401733
14222,391368.56940078735
14223,391310.0212364197
14224,254879.777885437
14225,375385.9044570923
14226,295201.5293960571
14227,390136.17139816284
14228,120425.55814170837
14229,228397.55500030518
14230,84125.47306251526
14231,215364.29457092285
14232,391023.76246643066
14233,329688.4425315857
14234,391799.2082633972
14235,389596.15155029297
14236,367126.1645126343
14237,389985.7477302551
14238,389667.9384689331
14239,61755.31414985657
14240,390704.25871658325
14241,389924.71602630615
14242,390182.5715332031
14243,391051.1940231323
14244,314520.0658569336
14245,67431.73621368408
14246,388955.08115005493
14247,117184.69666671753
14248,157812.86143875122
14249,65047.186168670654
14250,389027.29582977295
14251,307603.94473838806
14252,75384.1799697876
14253,390233.8244667053
14254,390565.0673942566
14255,251736.3628578186
14256,338659.1392593384
14257,389639.7715148926
14258,208558.7377052307
14259,390672.5166244507
14260,391344.3049278259
14261,391799.90801620483
14262,390964.9478225708
14263,391214.3812522888
14264,326898.2296333313
14265,392608.30459594727
14266,392659.6879196167
14267,391717.2138404846
14268,391271.6038284302
14269,391694.5086593628
14270,391385.1424636841
14271,391880.1411705017
14272,195484.89558792114
14273,390876.7383918762
14274,392224.46114730835
14275,391606.0115814209
14276,392722.4892807007
14277,137151.44803237915
14278,391654.5567703247
14279,391803.87896347046
14280,391969.852519989
14281,391853.8440170288
14282,392019.5895881653
14283,392494.33069229126
14284,391778.741104126
14285,107565.04955673218
14286,114983.36851501465
14287,392570.3656921387
14288,289325.34648132324
14289,391945.71103286743
14290,391431.95583343506
14291,391806.6328086853
14292,392532.5862007141
14293,391515.2703361511
14294,392424.53408432007
14295,392412.96643447876
14296,392157.122756958
14297,391752.7954788208
14298,392739.88902282715
14299,391176.80810928345
14300,79262.72564315796
14301,390695.17043685913
14302,137087.2804260254
14303,392471.57441711426
14304,391559.2110786438
14305,391691.84965896606
14306,391523.7998123169
14307,391232.90839385986
14308,392637.68211746216
14309,391620.9775314331
14310,391755.76039123535
14311,393066.14628982544
14312,392529.6435623169
14313,392540.14765548706
14314,130972.76428794861
14315,393236.34397506714
14316,391703.52015686035
14317,391410.6383857727
14318,394248.81242752075
14319,195204.26885604858
14320,394194.982963562
14321,392557.54401016235
14322,392785.140499115
14323,191589.0876159668
14324,390872.61991119385
14325,393555.459564209
14326,393858.8514289856
14327,392753.04919052124
14328,392990.7014465332
14329,391611.73306655884
14330,391487.0842514038
14331,393598.21226501465
14332,393833.0451622009
14333,389119.6990432739
14334,394062.4229660034
14335,394040.0599517822
14336,190999.37462615967
14337,392816.6431617737
14338,392445.1561355591
14339,391608.81198883057
14340,320829.26069641113
14341,392942.33476638794
14342,382534.8595123291
14343,392448.2633972168
14344,392903.5402832031
14345,392036.9071235657
14346,391343.93952178955
14347,270880.114654541
14348,391824.3412017822
14349,392419.0269584656
14350,392261.4572105408
14351,374689.8370933533
14352,321473.3190193176
14353,256421.29726028442
14354,180094.32063293457
14355,226147.17840576172
14356,391922.95177841187
14357,392686.13132095337
14358,392755.498878479
14359,271333.8315086365
14360,392654.30727005005
14361,391982.443649292
14362,392119.09911346436
14363,286239.7497520447
14364,393354.5985031128
14365,199936.3804550171
14366,392352.44387435913
14367,390965.9256362915
14368,165392.52487182617
14369,391836.88819503784
14370,392829.72021865845
14371,392893.31495666504
14372,367811.74395370483
14373,390806.8393058777
14374,348819.62982559204
14375,391573.5646209717
14376,274929.428981781
14377,390851.66762161255
14378,390699.46128845215
14379,390514.7890777588
14380,390967.3179321289
14381,391919.5693473816
14382,391850.0891838074
14383,112971.02379989624
14384,381317.07820129395
14385,391079.54970932007
14386,329550.6221733093
14387,392157.1378746033
14388,392078.22873306274
14389,389945.31297302246
14390,118500.61569976807
14391,390985.5478897095
14392,391686.9295082092
14393,390499.8557815552
14394,390976.57120132446
14395,235677.53552627563
14396,393669.2911224365
14397,390724.78885650635
14398,392770.05197525024
14399,392195.8195762634
14400,391021.66677093506
14401,75632.85139465332
14402,389984.8995361328
14403,391921.08767700195
14404,391391.96936416626
14405,392475.24840927124
14406,235862.38496017456
14407,202730.5281906128
14408,391063.5033454895
14409,392700.32540130615
14410,223242.18843841553
14411,348435.5237159729
14412,134345.81339263916
14413,391925.3184661865
14414,261912.8572692871
14415,142280.68858337402
14416,143495.40367126465
14417,262966.8795661926
14418,96344.74750137329
14419,390495.0834579468
14420,390292.06938934326
14421,389929.4796257019
14422,391115.00074768066
14423,339210.8341293335
14424,389920.95573043823
14425,390055.4672088623
14426,389676.6103286743
14427,389850.0372238159
14428,389440.24670791626
14429,390616.31060791016
14430,391419.42011642456
14431,391160.0887527466
14432,391451.5079421997
14433,237903.4445953369
14434,390035.8940963745
14435,389740.1729660034
14436,389993.89012908936
14437,389863.20461654663
14438,390730.6774406433
14439,219728.3324394226
14440,351109.9445705414
14441,112140.65348434448
14442,391023.7678222656
14443,390748.02936935425
14444,390379.42250823975
14445,389719.5710334778
14446,390092.6021499634
14447,390305.89961624146
14448,347370.4561691284
14449,390544.3589782715
14450,389725.98790359497
14451,251609.9232635498
14452,369305.9987106323
14453,391349.5199623108
14454,259297.0425605774
14455,390733.8746948242
14456,390750.7580795288
14457,304001.50145721436
14458,391726.9610862732
14459,391650.33714675903
14460,390955.2967414856
14461,178409.60718917847
14462,391055.60749053955
14463,390673.9243965149
14464,156511.71173858643
14465,390182.50594711304
14466,156561.18987464905
14467,390275.2302284241
14468,391187.4398803711
14469,166347.20008087158
14470,389960.7784347534
14471,390644.94694519043
14472,391957.74502563477
14473,390510.29974746704
14474,390553.84241104126
14475,390624.98081588745
14476,88003.45737075806
14477,391023.6857261658
14478,391916.62548828125
14479,185440.8484802246
14480,390947.83240890503
14481,389665.6355781555
14482,391720.53004074097
14483,274876.39979171753
14484,391435.9591026306
14485,390321.5234603882
14486,391223.9809265137
14487,391283.66568756104
14488,391375.71506881714
14489,391015.40423583984
14490,391673.6078567505
14491,340974.3009262085
14492,391647.2671928406
14493,391259.75397109985
14494,390458.91541290283
14495,389984.17542266846
14496,391299.0055961609
14497,390997.4574241638
14498,322233.8215637207
14499,382082.262172699
14500,104009.20894813538
14501,392050.88801574707
14502,284462.6201019287
14503,164760.04523086548
14504,391068.77520751953
14505,392329.72344207764
14506,390714.9772567749
14507,128716.30642700195
14508,391248.48469924927
14509,392155.5608406067
14510,391501.5582008362
14511,390593.3050994873
14512,391631.2915878296
14513,225647.5117378235
14514,207834.44261932373
14515,380596.983253479
14516,391569.7769432068
14517,391998.4160003662
14518,391456.17922210693
14519,251368.66431999207
14520,390457.9473686218
14521,391429.5905189514
14522,391203.57458496094
14523,390876.48293685913
14524,392350.7176055908
14525,382611.3518218994
14526,166569.2902393341
14527,392268.4617729187
14528,392483.6301651001
14529,391629.06394958496
14530,91726.03664779663
14531,392123.2938346863
14532,391919.86531448364
14533,391715.84840774536
14534,222701.00379943848
14535,390141.81201934814
14536,279894.3988227844
14537,389877.1838760376
14538,390368.9182472229
14539,389673.1235847473
14540,389730.20974349976
14541,390608.12591934204
14542,390213.2625846863
14543,391213.7061538696
14544,391055.093585968
14545,389994.2569847107
14546,390530.31328201294
14547,390649.14709472656
14548,390639.8747253418
14549,391463.9936981201
14550,390407.5366706848
14551,391649.4127922058
14552,392119.074924469
14553,102081.68276023865
14554,392299.00590515137
14555,392104.38079071045
14556,392100.1894645691
14557,391806.0330276489
14558,125507.10187911987
14559,383059.58922958374
14560,196652.0814819336
14561,391697.3307418823
14562,391179.74209976196
14563,392007.9079475403
14564,117137.41124343872
14565,391617.0997886658
14566,392470.88049697876
14567,391151.91467666626
14568,392138.36909484863
14569,392625.3266067505
14570,392402.9276275635
14571,393293.5608024597
14572,392712.4533958435
14573,99137.93265914917
14574,390729.9436340332
14575,390972.75732421875
14576,392749.7854194641
14577,153192.93978881836
14578,390644.7452735901
14579,390678.7903404236
14580,390173.45122909546
14581,391694.7566986084
14582,123122.48065185547
14583,391762.0684967041
14584,391869.0060348511
14585,391553.2229232788
14586,391231.7456550598
14587,391984.64767074585
14588,125482.03212738037
14589,112689.19674491882
14590,143218.5270729065
14591,392436.258354187
14592,390845.71321105957
14593,152688.66184043884
14594,390050.46726608276
14595,391133.7457923889
14596,391599.71965789795
14597,391436.83880996704
14598,108029.65128326416
14599,392571.6012687683
14600,390745.48207855225
14601,391596.2617340088
14602,134798.3779335022
14603,69336.71708106995
14604,390869.8705215454
14605,113941.0073337555
14606,391757.7602157593
14607,390703.6776123047
14608,370741.25343322754
14609,390544.7074394226
14610,391841.5704650879
14611,205840.3649406433
14612,391081.31785583496
14613,391746.46810150146
14614,391471.1611022949
14615,390737.1385002136
14616,390577.7543106079
14617,391665.02561950684
14618,392295.92029953003
14619,390875.87593078613
14620,390607.58042907715
14621,107332.2168045044
14622,392152.25357818604
14623,390388.9316177368
14624,391161.68940734863
14625,326689.7978172302
14626,390988.1639213562
14627,390876.455116272
14628,391169.9447669983
14629,391236.2823982239
14630,392390.09215927124
14631,385521.5250930786
14632,236494.440990448
14633,390655.0720939636
14634,87558.24355125427
14635,390918.86754226685
14636,390028.2486419678
14637,67390.62130355835
14638,392186.59772109985
14639,391454.77365493774
14640,391331.23572158813
14641,391746.7067337036
14642,392398.6880836487
14643,392157.2174873352
14644,265284.18840026855
14645,390856.1257171631
14646,212748.0184211731
14647,391033.40489578247
14648,99221.30500030518
14649,391427.3476715088
14650,157196.84143066406
14651,391565.7025604248
14652,160621.43816375732
14653,390343.21057891846
14654,391644.62047958374
14655,104177.16911888123
14656,391231.94453430176
14657,109391.21137237549
14658,141682.810005188
14659,391612.37714004517
14660,238299.39885139465
14661,391078.06452178955
14662,203100.14861106873
14663,391212.3093032837
14664,380692.1062850952
14665,194751.3449268341
14666,146116.72742843628
14667,391075.1077346802
14668,112117.83324050903
14669,391094.73527526855
14670,152523.9900817871
14671,390961.5363121033
14672,127191.71912002563
14673,100709.69136047363
14674,391618.7110671997
14675,391464.5050010681
14676,212901.9503364563
14677,391062.4822883606
14678,391556.5666618347
14679,391850.96786880493
14680,390984.6026611328
14681,392117.9614868164
14682,163922.73218154907
14683,270603.96352386475
14684,391184.7511520386
14685,391399.8271636963
14686,224883.17249679565
14687,393306.9089393616
14688,277211.13426971436
14689,135187.05699157715
14690,391473.49925231934
14691,219216.5936203003
14692,391309.9659729004
14693,149172.18243026733
14694,392637.7637863159
14695,390753.70694351196
14696,388295.42276382446
14697,391006.392124176
14698,391179.7293777466
14699,392846.4327468872
14700,109284.04052352905
14701,392279.47762298584
14702,184915.34087371826
14703,101964.03423309326
14704,392094.8635597229
14705,391912.6378555298
14706,132484.82848739624
14707,151153.35787200928
14708,393389.21448135376
14709,392156.99743652344
14710,392471.9407234192
14711,390991.397769928
14712,392522.6575393677
14713,391851.135723114
14714,391820.3899497986
14715,391883.0033760071
14716,393347.4656982422
14717,391376.443321228
14718,251786.65770339966
14719,143800.22773361206
14720,392123.8567276001
14721,392145.4303627014
14722,390799.44861221313
14723,390869.00036239624
14724,250603.98255729675
14725,161563.09519958496
14726,391233.06340026855
14727,213743.12071609497
14728,390663.09745788574
14729,391043.1930961609
14730,391799.3264503479
14731,391132.2035522461
14732,390999.21365737915
14733,100554.94663238525
14734,391191.98025894165
14735,347876.83823776245
14736,391003.30936813354
14737,137114.24681472778
14738,391572.6361236572
14739,391450.5830459595
14740,202323.93016815186
14741,388964.29499053955
14742,146827.3013267517
14743,284505.27964782715
14744,95942.81546401978
14745,335167.10121917725
14746,288319.1211242676
14747,111053.4274482727
14748,207112.872133255
14749,392250.2872161865
14750,116533.44585037231
14751,159782.85717010498
14752,280546.8225402832
14753,177602.18224143982
14754,351490.90393066406
14755,388900.59565353394
14756,388567.5461769104
14757,123757.71046257019
14758,230670.16799926758
14759,391717.8889884949
14760,87821.84525680542
14761,266405.1515426636
14762,279340.6763725281
14763,289070.1070251465
14764,233856.74044799805
14765,174441.38903045654
14766,164468.91542053223
14767,97773.54009628296
14768,349228.3317756653
14769,390553.2848472595
14770,390493.7290382385
14771,150487.62108421326
14772,391281.57960510254
14773,337994.6138343811
14774,361512.86125564575
14775,390860.3205833435
14776,152006.34553909302
14777,78326.77674484253
14778,391711.1822013855
14779,390680.6522216797
14780,391282.5272064209
14781,390712.5997200012
14782,390903.3448600769
14783,390874.6733932495
14784,390032.4455718994
14785,391944.8444709778
14786,391236.9437599182
14787,89807.75253295898
14788,116330.98553848267
14789,391453.7448272705
14790,390560.4507484436
14791,100254.40002059937
14792,389961.9686393738
14793,390833.5897254944
14794,167186.79667282104
14795,389594.6046257019
14796,390030.5705947876
14797,262146.30324554443
14798,389235.0452079773
14799,391464.40855789185
14800,391413.7865486145
14801,123311.53827285767
14802,185638.2807788849
14803,390196.37216567993
14804,359191.7201347351
14805,151448.98071861267
14806,391325.90295028687
14807,390625.58573150635
14808,391158.1713256836
14809,389983.8882369995
14810,390797.7608680725
14811,390360.5111961365
14812,109970.719165802
14813,389698.0873680115
14814,390702.35007858276
14815,391845.65728759766
14816,137651.35745239258
14817,357151.11056518555
14818,388697.9812812805
14819,392115.4753227234
14820,391742.72507476807
14821,385377.3681640625
14822,390885.21042251587
14823,390527.9176597595
14824,390344.512298584
14825,390159.52616500854
14826,385628.0471801758
14827,391155.9138221741
14828,391973.27697372437
14829,390987.0620536804
14830,391321.374168396
14831,389982.7565612793
14832,390489.0196380615
14833,390992.0047264099
14834,390567.8568687439
14835,133797.49054718018
14836,380155.20346450806
14837,271296.97786712646
14838,136213.67350578308
14839,108067.2188539505
14840,320711.6954917908
14841,391614.2210884094
14842,90193.66939926147
14843,124820.48152923584
14844,393371.3435707092
14845,98411.71146774292
14846,358520.9481048584
14847,355620.43574905396
14848,201176.99997711182
14849,392816.34144592285
14850,391176.7314758301
14851,390468.9111480713
14852,389677.998210907
14853,360838.17893600464
14854,324682.11569976807
14855,323248.7006111145
14856,315498.47858047485
14857,58278.06541252136
14858,392300.3803405762
14859,392599.24893188477
14860,392860.8623352051
14861,391551.319065094
14862,393121.03229522705
14863,392312.6827735901
14864,392836.9576148987
14865,141945.35172462463
14866,390567.3378944397
14867,392621.07193374634
14868,393234.6967353821
14869,392985.02336883545
14870,104243.1082611084
14871,391099.5782775879
14872,390758.4795303345
14873,390892.5916671753
14874,213102.84617996216
14875,390406.2706184387
14876,392588.03675460815
14877,391980.01833724976
14878,391563.5903701782
14879,300711.2178993225
14880,391648.9799423218
14881,331918.1449241638
14882,391039.5213470459
14883,390841.36137771606
14884,163358.73156929016
14885,391833.9514732361
14886,246273.8938846588
14887,335965.2174758911
14888,92568.61809539795
14889,186941.52983093262
14890,258403.75799751282
14891,307168.5182952881
14892,68360.24962043762
14893,390755.85356903076
14894,392390.41341018677
14895,391208.61082077026
14896,197309.4936027527
14897,391398.6399536133
14898,168769.30519866943
14899,391923.53634643555
14900,390394.48904037476
14901,392084.50341033936
14902,234403.5317955017
14903,391386.54332351685
14904,391407.78366470337
14905,392426.05405044556
14906,390626.25901412964
14907,390488.5139846802
14908,391826.238822937
14909,168136.26565170288
14910,220912.49535751343
14911,193889.79996490479
14912,118132.56472015381
14913,359901.89988327026
14914,390048.0839538574
14915,305954.15811538696
14916,322302.7675561905
14917,391001.04429626465
14918,103781.6796951294
14919,91704.40479278564
14920,389581.1093482971
14921,390141.7449989319
14922,391194.4162902832
14923,391410.33560943604
14924,109063.87572479248
14925,390676.9348602295
14926,389619.51376724243
14927,391090.9756088257
14928,170988.6022014618
14929,390363.465297699
14930,391910.97006225586
14931,389989.3625717163
14932,391007.98695373535
14933,203387.06727981567
14934,391197.47901535034
14935,283463.22441482544
14936,389912.42406082153
14937,390856.6876792908
14938,74871.24515914917
14939,390421.48028182983
14940,216948.24085617065
14941,391267.6079597473
14942,391160.6513938904
14943,391484.7366142273
14944,393213.8908653259
14945,392414.6400413513
14946,392647.14277267456
14947,392579.9630432129
14948,391959.0547027588
14949,393882.3211631775
14950,56924.93627166748
14951,109656.55395126343
14952,392053.0453300476
14953,391771.4457397461
14954,391925.7761230469
14955,393932.8731498718
14956,276951.66162872314
14957,391528.09914398193
14958,392157.11628341675
14959,119768.27019309998
14960,392961.874835968
14961,72337.54086399078
14962,164309.25466918945
14963,148205.5832195282
14964,249278.17406082153
14965,277740.1807975769
14966,121507.76381492615
14967,391860.5868835449
14968,390682.9221801758
14969,393093.243724823
14970,393670.70931625366
14971,393070.6428604126
14972,392510.7209587097
14973,392463.11225128174
14974,133585.49645996094
14975,392249.2194595337
14976,386632.42375183105
14977,391693.4369735718
14978,392022.486907959
14979,392780.91526412964
14980,393412.20612716675
14981,391126.92740631104
14982,392435.38090896606
14983,392523.98052978516
14984,393814.0622291565
14985,392697.78591156006
14986,393808.81100845337
14987,123894.06085968018
14988,391831.2218513489
14989,392445.3958015442
14990,391970.4556159973
14991,391965.16219329834
14992,92272.72612571716
14993,110881.32643699646
14994,392982.82319259644
14995,393759.7542114258
14996,383295.622631073
14997,279789.45331954956
14998,393714.41471099854
14999,329544.34299850464
15000,391514.3830718994
15001,359839.0805568695
15002,393026.8780670166
15003,332426.6360015869
15004,112789.50287628174
15005,391663.6689796448
15006,199510.6206932068
15007,206534.74785995483
15008,391950.84327316284
15009,391166.8889160156
15010,392477.38720703125
15011,134491.8953590393
15012,392642.8309173584
15013,392147.14430236816
15014,391729.9782562256
15015,231525.91493606567
15016,392272.67892837524
15017,326244.3176498413
15018,391061.59212875366
15019,392838.579826355
15020,278292.64332199097
15021,391606.3974342346
15022,391199.58558273315
15023,378077.5730628967
15024,391098.1244049072
15025,390965.06535720825
15026,95213.26095962524
15027,359823.9266242981
15028,392104.2915420532
15029,391556.73124313354
15030,391019.7762641907
15031,324452.9174346924
15032,393142.47369766235
15033,392390.4345970154
15034,394208.1064491272
15035,391922.0256614685
15036,393339.52808761597
15037,391861.0135574341
15038,391691.7517089844
15039,268213.13023757935
15040,392380.2056388855
15041,390888.19410705566
15042,324010.5520515442
15043,391585.4825363159
15044,391309.70331954956
15045,391920.5093078613
15046,391573.7470321655
15047,390371.9414367676
15048,391905.15282440186
15049,392526.878780365
15050,92992.58591079712
15051,390342.19314193726
15052,391240.0051307678
15053,391106.2161254883
15054,390331.2588119507
15055,391889.7665939331
15056,199751.47926712036
15057,302329.128238678
15058,240789.57344436646
15059,214537.75061035156
15060,198660.6036453247
15061,391654.34765625
15062,390453.18550109863
15063,393143.6136703491
15064,274945.5071029663
15065,375254.53213500977
15066,269209.16192626953
15067,254804.2608795166
15068,382672.84924697876
15069,107142.71940994263
15070,391450.06132507324
15071,201883.135887146
15072,262982.0576171875
15073,392094.77824401855
15074,392822.45986938477
15075,390758.5753479004
15076,391400.8588409424
15077,388639.66889572144
15078,390944.67264938354
15079,391179.4734573364
15080,356581.4206428528
15081,186317.80373764038
15082,313340.7765388489
15083,67705.45558929443
15084,391520.99855041504
15085,391250.8709526062
15086,244817.72353172302
15087,393091.1134147644
15088,391428.69927215576
15089,182828.38773727417
15090,392515.63467407227
15091,89507.57014846802
15092,244431.95691871643
15093,392229.25926971436
15094,392209.651763916
15095,392980.6721916199
15096,66141.72458267212
15097,392263.84939193726
15098,391705.46981048584
15099,94536.71556472778
15100,391400.0155029297
15101,390833.71018218994
15102,227864.7813796997
15103,352891.70289993286
15104,324903.21112060547
15105,391036.52618026733
15106,269990.5217247009
15107,390814.6365699768
15108,233455.57498550415
15109,76603.85433959961
15110,390268.83822631836
15111,348731.262550354
15112,88256.81522369385
15113,392740.07300567627
15114,305442.8289337158
15115,100799.57001113892
15116,391157.6179084778
15117,391835.2062263489
15118,392008.44873809814
15119,391143.6888847351
15120,239613.4195213318
15121,391162.3391571045
15122,146077.47026062012
15123,392137.7442398071
15124,145242.4405632019
15125,391614.298789978
15126,391236.93378448486
15127,187045.15314865112
15128,390850.5399131775
15129,392238.9317398071
15130,390027.3111419678
15131,252706.91276931763
15132,390277.40784835815
15133,50194.32649230957
15134,390636.2878303528
15135,391048.43408203125
15136,390054.04678344727
15137,390772.31398773193
15138,390396.7449836731
15139,392071.498752594
15140,393559.50496673584
15141,392094.6557235718
15142,280190.49811553955
15143,390535.49450683594
15144,79858.36727142334
15145,392047.61766433716
15146,126779.27841567993
15147,278520.5483932495
15148,390884.73669433594
15149,170358.0066947937
15150,89893.52687454224
15151,218745.23098754883
15152,109983.38503837585
15153,389900.5841140747
15154,390486.7904663086
15155,392067.21783828735
15156,221129.80261993408
15157,371490.5994949341
15158,97578.0413017273
15159,391635.8287010193
15160,145914.6308479309
15161,390921.3365020752
15162,390769.83767318726
15163,85195.54148101807
15164,80357.76959228516
15165,390899.73974227905
15166,146672.5031929016
15167,390470.50888442993
15168,112080.2700881958
15169,392122.0041809082
15170,134228.3295288086
15171,391054.4751930237
15172,390292.3328399658
15173,390809.7712059021
15174,391066.40103530884
15175,151171.99934768677
15176,391162.92141342163
15177,391436.72829055786
15178,169171.21102905273
15179,184113.41262054443
15180,381155.61991500854
15181,115703.65011024475
15182,391784.9890022278
15183,107766.74403381348
15184,391304.939743042
15185,133566.80881881714
15186,245268.15979003906
15187,91579.24220275879
15188,391627.0806350708
15189,390625.63788604736
15190,391734.4178466797
15191,213755.6212348938
15192,390752.9526062012
15193,390939.50818252563
15194,390990.63551330566
15195,91507.85403442383
15196,391502.4333000183
15197,391255.85498809814
15198,163497.65676498413
15199,101991.29844665527
15200,347925.2467765808
15201,391189.2595939636
15202,390841.50562286377
15203,391137.4086494446
15204,390619.7320404053
15205,392188.32052230835
15206,390414.68296051025
15207,373348.82160949707
15208,298748.30616760254
15209,111386.3374633789
15210,392689.1485671997
15211,215464.35836219788
15212,390979.43338012695
15213,217434.49283599854
15214,391613.10344314575
15215,392065.1982383728
15216,220088.10560035706
15217,392164.61322021484
15218,392042.2003097534
15219,391865.5298843384
15220,181211.91051483154
15221,98867.91681671143
15222,139337.0866394043
15223,390532.08991622925
15224,393351.54585647583
15225,392739.6450653076
15226,391693.3472557068
15227,391670.8760871887
15228,93396.28667831421
15229,218081.75257492065
15230,92139.3267288208
15231,391862.59661483765
15232,391874.0771102905
15233,391207.63274002075
15234,391949.96925735474
15235,391967.8885650635
15236,392483.0816421509
15237,182469.84168624878
15238,391665.9821624756
15239,393246.78300857544
15240,214930.09530067444
15241,390809.3291091919
15242,392291.5451927185
15243,391747.3088798523
15244,316760.58965682983
15245,392921.4267578125
15246,100375.74453353882
15247,392878.12352371216
15248,186924.3237991333
15249,391976.3677749634
15250,129658.96295928955
15251,391930.138923645
15252,392324.0453071594
15253,156601.48783874512
15254,392298.26181411743
15255,392093.3920173645
15256,392559.9109764099
15257,390468.717212677
15258,392378.9685897827
15259,393037.29836654663
15260,156559.55640029907
15261,179094.69374084473
15262,394199.90421295166
15263,189534.6113471985
15264,393305.58002471924
15265,247072.33661460876
15266,286736.1211299896
15267,392978.15646743774
15268,325105.3587036133
15269,392445.94563674927
15270,392525.20098876953
15271,391057.2319869995
15272,390537.4430885315
15273,390862.83976745605
15274,392641.3340950012
15275,174273.8599205017
15276,393496.7029724121
15277,391984.655292511
15278,268177.6987133026
15279,392373.077999115
15280,392220.32011413574
15281,392575.5485420227
15282,393260.3342437744
15283,391249.50925064087
15284,391501.90506744385
15285,393682.19623184204
15286,392582.0085487366
15287,199199.06690216064
15288,253619.2824897766
15289,392082.72956085205
15290,393280.930934906
15291,393141.35398864746
15292,392672.3162460327
15293,106969.7046661377
15294,77123.38055419922
15295,391783.9354324341
15296,218324.3799495697
15297,389143.2666053772
15298,76858.69604301453
15299,390957.3116798401
15300,391741.5876235962
15301,391787.6718940735
15302,391318.4097442627
15303,391113.5387649536
15304,390202.88764572144
15305,229530.19515228271
15306,391604.01511764526
15307,391251.6939048767
15308,390763.9452133179
15309,389812.8419380188
15310,390078.6501197815
15311,391234.4660949707
15312,203845.33362197876
15313,371369.8048591614
15314,388486.4649543762
15315,75191.34463882446
15316,276976.7476501465
15317,389890.00665283203
15318,382386.4759750366
15319,390682.2797546387
15320,389869.3709907532
15321,389996.1428794861
15322,138462.86797332764
15323,390501.86850357056
15324,94576.92127418518
15325,234430.4589767456
15326,391036.99783706665
15327,88198.34495735168
15328,145305.91864013672
15329,392362.60358428955
15330,390635.4520339966
15331,390266.3947029114
15332,392561.85625076294
15333,389924.85774993896
15334,270829.98735427856
15335,391178.30659484863
15336,392483.3862609863
15337,316500.80966567993
15338,391689.38581848145
15339,392373.9111366272
15340,392148.14223861694
15341,392485.79329681396
15342,101964.67459487915
15343,345561.8674964905
15344,251470.02711105347
15345,128479.30171585083
15346,140686.39610290527
15347,100357.25974655151
15348,222080.21111679077
15349,114438.59288024902
15350,123297.05751800537
15351,393324.91679763794
15352,392094.75135040283
15353,392900.4823913574
15354,392812.0633049011
15355,391732.474029541
15356,392805.35388183594
15357,392922.3185119629
15358,393117.92070007324
15359,393141.5246696472
15360,392880.26753616333
15361,393072.38034820557
15362,309452.8735694885
15363,393539.80238723755
15364,391739.62632369995
15365,390847.75118637085
15366,390696.4554595947
15367,325156.93949890137
15368,392958.26013946533
15369,390503.7592163086
15370,291485.78061294556
15371,391768.9041671753
15372,393084.9625091553
15373,392046.0623703003
15374,391224.8009262085
15375,392420.60975265503
15376,392474.08835983276
15377,359542.5497264862
15378,109194.35756111145
15379,393483.76162338257
15380,391486.74507522583
15381,392700.35582351685
15382,392550.47521209717
15383,392506.6889076233
15384,392179.6599884033
15385,392678.9079284668
15386,330778.3493785858
15387,259104.45779800415
15388,92517.24516296387
15389,96230.71893882751
15390,392385.0535430908
15391,392064.0395050049
15392,393549.0626335144
15393,321785.49981689453
15394,77043.70125198364
15395,393697.0124206543
15396,392894.3293685913
15397,195053.09001159668
15398,391645.2900466919
15399,391949.55557632446
15400,303304.7850532532
15401,393760.66090011597
15402,149167.40014648438
15403,392191.66621017456
15404,384996.1516304016
15405,392415.7525405884
15406,393268.48667526245
15407,392752.72093963623
15408,334506.4245605469
15409,390917.01526641846
15410,193261.22848510742
15411,84397.16785812378
15412,109960.5527420044
15413,393000.0269012451
15414,114090.92559814453
15415,323468.96842956543
15416,359241.34744262695
15417,342661.6140899658
15418,254541.20415496826
15419,251738.43614959717
15420,393537.61965560913
15421,392661.2154045105
15422,391024.57231521606
15423,392775.89542388916
15424,393294.6118850708
15425,191733.76445770264
15426,392239.64237213135
15427,393013.6751937866
15428,237834.03105926514
15429,390981.16890335083
15430,392729.1831359863
15431,391807.4765396118
15432,391577.6239128113
15433,391142.56132507324
15434,391997.412147522
15435,393013.2650375366
15436,392785.3407936096
15437,393314.00970458984
15438,173278.40482139587
15439,392458.4263267517
15440,210906.04032325745
15441,392354.8856315613
15442,202742.3382987976
15443,114981.17692184448
15444,391732.32416152954
15445,116828.53792572021
15446,390976.3472557068
15447,391807.2324180603
15448,391864.3608093262
15449,119202.58068084717
15450,112189.9816646576
15451,392186.3428955078
15452,391329.7829055786
15453,391789.56240463257
15454,391813.2070198059
15455,391277.7513694763
15456,392468.33700180054
15457,127432.13260269165
15458,392085.9489517212
15459,393741.21949386597
15460,392260.47076797485
15461,221800.37634277344
15462,168699.73189353943
15463,374059.4746284485
15464,393187.36628723145
15465,123745.65267562866
15466,392443.6188545227
15467,393503.1959953308
15468,392724.03943252563
15469,119952.88010406494
15470,393647.9499168396
15471,392168.24535369873
15472,391897.13233566284
15473,392535.15924072266
15474,169287.16222763062
15475,390990.3896217346
15476,392131.1354789734
15477,226197.1927947998
15478,392882.67963790894
15479,393206.3812828064
15480,393911.6597290039
15481,392850.93311309814
15482,110563.68962860107
15483,81410.12763977051
15484,392491.76206970215
15485,267386.30138015747
15486,145964.94902801514
15487,94165.74132919312
15488,363145.91175079346
15489,392552.3161239624
15490,320995.24907302856
15491,393068.047870636
15492,117550.04104042053
15493,390117.1534500122
15494,130763.4553565979
15495,106200.15501976013
15496,117519.01519393921
15497,392928.9323120117
15498,392175.4475212097
15499,392013.7261772156
15500,392872.22050094604
15501,391910.8342285156
15502,392390.8807067871
15503,392800.83755493164
15504,95371.92537117004
15505,392344.31538772583
15506,111179.503490448
15507,392783.0306625366
15508,392102.438041687
15509,392870.5283546448
15510,300227.4984664917
15511,391248.46183395386
15512,392828.955745697
15513,392820.6007461548
15514,393533.86811065674
15515,393671.8235588074
15516,392498.8713531494
15517,392511.96784591675
15518,393109.0503349304
15519,391690.41623687744
15520,394063.7332763672
15521,379321.8231239319
15522,251772.69412231445
15523,342644.4841957092
15524,391159.17837142944
15525,392703.89889907837
15526,392037.37450027466
15527,391414.8527030945
15528,392160.38610076904
15529,392658.4378967285
15530,86545.494556427
15531,393001.2840042114
15532,391938.75733184814
15533,91887.13287734985
15534,260409.77423477173
15535,392033.5128135681
15536,392191.89500427246
15537,391287.18993377686
15538,392560.79933929443
15539,390904.7943725586
15540,393382.1170578003
15541,393768.4429740906
15542,291281.8859100342
15543,394584.5076751709
15544,393642.12769699097
15545,126331.83329582214
15546,392902.12756729126
15547,257236.96096038818
15548,392680.6992073059
15549,135476.74716567993
15550,394248.0763130188
15551,391744.72327423096
15552,391976.9701576233
15553,392588.60681152344
15554,86530.84884262085
15555,392556.4114151001
15556,392381.14811706543
15557,391458.6450500488
15558,392416.2508125305
15559,393122.8582649231
15560,392984.696182251
15561,88423.67786026001
15562,392983.0595932007
15563,338991.29573249817
15564,148283.26957702637
15565,162104.7054977417
15566,391919.52696990967
15567,391566.47010040283
15568,391002.4658355713
15569,394041.7653656006
15570,392096.1000328064
15571,393161.0653305054
15572,392403.10610580444
15573,392614.24910736084
15574,391792.9961204529
15575,385674.78845596313
15576,392262.39112472534
15577,391888.70317459106
15578,391907.20738601685
15579,392607.6234283447
15580,378595.67332458496
15581,392264.74893569946
15582,392852.28509140015
15583,124642.41208648682
15584,393462.0025367737
15585,394106.8594779968
15586,392621.5145492554
15587,392131.10329437256
15588,391687.01707839966
15589,393577.4358024597
15590,392970.33893203735
15591,393716.4311943054
15592,151986.10097885132
15593,374647.438041687
15594,391937.54079437256
15595,393935.92362594604
15596,392569.8289909363
15597,392985.77195358276
15598,392485.1631889343
15599,213905.90238571167
15600,392006.94635009766
15601,392366.5217437744
15602,115490.33950805664
15603,188924.8157157898
15604,393962.3794326782
15605,393518.6985473633
15606,393505.50539398193
15607,392168.5279312134
15608,393176.93266296387
15609,392656.9143180847
15610,392232.699256897
15611,394032.893119812
15612,393360.393573761
15613,392485.7629966736
15614,394365.7823791504
15615,287969.7048406601
15616,392036.82986450195
15617,392742.61722946167
15618,391943.27545928955
15619,124802.96899032593
15620,169909.3005142212
15621,393195.2356567383
15622,392811.7448577881
15623,78161.21515274048
15624,392786.079082489
15625,393352.44010543823
15626,393941.4366989136
15627,383493.5622406006
15628,394375.9214706421
15629,392936.9306335449
15630,393503.9780693054
15631,74443.1049900055
15632,392531.06563949585
15633,60509.358657836914
15634,210583.459526062
15635,391951.94172668457
15636,393145.42837905884
15637,241552.796585083
15638,393154.6206588745
15639,391179.8487968445
15640,392287.8939704895
15641,392845.1795768738
15642,393066.3990974426
15643,392805.0895385742
15644,390532.66592407227
15645,390487.32567596436
15646,74444.47853469849
15647,391570.69930648804
15648,393350.75521469116
15649,392680.8542251587
15650,153466.41765213013
15651,272431.8314743042
15652,393360.23527526855
15653,131393.3989906311
15654,393460.7943534851
15655,393354.0600967407
15656,122958.03995895386
15657,391852.825176239
15658,392319.0951843262
15659,393082.66889572144
15660,241942.53827667236
15661,158131.72790527344
15662,377985.49769973755
15663,191029.36546707153
15664,393031.5426902771
15665,391772.8077964783
15666,374052.90894699097
15667,393365.5583305359
15668,391186.7549934387
15669,392309.0524520874
15670,391393.7331237793
15671,391159.61267471313
15672,393075.60845947266
15673,390754.862827301
15674,390961.3495903015
15675,391958.6111564636
15676,390841.47983551025
15677,392430.401512146
15678,391454.58264160156
15679,392686.04850387573
15680,393153.4156303406
15681,107859.0330734253
15682,392474.57429122925
15683,248257.23559951782
15684,320822.248916626
15685,392193.38231658936
15686,393686.95320129395
15687,393373.8931312561
15688,148671.31479644775
15689,393338.03636550903
15690,392521.8062133789
15691,393335.77614593506
15692,393575.09203338623
15693,354240.0886077881
15694,392997.6217651367
15695,393588.1269760132
15696,393081.85205459595
15697,392509.8804702759
15698,334142.62204551697
15699,393486.89028930664
15700,392552.25047302246
15701,392470.42321777344
15702,392088.67487716675
15703,393241.85260009766
15704,393236.4358634949
15705,393597.80753326416
15706,392135.0178260803
15707,392499.760055542
15708,390656.52241134644
15709,158973.26166534424
15710,391912.90727996826
15711,391646.9690132141
15712,393461.9828262329
15713,392809.9962730408
15714,135393.72769927979
15715,135928.3099975586
15716,108862.48631286621
15717,392779.9827041626
15718,384072.5712547302
15719,138838.58249855042
15720,316241.83030700684
15721,393039.1021270752
15722,393819.3956756592
15723,175532.85404205322
15724,393026.68602371216
15725,391685.21141433716
15726,390068.7454185486
15727,392675.21197128296
15728,392938.88845825195
15729,391564.7756576538
15730,344036.2129211426
15731,392849.6366996765
15732,392879.83599853516
15733,394155.5271034241
15734,391306.9445762634
15735,392395.73708343506
15736,392286.6742706299
15737,116141.69781303406
15738,391974.13579177856
15739,392248.3978767395
15740,392990.63917922974
15741,391663.8360366821
15742,393012.458152771
15743,391627.29166793823
15744,391995.3650817871
15745,392215.01218032837
15746,391487.37521362305
15747,214678.9303817749
15748,393878.46618270874
15749,390926.9931869507
15750,210451.70742797852
15751,284941.85369873047
15752,392989.37490844727
15753,392397.1668624878
15754,108405.38173294067
15755,390774.0329475403
15756,391254.8773765564
15757,392503.7945365906
15758,392444.60189056396
15759,391502.2628135681
15760,148674.70447731018
15761,393710.3437461853
15762,268565.319480896
15763,393384.65531539917
15764,242809.48627090454
15765,175256.51013946533
15766,393083.11192703247
15767,390373.200088501
15768,392434.7863006592
15769,151494.37795639038
15770,392072.23571395874
15771,322782.7911911011
15772,97726.50329780579
15773,392497.40283966064
15774,128339.55545806885
15775,392675.4321594238
15776,392314.18183135986
15777,392862.3923377991
15778,393689.29106903076
15779,392637.65340423584
15780,392572.60889434814
15781,392171.6805114746
15782,364461.31007385254
15783,393435.6344718933
15784,392683.5254020691
15785,391934.3220214844
15786,216297.97671699524
15787,393897.97928237915
15788,394552.80339050293
15789,103373.64260482788
15790,393739.2108078003
15791,132774.08129310608
15792,392953.7526779175
15793,99530.53244781494
15794,370769.2487678528
15795,393309.106552124
15796,393794.9705848694
15797,393350.1860923767
15798,393842.9432449341
15799,394158.8871574402
15800,230325.1363582611
15801,391460.26906967163
15802,392409.69092559814
15803,393671.1031112671
15804,392871.3140487671
15805,392854.67276763916
15806,393657.7837982178
15807,394282.56413269043
15808,393428.1103553772
15809,392789.01139450073
15810,393258.0255508423
15811,165185.57564544678
15812,392856.2109107971
15813,392896.8496208191
15814,392324.9984550476
15815,392461.35232162476
15816,390938.16327285767
15817,376178.53956604004
15818,391272.982837677
15819,393169.4875907898
15820,394900.4086265564
15821,392700.88944625854
15822,392074.0750312805
15823,393062.3283882141
15824,392238.75746536255
15825,297210.4297027588
15826,392938.08363723755
15827,392255.1143684387
15828,393450.66410446167
15829,393672.0602531433
15830,281925.85143470764
15831,392603.86336898804
15832,392007.9345397949
15833,264955.4508781433
15834,392851.07361602783
15835,391835.0597305298
15836,391436.9785194397
15837,392673.93145751953
15838,191111.18385887146
15839,393908.46395874023
15840,394265.7163619995
15841,345133.31640815735
15842,323810.06856918335
15843,103312.53556632996
15844,394404.97467803955
15845,393561.34325027466
15846,138947.3324699402
15847,393365.1541366577
15848,392175.00368118286
15849,393100.47313308716
15850,394181.65019607544
15851,394738.49576950073
15852,393671.1960487366
15853,392721.3713874817
15854,392959.7318878174
15855,393041.1908187866
15856,393668.7745704651
15857,296230.35276031494
15858,392506.8768424988
15859,392376.42838287354
15860,392646.77296829224
15861,392842.2979698181
15862,84202.52495574951
15863,394383.4789505005
15864,393742.6589164734
15865,392373.0349845886
15866,393325.2629699707
15867,393282.24713134766
15868,393555.34091567993
15869,392802.1281013489
15870,392904.7774963379
15871,104420.90688705444
15872,394656.12757873535
15873,175217.75728607178
15874,394654.97480773926
15875,204495.45748519897
15876,394594.6866493225
15877,96465.64061546326
15878,394548.63177108765
15879,66648.9620552063
15880,394158.8861351013
15881,392793.1736717224
15882,394277.4305343628
15883,394268.9694480896
15884,395018.1825180054
15885,392826.7161331177
15886,394058.76693725586
15887,394047.864654541
15888,394199.3600578308
15889,92884.53973007202
15890,96175.45349311829
15891,305504.18967056274
15892,392219.6449317932
15893,394714.91885757446
15894,394790.93534469604
15895,92643.62024879456
15896,395663.6318740845
15897,394175.20362854004
15898,390619.65522384644
15899,392326.40740966797
15900,393441.74028015137
15901,337902.8893928528
15902,142604.3735332489
15903,129106.31727600098
15904,391914.7055358887
15905,172167.02780342102
15906,393416.897895813
15907,122318.39262580872
15908,392889.1285133362
15909,391906.94902038574
15910,393239.8479003906
15911,394620.13273620605
15912,393630.6455078125
15913,394612.9323234558
15914,394085.8402824402
15915,395386.7962112427
15916,396159.1315345764
15917,394642.5515022278
15918,396164.3877067566
15919,394278.92865753174
15920,395165.2182197571
15921,394433.07844924927
15922,395002.1904602051
15923,396408.3401184082
15924,384749.92584228516
15925,394494.584651947
15926,395776.40881729126
15927,394880.28047180176
15928,392974.1324195862
15929,138342.08645629883
15930,395711.2000579834
15931,393744.8243370056
15932,392350.4107246399
15933,394452.67765426636
15934,394365.2216567993
15935,393498.9940261841
15936,393449.89057540894
15937,81262.51822280884
15938,394486.06117248535
15939,395239.4226913452
15940,393194.5569343567
15941,395260.9808692932
15942,394004.98106765747
15943,394141.27167892456
15944,390231.2321281433
15945,123512.1591835022
15946,392507.90883636475
15947,393132.80742263794
15948,395042.884513855
15949,394465.51345443726
15950,83232.15154075623
15951,73075.38791847229
15952,389899.7990074158
15953,393945.67682266235
15954,144124.58192062378
15955,393076.5407066345
15956,393674.18354034424
15957,394229.6875
15958,394944.7232017517
15959,394456.4835166931
15960,159941.0847015381
15961,393432.3677330017
15962,394290.5142402649
15963,251497.72207069397
15964,228550.52640151978
15965,78416.91656684875
15966,95471.014295578
15967,393448.1107521057
15968,393666.4934692383
15969,124286.4280090332
15970,264421.74977874756
15971,393356.81049728394
15972,147709.8267841339
15973,395282.4211807251
15974,395810.4519004822
15975,396390.04206466675
15976,85669.21240234375
15977,331100.41273498535
15978,395931.4273490906
15979,107771.79838562012
15980,91196.63973236084
15981,143904.36042785645
15982,393391.4462509155
15983,112968.46257400513
15984,80578.52345275879
15985,85245.00989151001
15986,391372.53300094604
15987,395575.75006866455
15988,393781.9035682678
15989,113495.82203292847
15990,110188.29457855225
15991,81120.94247817993
15992,392948.0017127991
15993,166803.46477127075
15994,392751.72246932983
15995,96010.44728660583
15996,392464.6559677124
15997,391418.5541610718
15998,99999.88584518433
15999,169785.92568206787
16000,391749.3315849304
16001,390623.48444366455
16002,163079.64031219482
16003,171822.12899780273
16004,98750.01804351807
16005,226563.32069015503
16006,85243.7306842804
16007,391195.1915283203
16008,103918.96120452881
16009,83869.43245315552
16010,97815.23290634155
16011,391856.6232223511
16012,391917.20495224
16013,95793.53974533081
16014,75138.05855178833
16015,163232.01364517212
16016,394078.6678543091
16017,393012.55866241455
16018,395194.57846832275
16019,129883.92719078064
16020,393712.95584106445
16021,393997.0275192261
16022,116572.72578430176
16023,307807.244594574
16024,76930.71409225464
16025,392241.9880180359
16026,105287.96865463257
16027,393179.8232498169
16028,392411.9484939575
16029,394208.4041481018
16030,393062.3484535217
16031,391357.49016189575
16032,394893.3307647705
16033,307242.6406326294
16034,392773.64500427246
16035,392244.22215652466
16036,391513.9195327759
16037,392736.09325408936
16038,392641.8405761719
16039,394518.1274757385
16040,393271.92861557007
16041,394316.72861099243
16042,393531.1012573242
16043,392910.30099487305
16044,394297.8007659912
16045,393176.34510040283
16046,392467.45194625854
16047,390924.8773384094
16048,244606.7968902588
16049,393902.30392456055
16050,392567.58014678955
16051,394065.8116722107
16052,393792.78663635254
16053,393364.4624557495
16054,372305.60566329956
16055,157204.8652496338
16056,94102.5814819336
16057,393228.4060821533
16058,234056.9529724121
16059,394469.39542388916
16060,392153.7148246765
16061,323223.9808578491
16062,393031.6017112732
16063,392650.06842803955
16064,393038.55405426025
16065,393709.90577697754
16066,99914.54437637329
16067,131769.95482635498
16068,393955.79040527344
16069,393722.3624191284
16070,394251.4692764282
16071,100955.95196342468
16072,393376.65826797485
16073,148101.62607955933
16074,207155.90364456177
16075,241174.6833229065
16076,393159.85206604004
16077,393751.8262786865
16078,391903.69120025635
16079,394099.38554382324
16080,393540.7377471924
16081,152171.41040802002
16082,221818.92040634155
16083,287001.6367416382
16084,395141.08947372437
16085,141234.4287071228
16086,392077.3109359741
16087,391875.25283432007
16088,127617.06047439575
16089,393909.6726074219
16090,393479.3534126282
16091,392503.44888687134
16092,75325.51764678955
16093,393371.53243637085
16094,393115.9427947998
16095,77972.62691879272
16096,394393.1644744873
16097,205005.70349693298
16098,391357.02170562744
16099,129543.15929412842
16100,393715.01348876953
16101,152081.61546707153
16102,90978.93919372559
16103,393444.7184638977
16104,391669.83989334106
16105,146106.92436027527
16106,392103.87240982056
16107,361256.9846191406
16108,363416.2298851013
16109,392609.0422706604
16110,393233.5680847168
16111,393245.2025756836
16112,235623.4302406311
16113,392503.6993980408
16114,280976.1629714966
16115,391045.6947288513
16116,393482.44145584106
16117,394786.2651023865
16118,392995.90908813477
16119,392439.8049812317
16120,392962.7929573059
16121,392413.97787857056
16122,379142.85512924194
16123,390705.7328643799
16124,198778.3102645874
16125,391315.9442214966
16126,391798.2729911804
16127,92346.98777770996
16128,200435.17581558228
16129,151068.88490104675
16130,393250.2335777283
16131,392445.35834121704
16132,102817.45957183838
16133,393372.34394073486
16134,392466.07332992554
16135,394447.74784469604
16136,322113.8004722595
16137,394570.4878501892
16138,392705.21241760254
16139,394012.391708374
16140,391820.4055709839
16141,296844.97112464905
16142,105220.22146987915
16143,129936.85356330872
16144,82429.21537780762
16145,87877.70098114014
16146,183940.7416496277
16147,121854.41068649292
16148,393362.4137573242
16149,232764.24337387085
16150,393220.5842399597
16151,393730.1045951843
16152,394977.21055984497
16153,394036.67920303345
16154,393616.48112106323
16155,270479.05907440186
16156,393169.30808258057
16157,86742.10755348206
16158,391641.20514297485
16159,392017.14686203003
16160,392577.9720687866
16161,393282.3769721985
16162,391877.4032173157
16163,392702.8633079529
16164,393257.75297927856
16165,391456.48430633545
16166,182245.0821876526
16167,392761.31772613525
16168,163630.03679275513
16169,391858.76404571533
16170,392915.1082458496
16171,67477.17688369751
16172,392851.99393463135
16173,392360.41470336914
16174,391701.99226760864
16175,195755.33847427368
16176,390802.3681716919
16177,392077.1611671448
16178,121176.54098510742
16179,393130.42150878906
16180,366484.3864078522
16181,142126.58012008667
16182,393769.57343673706
16183,392552.82400894165
16184,241402.7243156433
16185,392995.8314819336
16186,392345.3772583008
16187,393588.38026046753
16188,318974.15542411804
16189,286182.0675315857
16190,143813.2914505005
16191,166638.69606399536
16192,378179.1820487976
16193,155555.5600013733
16194,197452.41703414917
16195,394576.9729385376
16196,156891.85163497925
16197,254750.35540771484
16198,393815.4868965149
16199,394598.1516723633
16200,392304.7562942505
16201,128748.3425951004
16202,391195.03496551514
16203,298914.3218307495
16204,394119.0464897156
16205,221927.9317779541
16206,115374.57962799072
16207,179683.51302337646
16208,394317.9488258362
16209,272167.6566848755
16210,395602.28843688965
16211,248687.8571434021
16212,81021.52493286133
16213,393098.0983695984
16214,307014.47927093506
16215,392254.5090408325
16216,393006.20360946655
16217,299931.1385421753
16218,394805.9743652344
16219,390611.2781829834
16220,196843.57859420776
16221,356453.96881484985
16222,391848.1776313782
16223,195539.69510650635
16224,359884.6414451599
16225,394705.6572341919
16226,203480.1389656067
16227,311234.7205581665
16228,229495.92515945435
16229,66872.75607681274
16230,354523.1503715515
16231,215726.1293296814
16232,251145.4910812378
16233,221687.88124847412
16234,365784.0545158386
16235,393370.08422088623
16236,393745.18145751953
16237,393959.27003479004
16238,367578.2018470764
16239,392791.7982597351
16240,263213.11740875244
16241,269288.7908382416
16242,102438.39804840088
16243,363676.64995765686
16244,393980.2639579773
16245,393108.78287506104
16246,166307.2108001709
16247,171297.97812271118
16248,281397.77562332153
16249,392910.1590805054
16250,393406.5303764343
16251,363846.3999557495
16252,392657.8544769287
16253,392730.7724838257
16254,183884.1986465454
16255,394189.8175544739
16256,305867.15291786194
16257,392447.09548187256
16258,393187.37002944946
16259,254902.80855751038
16260,393917.52030181885
16261,393221.6283340454
16262,270461.46354675293
16263,394297.9113044739
16264,393196.0803337097
16265,391953.04331970215
16266,392240.6698226929
16267,394201.6146850586
16268,396266.50664138794
16269,343702.70822525024
16270,393291.6291656494
16271,391347.0441932678
16272,392613.7854347229
16273,138611.75268554688
16274,392097.0798149109
16275,394802.20670700073
16276,393574.2741165161
16277,393850.9842643738
16278,392819.5315170288
16279,75505.10717773438
16280,392609.4192428589
16281,301508.87603378296
16282,392608.00733566284
16283,392963.52255249023
16284,94712.80645751953
16285,393283.13119125366
16286,392278.23836517334
16287,333064.2634925842
16288,393064.0619392395
16289,92716.09510040283
16290,292074.5468826294
16291,392267.4402618408
16292,391420.981590271
16293,391451.66983795166
16294,109393.80776977539
16295,391425.64318847656
16296,392517.7125816345
16297,131171.88815307617
16298,394583.41985702515
16299,344059.5613975525
16300,393009.30464172363
16301,394170.0421409607
16302,291179.1438045502
16303,393493.60370254517
16304,395502.4238090515
16305,167587.56944656372
16306,305903.0007801056
16307,391438.2515335083
16308,394401.64206314087
16309,394665.22496414185
16310,394582.90899276733
16311,391714.92642974854
16312,392311.9231643677
16313,163913.29788208008
16314,396120.4038848877
16315,391404.9687271118
16316,392507.3449897766
16317,252725.6057357788
16318,139292.97346115112
16319,147722.31061935425
16320,393485.5150756836
16321,180678.17293548584
16322,394835.9406929016
16323,350440.8147544861
16324,312941.44260787964
16325,392766.88259506226
16326,394003.34996032715
16327,393711.8909378052
16328,350487.47216796875
16329,394576.4096221924
16330,108173.6288318634
16331,109629.75586509705
16332,221491.85415649414
16333,234649.0920639038
16334,73330.0454788208
16335,392387.41108703613
16336,393191.86518478394
16337,66540.78047943115
16338,394837.004901886
16339,394479.28241729736
16340,394163.9270172119
16341,394028.69606781006
16342,394584.46409606934
16343,393618.34202194214
16344,84804.19953536987
16345,192381.9999809265
16346,367860.0304412842
16347,223798.7075958252
16348,220939.76398658752
16349,394152.01093292236
16350,394564.6049461365
16351,394757.9741897583
16352,391152.13680267334
16353,394367.1305923462
16354,393286.3078918457
16355,391848.584651947
16356,393165.645362854
16357,394503.98055267334
16358,392799.5680923462
16359,395949.9436721802
16360,83053.46546936035
16361,373293.6637802124
16362,392899.0370101929
16363,394909.802898407
16364,394824.5920600891
16365,395467.63164520264
16366,392125.8598060608
16367,92753.40542984009
16368,395042.586063385
16369,394650.7028274536
16370,394562.17015838623
16371,395082.4769973755
16372,394178.31106185913
16373,347814.7991256714
16374,394524.9929237366
16375,166269.66629219055
16376,393051.3512802124
16377,197693.81914138794
16378,395753.6506614685
16379,393200.66930007935
16380,394934.2717819214
16381,397225.22384643555
16382,395481.2049255371
16383,395300.39975738525
16384,395243.7431488037
16385,166275.5524635315
16386,396406.5765800476
16387,85317.12503051758
16388,395591.4078102112
16389,395166.90955734253
16390,394664.1862678528
16391,396230.0015525818
16392,395256.7279281616
16393,106990.78206253052
16394,394382.89094543457
16395,395304.49615859985
16396,394634.98556518555
16397,394712.30112457275
16398,395973.6203994751
16399,71921.1867237091
16400,395330.4701690674
16401,394401.38610458374
16402,393783.7176551819
16403,397065.02922058105
16404,393801.29596710205
16405,395999.0203895569
16406,156522.54259300232
16407,393188.81060791016
16408,336046.83643341064
16409,106768.33651351929
16410,394978.41648483276
16411,393918.1561088562
16412,392657.7134590149
16413,393185.6674041748
16414,394815.3646469116
16415,394532.8558578491
16416,394428.2939376831
16417,98663.069190979
16418,394446.4218406677
16419,395211.52045440674
16420,394403.04636001587
16421,394144.6188392639
16422,394931.56089782715
16423,393473.82514953613
16424,73165.10738563538
16425,99280.96653747559
16426,394464.1348762512
16427,200017.60307884216
16428,91018.37007904053
16429,395365.7883338928
16430,391639.66984176636
16431,394381.2382621765
16432,382452.73014450073
16433,394577.805934906
16434,150676.40343475342
16435,391975.8931503296
16436,393508.2297706604
16437,394566.6971588135
16438,395497.294380188
16439,394217.21478652954
16440,395354.14769363403
16441,393131.5856628418
16442,394970.02785491943
16443,395986.96647644043
16444,395284.63899993896
16445,134080.83247375488
16446,397268.02506256104
16447,394335.31310653687
16448,143619.22431373596
16449,394819.2768173218
16450,395527.0812110901
16451,394096.6561508179
16452,395652.2349662781
16453,393952.99405288696
16454,395582.0178222656
16455,393275.72454452515
16456,265755.5293121338
16457,394252.2536087036
16458,395908.403465271
16459,122483.34178161621
16460,60421.02346801758
16461,395247.40366744995
16462,395750.3077354431
16463,392968.829246521
16464,98211.58826446533
16465,394318.81408691406
16466,396747.694026947
16467,395489.21099472046
16468,395159.7938232422
16469,392744.5364265442
16470,394611.4172973633
16471,110372.84832382202
16472,394128.85107421875
16473,394143.60998535156
16474,349117.1768016815
16475,392494.67415618896
16476,130853.59176254272
16477,394846.6357727051
16478,274187.75135421753
16479,78897.78786087036
16480,291198.19942474365
16481,391952.551322937
16482,393012.96001815796
16483,393696.3897514343
16484,394724.0474357605
16485,395325.5862388611
16486,394891.0869255066
16487,99294.17633247375
16488,394308.5059928894
16489,394769.733127594
16490,394246.80236816406
16491,394571.1457519531
16492,395058.61100387573
16493,67355.37613296509
16494,394993.31913757324
16495,394596.7040672302
16496,267707.5458011627
16497,393233.2328491211
16498,229324.45317077637
16499,369603.31201553345
16500,101762.85305404663
16501,140175.65871810913
16502,393624.4217414856
16503,393198.1455192566
16504,273535.8639602661
16505,87633.84171676636
16506,393480.48416519165
16507,394101.6088447571
16508,393256.8170928955
16509,393605.0320625305
16510,388772.480014801
16511,394701.1613006592
16512,95558.02969360352
16513,392881.7097167969
16514,393265.3876991272
16515,392305.3787307739
16516,393085.5601501465
16517,161552.69283866882
16518,392973.7653694153
16519,394165.6795501709
16520,393626.3859901428
16521,345742.2832336426
16522,118354.52215194702
16523,343012.5230407715
16524,394790.33153915405
16525,393251.41498947144
16526,99692.13164138794
16527,393064.1633529663
16528,393258.53229141235
16529,212560.3700389862
16530,340592.2880821228
16531,395771.25218963623
16532,393472.38244247437
16533,86058.83659362793
16534,395414.2867126465
16535,394476.2494277954
16536,115896.36251068115
16537,395980.0480308533
16538,393377.44903182983
16539,105148.64108657837
16540,112719.35705566406
16541,394472.8918914795
16542,394231.6657180786
16543,394485.89866638184
16544,393320.0072250366
16545,394786.65518951416
16546,95252.33304214478
16547,373970.51668167114
16548,395283.20026016235
16549,281430.0311088562
16550,394247.2979888916
16551,394646.72093200684
16552,395747.96642303467
16553,394829.02628326416
16554,392699.5764122009
16555,393059.27127838135
16556,394739.1601829529
16557,394821.3438835144
16558,395255.0532836914
16559,394338.29693603516
16560,392853.3777885437
16561,394076.69901275635
16562,395414.9437522888
16563,392200.06631088257
16564,395102.24488067627
16565,124656.00877761841
16566,82916.53324890137
16567,393971.38774490356
16568,117321.21570587158
16569,105807.7861404419
16570,393696.46200942993
16571,394907.5365715027
16572,78447.09009170532
16573,393700.1792945862
16574,363297.40158081055
16575,394708.73264312744
16576,394225.226272583
16577,395793.5994758606
16578,394883.4511375427
16579,394134.2269554138
16580,100311.17903137207
16581,395716.6660423279
16582,74110.41144371033
16583,392539.1188583374
16584,396101.7667541504
16585,395387.1163253784
16586,394601.27517700195
16587,130277.81023025513
16588,394741.65852355957
16589,304157.3191623688
16590,394783.9528083801
16591,394867.883644104
16592,395465.821849823
16593,394694.21224975586
16594,250985.469871521
16595,115062.12519073486
16596,394601.2310333252
16597,394650.30236816406
16598,394779.6514816284
16599,396321.0767250061
16600,97963.23887634277
16601,394151.5750732422
16602,394461.86013793945
16603,393992.17155075073
16604,98927.29458999634
16605,393855.72637176514
16606,394280.8041191101
16607,394990.37115097046
16608,393765.9097633362
16609,393958.3685836792
16610,392627.5867729187
16611,395452.7349586487
16612,394319.2639160156
16613,212467.4206237793
16614,393863.2186431885
16615,394408.23723983765
16616,394948.72859954834
16617,394094.73360061646
16618,393275.2421531677
16619,382538.429271698
16620,394363.69245147705
16621,395727.05757522583
16622,393052.97998046875
16623,395252.4284248352
16624,395369.03187179565
16625,177803.55520629883
16626,393839.5324821472
16627,392392.01611328125
16628,151192.6619567871
16629,394105.1539039612
16630,393409.5841293335
16631,393435.14583587646
16632,395409.238243103
16633,395198.5499839783
16634,394998.43576431274
16635,394266.6739959717
16636,394969.85541915894
16637,394632.3557319641
16638,393691.3361854553
16639,95681.16402053833
16640,394731.42265319824
16641,394438.99591064453
16642,394121.82975006104
16643,394557.8108482361
16644,393261.6665534973
16645,95026.04580688477
16646,166259.34296417236
16647,393260.94116973877
16648,377331.8732948303
16649,393792.22356033325
16650,300568.6709022522
16651,382055.3167114258
16652,128921.32001876831
16653,391437.7584877014
16654,392962.45109558105
16655,358896.6869697571
16656,313723.14542388916
16657,394947.0459213257
16658,81088.39696121216
16659,346357.43382644653
16660,120030.50319671631
16661,395007.3949623108
16662,97556.68512916565
16663,394308.4930038452
16664,313268.1779098511
16665,123898.76792907715
16666,75931.99847793579
16667,393769.870223999
16668,134619.39445495605
16669,146178.6093559265
16670,177310.87532234192
16671,393540.4013633728
16672,393309.91595458984
16673,393051.2286911011
16674,94897.88878059387
16675,392277.16874313354
16676,393261.74099349976
16677,148193.18574523926
16678,395795.6719093323
16679,393339.36321258545
16680,394695.6633300781
16681,394353.83544540405
16682,383387.37406539917
16683,259899.61114120483
16684,190808.374502182
16685,395043.2271156311
16686,370921.1564025879
16687,393248.8911895752
16688,393245.1202430725
16689,286909.1801261902
16690,393710.0762786865
16691,395355.6329689026
16692,121063.9135131836
16693,394404.43545532227
16694,393615.9247055054
16695,202742.1877822876
16696,393936.87562179565
16697,236596.02587127686
16698,169354.85677719116
16699,394489.34673690796
16700,394544.2537536621
16701,348696.2265777588
16702,395551.88832855225
16703,394176.2543258667
16704,393805.01806640625
16705,393860.24615478516
16706,383864.3800315857
16707,392476.4492149353
16708,393540.77713012695
16709,395057.4179916382
16710,394721.0923652649
16711,393636.36713409424
16712,394967.8167076111
16713,100685.12826919556
16714,225507.11679840088
16715,394490.0297546387
16716,393232.21670150757
16717,392839.80738449097
16718,394044.3719558716
16719,395166.84451675415
16720,394291.27714538574
16721,395771.0805168152
16722,396588.398853302
16723,395117.0601005554
16724,394777.1582107544
16725,393734.45864105225
16726,393447.2785758972
16727,394698.57487487793
16728,394490.5344581604
16729,179497.3759651184
16730,393017.1716117859
16731,393635.5050010681
16732,393728.192691803
16733,395215.06412506104
16734,320649.166431427
16735,394389.4983024597
16736,394669.1116447449
16737,149074.06282043457
16738,395144.9426727295
16739,80485.07152938843
16740,139214.3145236969
16741,394607.93004226685
16742,393705.1545562744
16743,235771.23705673218
16744,395790.78813552856
16745,328831.9412956238
16746,91189.04904937744
16747,170303.69758987427
16748,349388.53158187866
16749,395132.23488998413
16750,240392.72567367554
16751,208397.8812866211
16752,393951.45541000366
16753,393667.1516189575
16754,394851.0885848999
16755,394581.51082992554
16756,333748.5067176819
16757,394819.5248527527
16758,114825.27525138855
16759,394367.36823654175
16760,97691.4280090332
16761,395198.23457336426
16762,394257.70322036743
16763,393829.3824081421
16764,395444.09060287476
16765,395961.8685836792
16766,86131.44331359863
16767,395622.1407432556
16768,394424.82985305786
16769,394848.1985397339
16770,395843.370677948
16771,393286.4301261902
16772,395391.96604156494
16773,77330.98234176636
16774,395025.7650947571
16775,395160.0498161316
16776,394603.6567955017
16777,394503.19247436523
16778,395179.79929733276
16779,114246.58636856079
16780,395624.1558151245
16781,127433.99627113342
16782,396026.55741882324
16783,395890.4719848633
16784,227585.56025886536
16785,395206.247756958
16786,106382.061378479
16787,395568.02809143066
16788,168614.27132415771
16789,395349.76485443115
16790,241122.47328567505
16791,395728.9521598816
16792,136981.9410419464
16793,393333.8563232422
16794,395252.3593673706
16795,140213.45811271667
16796,396091.5700149536
16797,396028.4190711975
16798,395250.40465927124
16799,396600.5302848816
16800,76357.4595451355
16801,395501.2096633911
16802,395450.0942993164
16803,394647.8472328186
16804,394602.9616394043
16805,393854.28078460693
16806,395109.95191574097
16807,395821.83793258667
16808,396824.4905433655
16809,396056.9672317505
16810,159110.3105659485
16811,301903.3602485657
16812,396483.57149887085
16813,189692.57526397705
16814,394206.5141906738
16815,393804.1144294739
16816,395694.6624946594
16817,395484.47618865967
16818,395784.60190582275
16819,110159.81447601318
16820,396631.06287765503
16821,395024.04846954346
16822,394953.47200393677
16823,393927.1406402588
16824,84784.10836410522
16825,393660.06050491333
16826,395191.1597366333
16827,393583.69200515747
16828,396356.797580719
16829,394233.4165840149
16830,395270.62043762207
16831,127260.69957733154
16832,396125.3099555969
16833,395259.2688446045
16834,394711.238407135
16835,395813.2569541931
16836,123439.60404205322
16837,394406.6857147217
16838,390877.8952522278
16839,394049.5138511658
16840,394486.36156463623
16841,395752.1079788208
16842,394723.8292541504
16843,394032.1615715027
16844,393962.2410812378
16845,394215.82511520386
16846,84622.18183135986
16847,84542.11746406555
16848,393716.1699371338
16849,92002.94721603394
16850,101057.34098243713
16851,123758.29182338715
16852,176491.33340072632
16853,393225.6072921753
16854,297051.61416244507
16855,124273.23944854736
16856,395556.21239089966
16857,255397.09498023987
16858,56881.007650375366
16859,154185.7652168274
16860,199360.48371505737
16861,395493.2794723511
16862,395426.7628707886
16863,394685.18088912964
16864,394267.22145080566
16865,394749.6760787964
16866,393457.845161438
16867,160208.68550872803
16868,392885.7247467041
16869,385981.5003089905
16870,394463.5266151428
16871,394536.4648361206
16872,395377.2250022888
16873,393970.98390960693
16874,394215.22800445557
16875,394087.2842063904
16876,395276.2046546936
16877,393935.89183807373
16878,394611.5061149597
16879,394035.727432251
16880,395292.0977745056
16881,116991.33447647095
16882,394248.7346878052
16883,94626.4700088501
16884,393672.9813232422
16885,394044.02990341187
16886,395425.4038467407
16887,120888.87591934204
16888,395794.5185813904
16889,394735.6700782776
16890,392721.472820282
16891,394837.06256866455
16892,395004.06258392334
16893,397240.35454177856
16894,395381.93183135986
16895,395511.29750823975
16896,304970.5305290222
16897,394635.79022979736
16898,88946.56963729858
16899,394624.5931968689
16900,172720.60592651367
16901,394679.89892578125
16902,391311.0610847473
16903,394381.2895126343
16904,117149.46467590332
16905,394194.67990875244
16906,394184.868183136
16907,395274.26652145386
16908,105604.92439460754
16909,394540.4715766907
16910,393907.39611053467
16911,393608.8921813965
16912,393812.9421195984
16913,393307.7147102356
16914,150514.53578567505
16915,393604.9637641907
16916,393608.7442474365
16917,395562.5033149719
16918,394349.9101829529
16919,394028.37117385864
16920,394671.3540420532
16921,392982.6103630066
16922,391695.8162307739
16923,392471.3734436035
16924,391736.10748672485
16925,393426.1859512329
16926,85721.06385040283
16927,395049.1050796509
16928,76145.13831710815
16929,77935.30870437622
16930,393786.3305244446
16931,394138.7279510498
16932,391365.0580291748
16933,396427.68726730347
16934,76977.63061141968
16935,330973.1236400604
16936,393891.51902389526
16937,204059.0456047058
16938,260809.15224075317
16939,373032.1671257019
16940,394149.50661087036
16941,394295.8642921448
16942,84140.34965896606
16943,263517.29008865356
16944,394797.13176727295
16945,395288.1005554199
16946,389713.6965904236
16947,391407.26445007324
16948,78625.66189193726
16949,394790.03394699097
16950,394524.8319015503
16951,116933.38185119629
16952,392716.38205337524
16953,392357.99348449707
16954,84821.91666793823
16955,394313.8245315552
16956,394555.32178115845
16957,391906.40309524536
16958,395724.32161331177
16959,111945.3150730133
16960,225424.06008911133
16961,87249.29987716675
16962,150996.22047805786
16963,393252.8122406006
16964,146189.1361503601
16965,393255.9226722717
16966,393488.9538536072
16967,393750.03775024414
16968,394516.9789009094
16969,88285.90001678467
16970,394000.49631118774
16971,132499.5848045349
16972,101674.45715332031
16973,224288.99114990234
16974,86120.9620437622
16975,393590.1322364807
16976,384028.926738739
16977,393534.61639785767
16978,108524.32357978821
16979,270435.192237854
16980,162076.26221847534
16981,92601.03908157349
16982,393695.10620880127
16983,392478.1432571411
16984,392004.7304801941
16985,108180.4619846344
16986,113757.33417892456
16987,392597.3770675659
16988,391855.47496795654
16989,391743.00815582275
16990,68548.86401367188
16991,183048.06881332397
16992,263835.47327804565
16993,136454.97800064087
16994,394133.38468933105
16995,393227.37382125854
16996,114956.83904647827
16997,393055.9279785156
16998,392430.3777809143
16999,92939.14632606506
17000,393296.91874313354
17001,392352.57733154297
17002,393910.03507995605
17003,392999.5584831238
17004,392417.3663253784
17005,136272.95699310303
17006,393175.12647628784
17007,105938.13868331909
17008,392162.91776275635
17009,395042.0552062988
17010,268457.18785858154
17011,394146.03063964844
17012,394188.70194625854
17013,394271.2130317688
17014,281946.05831336975
17015,104916.757314682
17016,83440.45517349243
17017,83878.85843467712
17018,380473.1764202118
17019,217943.49087524414
17020,393814.2734069824
17021,221321.26155471802
17022,396181.0106048584
17023,395467.9332008362
17024,196385.56274795532
17025,394150.02669525146
17026,393580.21605300903
17027,166801.18045043945
17028,126745.681142807
17029,284720.6855163574
17030,393319.3570251465
17031,92367.90810012817
17032,333623.3726005554
17033,393287.7091178894
17034,392618.13150024414
17035,391718.29695892334
17036,392825.13945388794
17037,394193.7356567383
17038,186196.6216583252
17039,236280.11579322815
17040,394278.74350357056
17041,394616.8308906555
17042,133821.15094184875
17043,391368.6895828247
17044,392968.57188796997
17045,392358.1336364746
17046,180559.12919807434
17047,343104.23097229004
17048,393177.53827285767
17049,394064.8250579834
17050,107020.60997772217
17051,394537.160118103
17052,394091.8265991211
17053,391435.2677307129
17054,348947.6430568695
17055,139802.5664138794
17056,256498.610496521
17057,394839.9501609802
17058,394940.6490249634
17059,96365.25558280945
17060,396620.63916015625
17061,394666.4184188843
17062,255877.8852005005
17063,88001.48538017273
17064,397493.5402832031
17065,395120.6944923401
17066,393731.37783432007
17067,151496.25834274292
17068,394373.63442230225
17069,395051.3578262329
17070,395985.4578361511
17071,120116.80067443848
17072,396827.8713607788
17073,395231.870929718
17074,396512.4320411682
17075,174020.52284049988
17076,396588.6309700012
17077,224270.21966171265
17078,387177.78675460815
17079,98130.00805664062
17080,99763.35026931763
17081,394664.7029533386
17082,210701.59493255615
17083,393693.3260345459
17084,124676.20489883423
17085,81889.12364959717
17086,393848.29333114624
17087,393076.10313796997
17088,393338.4802246094
17089,396164.7205352783
17090,392020.0628013611
17091,395143.5109100342
17092,393613.01375198364
17093,392361.16565704346
17094,393328.58826446533
17095,392160.9149398804
17096,394489.18717956543
17097,392979.5411186218
17098,269710.53941345215
17099,391405.23875808716
17100,392660.99322509766
17101,393396.89611434937
17102,394293.63438796997
17103,392628.7424468994
17104,73826.92449760437
17105,393346.4193458557
17106,102762.21105194092
17107,89905.24265670776
17108,231594.77729034424
17109,393530.0577659607
17110,83026.89543151855
17111,231559.07682418823
17112,395072.7788772583
17113,392790.0068206787
17114,392649.0645751953
17115,394359.0615234375
17116,394147.5169067383
17117,358397.549785614
17118,242566.5598526001
17119,165249.91185760498
17120,196141.0987815857
17121,233184.48782348633
17122,154473.2334575653
17123,393642.2442893982
17124,394091.92416763306
17125,172777.8537902832
17126,393972.38145828247
17127,392787.3799819946
17128,394486.1147041321
17129,393973.24881744385
17130,394283.7234916687
17131,394818.44132614136
17132,396075.5193710327
17133,394942.789768219
17134,395191.2368507385
17135,395175.89531707764
17136,395885.1954460144
17137,395452.2845840454
17138,394458.20694351196
17139,394740.13104629517
17140,377000.09689712524
17141,147957.16077423096
17142,79403.65762901306
17143,101365.4260559082
17144,143486.52727890015
17145,395683.55114364624
17146,396055.55226135254
17147,97200.57467842102
17148,105033.68785858154
17149,75042.44111633301
17150,301059.73414230347
17151,394258.7702217102
17152,396274.29552459717
17153,395434.82485580444
17154,395937.0029373169
17155,396027.7590370178
17156,397224.5555458069
17157,395936.54487609863
17158,397559.3917503357
17159,397011.3397445679
17160,395217.49030685425
17161,157881.10678100586
17162,140995.95156478882
17163,394786.8787574768
17164,395085.6349258423
17165,266161.4267845154
17166,396338.75466156006
17167,107244.0124092102
17168,394706.38734054565
17169,395022.83501815796
17170,224283.41648864746
17171,395803.95736694336
17172,394715.16843414307
17173,395208.64807510376
17174,393482.1700325012
17175,232012.01555633545
17176,394561.29105758667
17177,395970.3006210327
17178,393395.54148864746
17179,396321.07427978516
17180,101522.8390750885
17181,104345.63073730469
17182,115848.01493263245
17183,179940.4243850708
17184,58921.90797615051
17185,395131.1018714905
17186,394461.70792770386
17187,91395.17721557617
17188,395075.02042007446
17189,395095.1883621216
17190,116371.66926574707
17191,393813.9527206421
17192,393561.6477127075
17193,395533.80365753174
17194,368349.61725234985
17195,149376.46767044067
17196,394295.9059448242
17197,394735.04988861084
17198,64864.286865234375
17199,395770.4069442749
17200,155906.33898162842
17201,395631.07305526733
17202,103058.62051010132
17203,102734.1946182251
17204,395420.6115913391
17205,396438.6641654968
17206,96209.1577835083
17207,396170.07386779785
17208,131822.56448745728
17209,394186.0902290344
17210,395014.09536361694
17211,99360.27087020874
17212,124325.1506729126
17213,395615.1694946289
17214,82546.53400993347
17215,397194.7072067261
17216,223936.15167045593
17217,393370.6214790344
17218,396544.53984069824
17219,397040.57960891724
17220,395232.5676956177
17221,396473.6606864929
17222,268717.38412094116
17223,117896.98216438293
17224,395009.0969848633
17225,79791.70637130737
17226,115957.8458366394
17227,394962.5693435669
17228,395572.9913749695
17229,395271.07832717896
17230,396149.50857543945
17231,250540.19898986816
17232,187897.1005001068
17233,393432.63512420654
17234,391476.62005233765
17235,390943.66871261597
17236,396840.9368133545
17237,208479.12585830688
17238,116303.05736923218
17239,95208.61807441711
17240,394384.4509925842
17241,232223.89474105835
17242,396840.4075317383
17243,332430.60789108276
17244,396054.3148956299
17245,395836.28784942627
17246,396648.2311477661
17247,397126.17219543457
17248,316640.6484069824
17249,96888.82181930542
17250,392886.2130050659
17251,397390.4189796448
17252,395159.2699775696
17253,99438.6003036499
17254,395640.8377227783
17255,394215.30534362793
17256,396558.43089294434
17257,394808.228515625
17258,396109.6788597107
17259,96119.97166061401
17260,394368.549495697
17261,196003.66817092896
17262,397267.75577545166
17263,393363.0844078064
17264,151108.33253097534
17265,271056.0542449951
17266,396681.7919998169
17267,395536.77727890015
17268,392871.72885513306
17269,393074.3067970276
17270,137870.41861343384
17271,96807.88096618652
17272,394376.58793640137
17273,395476.5715904236
17274,175344.9677848816
17275,115984.48585128784
17276,377472.62672424316
17277,396583.9584197998
17278,395056.8660507202
17279,394077.00316619873
17280,138952.14087867737
17281,396165.36012649536
17282,394897.78803634644
17283,397050.9729728699
17284,396211.1109161377
17285,395771.4047203064
17286,395227.5290145874
17287,394724.72062683105
17288,396015.9882965088
17289,396843.8973579407
17290,396797.325466156
17291,396183.8194389343
17292,396718.7219657898
17293,396073.4337348938
17294,396218.4399986267
17295,395696.05905914307
17296,107644.08630943298
17297,131653.11372756958
17298,395655.81285095215
17299,394390.0542984009
17300,394027.659324646
17301,395179.01680374146
17302,395522.76055908203
17303,395797.2625808716
17304,394854.171585083
17305,394327.5545082092
17306,395124.0185890198
17307,394917.4788131714
17308,305068.7232017517
17309,393873.6360282898
17310,393555.3366241455
17311,395947.6513710022
17312,397143.00915908813
17313,394037.53296661377
17314,396566.3483390808
17315,396870.97078323364
17316,84388.13394546509
17317,395706.70683288574
17318,381356.564414978
17319,394379.74295425415
17320,394291.6891784668
17321,395844.8278617859
17322,366481.03804397583
17323,395226.04390335083
17324,395984.31201934814
17325,94146.75542831421
17326,393922.8092651367
17327,74302.31858825684
17328,54392.02757072449
17329,393884.0382423401
17330,395253.88679122925
17331,395519.68433761597
17332,395013.40225982666
17333,135808.4656829834
17334,151445.33644104004
17335,396050.99349975586
17336,92159.73616027832
17337,396389.1589202881
17338,395162.53314971924
17339,394274.9324836731
17340,395513.3553009033
17341,395871.83167648315
17342,86570.89905929565
17343,396034.4373931885
17344,397042.39683151245
17345,124577.65252304077
17346,396100.84452056885
17347,395835.7005081177
17348,60045.70782470703
17349,396002.2404899597
17350,172247.64442825317
17351,162911.1797065735
17352,396615.2498931885
17353,396753.3445854187
17354,188236.7045249939
17355,103848.67494392395
17356,396490.49798202515
17357,395732.01427841187
17358,394614.49825286865
17359,226601.36922836304
17360,396684.6596984863
17361,397011.7574195862
17362,73150.72507286072
17363,392451.4546279907
17364,395487.14168930054
17365,396836.6315231323
17366,397706.9067993164
17367,397618.73749160767
17368,396415.8706970215
17369,362476.2543563843
17370,396674.07974624634
17371,394246.3456687927
17372,395932.89457702637
17373,395843.978553772
17374,81007.25210571289
17375,123490.57381820679
17376,396343.48305511475
17377,395161.75315856934
17378,115154.7294254303
17379,396681.55110168457
17380,395906.57286834717
17381,377548.884601593
17382,396352.6295890808
17383,396247.4123802185
17384,395165.51403045654
17385,394394.7170753479
17386,108367.24385070801
17387,130572.45615005493
17388,332363.8585510254
17389,396232.9108200073
17390,396735.6473007202
17391,122494.93691635132
17392,395880.1347312927
17393,396786.8773498535
17394,139549.31519126892
17395,395256.0001296997
17396,395322.18801116943
17397,277471.8228378296
17398,395804.77393341064
17399,394886.0864868164
17400,395881.2745399475
17401,85678.08716201782
17402,395402.10776138306
17403,396776.8804244995
17404,395512.53859710693
17405,92594.40570449829
17406,394337.03619003296
17407,222469.35287094116
17408,122052.38676834106
17409,388747.3861923218
17410,395752.30432128906
17411,396986.195274353
17412,395403.2287559509
17413,191965.3212966919
17414,395544.81187820435
17415,144011.78365325928
17416,229139.36758041382
17417,396277.9019584656
17418,394837.99224472046
17419,395643.35303115845
17420,395529.8987312317
17421,395390.2410545349
17422,358378.22494888306
17423,396527.8261375427
17424,395103.06451034546
17425,397183.96675491333
17426,395228.54054641724
17427,394511.24713516235
17428,395630.024723053
17429,397004.82611083984
17430,396442.0220527649
17431,397368.7737503052
17432,395142.02738571167
17433,82493.61093902588
17434,394074.46116256714
17435,395368.6920776367
17436,397688.6303253174
17437,101881.85906028748
17438,396583.79920196533
17439,395103.37327194214
17440,395118.5125274658
17441,394892.16399383545
17442,137384.0225467682
17443,395744.34200286865
17444,395832.23083496094
17445,395261.08881378174
17446,395429.79920578003
17447,395763.1120300293
17448,334817.1153831482
17449,395817.45235443115
17450,397025.5114212036
17451,396306.1770591736
17452,396923.17165374756
17453,395583.1265716553
17454,116278.09303665161
17455,397244.09352111816
17456,395342.44343566895
17457,396340.3620567322
17458,395054.4726524353
17459,395432.5447998047
17460,91837.21955871582
17461,397577.9820289612
17462,108903.48567199707
17463,396971.31184768677
17464,396841.41634368896
17465,395093.7898674011
17466,396347.40230178833
17467,396364.20251464844
17468,395654.9585533142
17469,395876.9976158142
17470,396401.46572875977
17471,397145.4788246155
17472,396922.0993499756
17473,394128.6216201782
17474,396792.77976989746
17475,396026.1083946228
17476,396086.2666397095
17477,126457.06842041016
17478,396722.75846099854
17479,396265.2747116089
17480,360851.19094467163
17481,77416.71865081787
17482,299360.61597442627
17483,120185.72289276123
17484,395894.611038208
17485,177545.64085006714
17486,396964.28118515015
17487,396884.3108634949
17488,397271.7640647888
17489,334119.9707145691
17490,396032.58252716064
17491,160661.00930595398
17492,396162.2987060547
17493,152671.62756729126
17494,55342.901765823364
17495,86091.04823684692
17496,362049.80886650085
17497,395420.998500824
17498,394727.8957939148
17499,395219.8825302124
17500,396309.5845756531
17501,214082.77346420288
17502,394055.1997756958
17503,395374.74237823486
17504,397098.53955459595
17505,201823.73163604736
17506,397248.300655365
17507,182518.6554107666
17508,347981.1639022827
17509,90233.58042907715
17510,382202.3316345215
17511,395904.73645401
17512,395044.27799987793
17513,395376.91053390503
17514,395068.3403892517
17515,171734.980052948
17516,91406.68800354004
17517,395967.0210418701
17518,397368.7808647156
17519,395836.7830848694
17520,110269.68580818176
17521,218022.27401733398
17522,396320.3450164795
17523,394412.9737586975
17524,396472.40241622925
17525,396523.2014465332
17526,396100.0026855469
17527,395900.5639228821
17528,397435.0171813965
17529,396820.98013687134
17530,393596.1846961975
17531,396673.624710083
17532,397662.4701423645
17533,103240.56485366821
17534,397225.35374832153
17535,395709.4361190796
17536,336030.8264350891
17537,122521.3512878418
17538,155553.48524093628
17539,147338.84705352783
17540,394920.74684906006
17541,396820.6467437744
17542,288642.8930969238
17543,396637.5885505676
17544,143125.62784576416
17545,397094.3963813782
17546,393859.48819732666
17547,394644.1718788147
17548,341484.1904258728
17549,81426.08931350708
17550,130071.6455039978
17551,395498.6163902283
17552,78931.88834381104
17553,397369.8051338196
17554,395038.11109161377
17555,396484.845703125
17556,396152.9691696167
17557,127168.34449768066
17558,393821.83472442627
17559,396492.69201278687
17560,397240.61905288696
17561,106526.10823440552
17562,395454.00329208374
17563,396730.0054550171
17564,396002.8778266907
17565,110747.45993423462
17566,84757.11521911621
17567,106914.63654327393
17568,394381.1273765564
17569,97014.20669937134
17570,396493.6027908325
17571,98716.47897148132
17572,360994.36630630493
17573,331142.8772583008
17574,153187.67122268677
17575,394946.09477233887
17576,394535.69691848755
17577,352671.52540016174
17578,394982.5449104309
17579,395661.29805374146
17580,158841.04951667786
17581,272018.3049354553
17582,132752.24339675903
17583,181593.64905929565
17584,394825.2625465393
17585,395179.71603775024
17586,394101.35915374756
17587,384968.91383361816
17588,390414.70974731445
17589,117836.9737033844
17590,272751.29708480835
17591,393818.72145462036
17592,393449.14321899414
17593,394969.59384536743
17594,257181.75134277344
17595,393098.17304229736
17596,397159.1520957947
17597,347195.32721710205
17598,155102.2399673462
17599,393466.9836807251
17600,394855.62129211426
17601,96123.67856407166
17602,395637.72103118896
17603,110867.38471984863
17604,394456.38163757324
17605,393894.1194534302
17606,164050.79457855225
17607,396785.1723976135
17608,395432.70235061646
17609,393391.78719329834
17610,391936.08487701416
17611,395158.750289917
17612,397206.1633796692
17613,394123.47523880005
17614,393573.40309906006
17615,395714.3786087036
17616,398095.9322319031
17617,393342.3349761963
17618,102494.64134597778
17619,396275.01638793945
17620,278514.8318519592
17621,395328.5955314636
17622,103899.66215515137
17623,305399.09760665894
17624,395128.23056030273
17625,204193.7934436798
17626,395007.65379714966
17627,394916.0713996887
17628,78510.5438156128
17629,394015.14306640625
17630,392190.7542114258
17631,394812.29888916016
17632,395295.37950515747
17633,336014.2486114502
17634,396057.30087280273
17635,156057.38961029053
17636,393139.53272247314
17637,395144.37633514404
17638,397437.57218170166
17639,197909.30715751648
17640,394619.8919181824
17641,245574.19103431702
17642,72881.4086303711
17643,395396.9086227417
17644,395599.5547981262
17645,394795.943813324
17646,397101.07192611694
17647,392963.54175949097
17648,395395.5758552551
17649,396555.04360198975
17650,394714.9224700928
17651,396282.964012146
17652,91360.42972946167
17653,396122.58906555176
17654,396989.4989051819
17655,396714.03719711304
17656,395802.15018463135
17657,395449.83179473877
17658,393897.7584877014
17659,110542.43325042725
17660,195537.99639892578
17661,394740.23292541504
17662,397186.69887924194
17663,394895.22327041626
17664,225491.0594329834
17665,103906.5012626648
17666,395770.98320007324
17667,395683.714263916
17668,329436.4446182251
17669,124273.61179733276
17670,396106.7602958679
17671,395669.0455055237
17672,395661.09731674194
17673,395476.5637817383
17674,148637.47261047363
17675,395114.5724220276
17676,143531.16553878784
17677,394639.4595146179
17678,394752.24320983887
17679,396302.48737335205
17680,395274.67248916626
17681,395544.9878921509
17682,396585.0552215576
17683,397739.1828689575
17684,94490.36084747314
17685,397111.4869995117
17686,395747.332069397
17687,392885.8097419739
17688,205779.02607917786
17689,395318.2792854309
17690,394764.1654281616
17691,393813.9635658264
17692,393103.81438446045
17693,395744.9796142578
17694,397284.3483428955
17695,294587.07970428467
17696,94854.47217178345
17697,397334.02338409424
17698,397067.4776725769
17699,395245.4616088867
17700,397310.8515586853
17701,395503.42920303345
17702,397281.6591949463
17703,338859.70599746704
17704,396889.5923233032
17705,394426.23645401
17706,397358.41497802734
17707,394324.12215423584
17708,166139.9397239685
17709,396967.75690460205
17710,396698.91509246826
17711,397712.3392906189
17712,396653.5869064331
17713,397224.16564941406
17714,395191.56324386597
17715,395480.48167037964
17716,396068.6647605896
17717,395107.6911201477
17718,250846.94275665283
17719,398515.55602645874
17720,395162.3152961731
17721,396805.6308746338
17722,398232.6636352539
17723,398148.2552719116
17724,398063.5541191101
17725,397536.54050064087
17726,396065.3891181946
17727,398011.62828445435
17728,396258.221786499
17729,396782.20279312134
17730,396075.17085647583
17731,395078.5382156372
17732,342400.5219192505
17733,394608.92753982544
17734,97958.58321762085
17735,395755.39807128906
17736,396270.04611206055
17737,135406.36039352417
17738,358670.92353630066
17739,394324.3991661072
17740,397681.7601509094
17741,394492.1265144348
17742,394850.618309021
17743,65788.78622055054
17744,394200.6777267456
17745,394421.57737350464
17746,114985.07981109619
17747,394283.1841163635
17748,145667.57249450684
17749,393796.7906303406
17750,110853.71082687378
17751,126833.49269485474
17752,394429.0977935791
17753,393758.49323654175
17754,393049.7290496826
17755,394920.16829299927
17756,393595.90731430054
17757,100649.45199203491
17758,396354.5378341675
17759,394046.1597480774
17760,394884.89755249023
17761,395091.4866409302
17762,392302.16806411743
17763,394881.27366256714
17764,394103.36236190796
17765,394879.0807380676
17766,394995.66285324097
17767,111519.64276885986
17768,395480.8988838196
17769,83215.77450561523
17770,394998.33713531494
17771,396925.7612800598
17772,395091.9234390259
17773,393250.91104125977
17774,393634.7480430603
17775,395680.4531211853
17776,395392.1751861572
17777,396432.7195625305
17778,396267.29734039307
17779,394197.5098876953
17780,394343.1714248657
17781,397425.5857696533
17782,256310.24856948853
17783,395313.91623306274
17784,394652.08866119385
17785,396143.7683944702
17786,394061.0856895447
17787,394439.56201171875
17788,268292.9916229248
17789,395621.41150665283
17790,397424.9475631714
17791,396976.06495666504
17792,397372.4256324768
17793,395498.95540237427
17794,397530.4138832092
17795,397904.61320495605
17796,397344.59858703613
17797,394572.67710876465
17798,396950.27756118774
17799,396872.9118347168
17800,394750.9980239868
17801,396297.21712875366
17802,395489.0431251526
17803,216966.16621780396
17804,219085.5468826294
17805,396092.76374053955
17806,398956.8686981201
17807,395598.88801574707
17808,395284.1863594055
17809,393549.6454811096
17810,395770.1000328064
17811,397387.3949546814
17812,395558.586517334
17813,306218.77325057983
17814,143093.4665374756
17815,95857.58869552612
17816,159751.81896209717
17817,394632.37045669556
17818,167993.18459701538
17819,393314.86152267456
17820,394517.8335990906
17821,113216.48022460938
17822,80719.29702758789
17823,276485.4300994873
17824,395597.3957901001
17825,365389.57164382935
17826,138459.6414718628
17827,394205.37379455566
17828,98053.9017124176
17829,276799.8630371094
17830,394713.8504486084
17831,395539.3436088562
17832,112594.72824859619
17833,394226.82080841064
17834,357985.6452064514
17835,394211.80907821655
17836,394763.62784194946
17837,84024.7071647644
17838,395455.86418914795
17839,396736.07747268677
17840,395769.8342590332
17841,393819.57598876953
17842,63418.116355895996
17843,395305.29487991333
17844,395307.59928131104
17845,206843.23863220215
17846,98591.98386764526
17847,117983.4623336792
17848,393884.40258026123
17849,81476.36162567139
17850,79665.47615814209
17851,395629.8326072693
17852,97662.98140335083
17853,395287.4283294678
17854,90559.72465133667
17855,72967.15871047974
17856,74484.55653572083
17857,108543.12139701843
17858,75754.75669288635
17859,114222.16424942017
17860,99438.26299858093
17861,86929.36526870728
17862,395022.362613678
17863,394048.5168571472
17864,75572.95231628418
17865,47232.756816864014
17866,165478.46770858765
17867,165731.40830993652
17868,396165.4744911194
17869,395732.38582229614
17870,394936.6710472107
17871,396986.38216018677
17872,165878.2441444397
17873,395868.86294174194
17874,395093.8225479126
17875,394490.22148513794
17876,351513.6803474426
17877,80402.96047592163
17878,394464.88597869873
17879,396617.4531021118
17880,70901.10159683228
17881,80881.44296264648
17882,395360.58058166504
17883,394133.7780799866
17884,394551.0251274109
17885,396096.6360015869
17886,395484.2636909485
17887,356466.5651397705
17888,394493.71824645996
17889,393289.2970352173
17890,196806.81549072266
17891,397035.75149154663
17892,77063.03966903687
17893,396219.41915130615
17894,159512.2885246277
17895,394957.3426017761
17896,397216.5614929199
17897,395085.52321624756
17898,394347.7865600586
17899,114587.45882797241
17900,78436.91416549683
17901,119940.91517829895
17902,77399.03786087036
17903,395128.63552474976
17904,395667.9590148926
17905,395754.69648742676
17906,59166.21102523804
17907,396427.62854766846
17908,367193.6027183533
17909,279859.1389198303
17910,396807.67322158813
17911,395295.87257003784
17912,397818.54176330566
17913,396675.4373626709
17914,394964.5224609375
17915,397593.5393447876
17916,396642.0349884033
17917,397939.66412353516
17918,399525.9176559448
17919,396924.6000328064
17920,396219.60427856445
17921,341684.9684829712
17922,396321.680934906
17923,120082.38189888
17924,396035.176776886
17925,100014.27555465698
17926,397045.0357437134
17927,304874.74098587036
17928,108026.40198516846
17929,255437.38678741455
17930,394632.65227508545
17931,117790.67960357666
17932,75486.93531036377
17933,88400.38410186768
17934,70224.72487640381
17935,76527.18174552917
17936,105955.99552536011
17937,183273.08279037476
17938,396540.763004303
17939,102811.97907447815
17940,395897.88092803955
17941,396544.1969680786
17942,397626.409614563
17943,398142.6282310486
17944,398650.32974243164
17945,209614.2232246399
17946,397210.1409034729
17947,376922.0585670471
17948,86174.53136825562
17949,214914.39879989624
17950,395231.7169418335
17951,398344.40034866333
17952,79120.99362945557
17953,93259.99970626831
17954,79965.77013778687
17955,395119.3460845947
17956,398260.751991272
17957,395788.19261550903
17958,115143.11812400818
17959,395000.2247238159
17960,343258.08856391907
17961,396067.39401626587
17962,395137.8270339966
17963,68877.00617790222
17964,394847.4447784424
17965,188799.57144927979
17966,394769.0820426941
17967,396593.9328994751
17968,395759.87565612793
17969,239966.50413131714
17970,395852.76737594604
17971,397011.8481826782
17972,395538.54010009766
17973,129571.96000671387
17974,82779.00701141357
17975,395761.54512786865
17976,395835.19578933716
17977,394203.4535102844
17978,394836.6252861023
17979,395233.28522872925
17980,394792.3083076477
17981,292569.29416656494
17982,396767.1851196289
17983,396011.1193161011
17984,397010.9278411865
17985,396216.75288391113
17986,396618.09172058105
17987,97566.19849777222
17988,102574.78518867493
17989,398169.8954048157
17990,396557.9247741699
17991,110973.03074645996
17992,117187.24438095093
17993,343805.20711135864
17994,396448.0464820862
17995,397990.55644607544
17996,398147.6509552002
17997,269683.8903121948
17998,395959.9605178833
17999,395931.3348388672
18000,396856.45470809937
18001,396845.8264884949
18002,395962.72357559204
18003,397106.3119277954
18004,396268.44744873047
18005,395549.4324684143
18006,396669.46477508545
18007,397646.88774108887
18008,397302.7766151428
18009,50349.293840408325
18010,397335.7219238281
18011,112318.67570877075
18012,97418.74673843384
18013,220575.64475250244
18014,398948.5048599243
18015,395367.6869087219
18016,269451.1409187317
18017,87785.31899261475
18018,299824.3221588135
18019,66445.4813747406
18020,394694.1918258667
18021,189075.97509765625
18022,390662.0895462036
18023,269383.96448898315
18024,395001.95308303833
18025,397439.85608673096
18026,394639.5686759949
18027,331549.7430076599
18028,99295.75866127014
18029,342411.3362197876
18030,398453.96881103516
18031,396749.0137939453
18032,395432.5400276184
18033,228050.69333648682
18034,392924.2595939636
18035,394763.9676170349
18036,393406.5102233887
18037,366642.416885376
18038,395804.9547843933
18039,397537.0646018982
18040,280715.2565460205
18041,232439.3321647644
18042,395367.2633857727
18043,375090.885723114
18044,395149.1463127136
18045,395442.01930618286
18046,165722.64666557312
18047,395561.6240463257
18048,395184.9242286682
18049,203866.55060195923
18050,397070.38121032715
18051,393218.65617370605
18052,59786.56101036072
18053,79759.86569213867
18054,70494.91066741943
18055,91324.55736541748
18056,162578.8227005005
18057,201633.59580993652
18058,395817.40590286255
18059,263140.53784942627
18060,103895.3840713501
18061,116739.02660369873
18062,395482.13508987427
18063,397335.7862358093
18064,395422.15676116943
18065,396808.4969520569
18066,396686.5005569458
18067,394638.3437728882
18068,393789.0622558594
18069,397949.69410705566
18070,129009.4832687378
18071,244604.55464553833
18072,397034.1612319946
18073,122133.66395759583
18074,129862.16436576843
18075,98480.37747573853
18076,395441.1905288696
18077,397426.59436416626
18078,123107.84111022949
18079,392186.9327507019
18080,369394.1885147095
18081,396319.32944488525
18082,395232.3613166809
18083,112549.02110290527
18084,396379.51276397705
18085,398426.27645874023
18086,265650.5812339783
18087,397024.62421417236
18088,396727.12899017334
18089,394752.89461517334
18090,394265.43954086304
18091,397404.280380249
18092,151408.75520706177
18093,396881.3588104248
18094,395281.5100631714
18095,396313.75160980225
18096,395585.5012283325
18097,97807.86841201782
18098,395317.2705421448
18099,200810.7259979248
18100,396417.9422607422
18101,287857.29919433594
18102,90488.9002418518
18103,106209.69819641113
18104,285118.286441803
18105,146673.70357513428
18106,100777.22630310059
18107,396356.44717025757
18108,92693.87175750732
18109,246785.0694656372
18110,395188.30909347534
18111,158071.602558136
18112,397682.81938934326
18113,396149.3275871277
18114,397405.69187164307
18115,397681.846534729
18116,396678.17725753784
18117,266827.9783821106
18118,82684.85357284546
18119,393790.0852203369
18120,149198.20134735107
18121,394976.81591415405
18122,396034.02573013306
18123,397809.8583908081
18124,397034.2989692688
18125,96338.94746017456
18126,270784.50649261475
18127,395445.3585243225
18128,395188.457069397
18129,49371.61057090759
18130,187845.6817703247
18131,397308.1348762512
18132,395592.659702301
18133,397930.3256111145
18134,396601.7536277771
18135,398234.1806755066
18136,397340.2735900879
18137,396935.9062385559
18138,397091.544090271
18139,397977.6037902832
18140,397261.9724159241
18141,396497.1008491516
18142,396758.18507766724
18143,398436.69941711426
18144,153321.51091766357
18145,399541.66648864746
18146,396984.5239601135
18147,397795.512676239
18148,98955.20598602295
18149,399135.50202941895
18150,396219.48125457764
18151,243883.90327072144
18152,121228.94757080078
18153,396274.81453704834
18154,168260.69598388672
18155,398159.9260749817
18156,395053.4874153137
18157,396678.4988822937
18158,395438.636138916
18159,394846.1888923645
18160,395004.2357406616
18161,342072.1117477417
18162,380736.6691970825
18163,397478.79570007324
18164,397015.12508010864
18165,395028.0564002991
18166,398407.3191757202
18167,396550.82276535034
18168,395204.84828567505
18169,396709.0766296387
18170,73182.05460357666
18171,397828.43268966675
18172,399607.6918296814
18173,396378.045627594
18174,399011.678401947
18175,398060.41342926025
18176,126371.34098052979
18177,397116.0092086792
18178,397189.2318763733
18179,350948.6762237549
18180,397568.7505493164
18181,397697.7342147827
18182,397755.2768058777
18183,397513.5323448181
18184,110087.32454681396
18185,397557.33435058594
18186,95466.39260864258
18187,381249.4493904114
18188,396872.390914917
18189,394922.84007263184
18190,397566.5700416565
18191,395524.8815498352
18192,397026.9359397888
18193,110415.60018920898
18194,397879.7217788696
18195,66421.05608940125
18196,111485.37369537354
18197,94168.05624008179
18198,393989.32905197144
18199,395598.5309333801
18200,395454.3108558655
18201,395915.3973197937
18202,397477.4272766113
18203,398433.40128707886
18204,395677.18419265747
18205,156386.4949760437
18206,396679.438747406
18207,109277.9688949585
18208,396618.6806716919
18209,397300.4581260681
18210,88585.08940887451
18211,135690.1329345703
18212,395292.2496185303
18213,395759.86756515503
18214,103324.45275878906
18215,395548.53332901
18216,68869.84673500061
18217,396693.0733680725
18218,331235.20891952515
18219,397021.3756904602
18220,148648.8886566162
18221,396859.16411972046
18222,398117.93238449097
18223,396190.93338394165
18224,91031.76450920105
18225,94000.55474853516
18226,397389.99980163574
18227,217948.47275543213
18228,397089.3028564453
18229,396876.73124313354
18230,89660.83974838257
18231,118510.4599571228
18232,395129.2127914429
18233,396519.7739830017
18234,396520.0936050415
18235,315417.4376964569
18236,396855.3419036865
18237,396921.5500526428
18238,395797.8362007141
18239,280316.7655143738
18240,396765.1543083191
18241,108765.49066543579
18242,396914.8145980835
18243,294215.16341781616
18244,396766.9189300537
18245,396470.3840904236
18246,389020.60930252075
18247,380076.6392593384
18248,165395.0571899414
18249,91633.8646850586
18250,171450.7606525421
18251,397727.3578300476
18252,395696.30543899536
18253,233604.28923606873
18254,395173.9084777832
18255,396160.7996711731
18256,397228.4208984375
18257,101232.19449996948
18258,120563.54481506348
18259,100790.94370269775
18260,70313.10067939758
18261,396332.475189209
18262,293883.1664390564
18263,291451.442193985
18264,395551.11347198486
18265,396789.72229385376
18266,87818.86577796936
18267,395316.2117805481
18268,396085.3072090149
18269,207548.1584968567
18270,70926.90635871887
18271,396901.85206222534
18272,65294.309509277344
18273,396963.8855018616
18274,395570.692943573
18275,87320.56075286865
18276,396243.9503707886
18277,119519.69210624695
18278,397323.46225357056
18279,395184.16788864136
18280,395428.29315948486
18281,83084.11020088196
18282,395306.10943984985
18283,398012.2990989685
18284,396969.85904693604
18285,396539.9817008972
18286,398433.98291397095
18287,142644.6607055664
18288,395834.5598678589
18289,397214.72901535034
18290,397107.8998413086
18291,338474.82736587524
18292,317042.4719314575
18293,395847.741355896
18294,162217.33670806885
18295,396543.027179718
18296,396080.3356666565
18297,395308.4164123535
18298,100213.89446640015
18299,395798.93437576294
18300,396604.0869369507
18301,397183.5997657776
18302,396084.49892807007
18303,396477.4175338745
18304,396706.08812332153
18305,396809.0389175415
18306,396281.84102630615
18307,395280.18491363525
18308,93728.82508659363
18309,398106.4430847168
18310,314919.91913604736
18311,397105.69457244873
18312,396379.6514053345
18313,397124.59635162354
18314,80071.36572647095
18315,75086.57789611816
18316,97486.09358215332
18317,394334.4518432617
18318,327701.4937553406
18319,396163.84173202515
18320,395604.9056892395
18321,397258.0081291199
18322,395657.5349845886
18323,397564.83293151855
18324,398396.50242996216
18325,398258.508228302
18326,396262.9654273987
18327,206779.54086875916
18328,297077.6859703064
18329,69201.09585952759
18330,397218.8318977356
18331,396389.4904098511
18332,308392.3894805908
18333,398079.2218132019
18334,397296.8763847351
18335,397913.6040649414
18336,109136.8436050415
18337,194289.47381591797
18338,100229.40567779541
18339,396439.7367706299
18340,398314.2748527527
18341,110072.31441879272
18342,398576.8987007141
18343,369504.35761642456
18344,74248.98187637329
18345,397502.20289230347
18346,398101.0497703552
18347,77420.7414112091
18348,396276.2781639099
18349,384588.3707008362
18350,83568.89014434814
18351,397345.018032074
18352,138451.4794998169
18353,73548.6526260376
18354,287449.21903038025
18355,395929.50665283203
18356,162898.99584960938
18357,237572.92459869385
18358,394398.11306762695
18359,255644.30462265015
18360,396752.135723114
18361,116976.88455963135
18362,208099.64038848877
18363,85031.70040893555
18364,397355.5205154419
18365,106452.38195800781
18366,222054.00525665283
18367,188050.8046913147
18368,396385.2267341614
18369,395249.7491340637
18370,396478.34616851807
18371,397126.11210632324
18372,317406.26651000977
18373,394798.053981781
18374,383516.81745529175
18375,394477.42559814453
18376,396497.0961112976
18377,397374.57329177856
18378,110906.00482559204
18379,396069.96391296387
18380,132607.26503753662
18381,397707.5026702881
18382,399242.848361969
18383,399298.24657821655
18384,399139.4574432373
18385,396549.0075531006
18386,350690.5766029358
18387,396377.83837509155
18388,397608.429523468
18389,375376.3817138672
18390,279340.30501556396
18391,398100.0295410156
18392,169096.62606048584
18393,398105.3485946655
18394,398164.48293304443
18395,395967.0834274292
18396,397701.4507904053
18397,378422.6931114197
18398,396867.6000289917
18399,397661.1364097595
18400,398563.3454246521
18401,396818.9592552185
18402,395840.1702308655
18403,395032.26264190674
18404,396680.8084945679
18405,397382.4831504822
18406,397586.8667373657
18407,397982.25674057007
18408,148982.01305007935
18409,342896.9871711731
18410,396971.0121192932
18411,398235.34369277954
18412,105633.27397918701
18413,148967.95315551758
18414,398485.1048812866
18415,72573.37778663635
18416,99476.73722457886
18417,396826.20735168457
18418,397702.98195266724
18419,397150.6563568115
18420,328822.72174835205
18421,324189.3160247803
18422,82031.97049713135
18423,396324.879863739
18424,366748.4567642212
18425,396848.6128807068
18426,396980.8009300232
18427,395680.7202720642
18428,258557.41452407837
18429,159501.5012550354
18430,397180.9175796509
18431,229820.24662017822
18432,398186.5098953247
18433,398650.1382751465
18434,396094.19301223755
18435,97192.5972290039
18436,264953.7576637268
18437,100013.29061508179
18438,397067.19149017334
18439,100404.934841156
18440,397023.84677505493
18441,398197.26348876953
18442,397782.4963722229
18443,129154.88710021973
18444,398532.35749816895
18445,398858.42071151733
18446,214813.5669784546
18447,398499.7064704895
18448,396097.2649612427
18449,111475.55508041382
18450,398849.8201789856
18451,398168.65257263184
18452,385051.3352775574
18453,274055.370967865
18454,397681.175239563
18455,398805.2323150635
18456,398329.30084228516
18457,336197.0554256439
18458,398568.7568740845
18459,398014.6735801697
18460,399265.7858924866
18461,397640.4639854431
18462,397422.8719596863
18463,396743.0556678772
18464,398780.06062316895
18465,399518.0446434021
18466,398449.47428131104
18467,398429.49462890625
18468,69504.87080383301
18469,86345.770236969
18470,274859.03426742554
18471,109967.98052215576
18472,397090.7502861023
18473,397314.7125091553
18474,397357.9796676636
18475,286971.0527458191
18476,396528.8305130005
18477,397779.94173431396
18478,396423.40425491333
18479,88840.95850753784
18480,398745.4848213196
18481,92202.01606369019
18482,148017.27996826172
18483,141216.95301055908
18484,399062.1361961365
18485,361713.8236427307
18486,397159.50246047974
18487,396049.7473297119
18488,397666.8267593384
18489,398559.1589241028
18490,382714.7494659424
18491,344140.7251586914
18492,108970.92468643188
18493,397366.2509651184
18494,396996.5142059326
18495,396804.8349571228
18496,395995.6018486023
18497,398898.65633010864
18498,399052.5354309082
18499,399169.26012039185
18500,398254.30124282837
18501,398882.1856880188
18502,357674.9228630066
18503,367114.0900039673
18504,397423.61474609375
18505,397179.79469299316
18506,398029.8707847595
18507,399189.91039276123
18508,399665.1149482727
18509,397063.6497993469
18510,398307.2528915405
18511,397120.8148727417
18512,397893.5022354126
18513,396196.8913345337
18514,382809.9902610779
18515,397591.7706565857
18516,398299.19287490845
18517,398661.9906654358
18518,110547.31653213501
18519,395163.6100883484
18520,394981.4040107727
18521,399168.43896102905
18522,394488.93448638916
18523,398039.7759094238
18524,396583.568359375
18525,396392.8716621399
18526,397760.3704338074
18527,397763.33170318604
18528,389713.7544288635
18529,395694.9014663696
18530,396492.4139137268
18531,396391.47689056396
18532,149026.58554458618
18533,397486.7357444763
18534,398499.2318344116
18535,396826.23512649536
18536,276199.0047492981
18537,398314.27378082275
18538,396954.026927948
18539,397498.14181518555
18540,397996.579410553
18541,149155.7005405426
18542,398922.9769477844
18543,104913.70255661011
18544,134948.52696990967
18545,382157.3653392792
18546,397466.53748321533
18547,398265.9162750244
18548,397420.6388435364
18549,398720.66205596924
18550,398238.5411567688
18551,398851.7252960205
18552,398853.8539276123
18553,397305.3964500427
18554,397981.1915473938
18555,399674.45321655273
18556,398072.87134552
18557,139360.97226905823
18558,398878.30585098267
18559,169740.61980819702
18560,399501.25702285767
18561,102885.78646087646
18562,91200.1046218872
18563,398521.57121658325
18564,399096.91633605957
18565,399177.63709640503
18566,398951.96068573
18567,399151.4396934509
18568,398699.4119338989
18569,397128.54485321045
18570,400275.54247283936
18571,398449.2948074341
18572,399246.80490493774
18573,397896.6479797363
18574,396832.935798645
18575,399268.2236671448
18576,398917.01097106934
18577,399481.7231941223
18578,397322.80098342896
18579,398319.874546051
18580,397188.6310005188
18581,399039.7723464966
18582,398423.7986831665
18583,398711.1772117615
18584,397544.0503540039
18585,398099.20111465454
18586,398597.63943099976
18587,83182.98099899292
18588,139363.99257278442
18589,102695.64712142944
18590,398812.51220321655
18591,96370.65698242188
18592,397781.85707473755
18593,398388.61629486084
18594,398910.23946380615
18595,397490.1504936218
18596,397277.7271156311
18597,398837.04847335815
18598,398451.6448059082
18599,398582.25004196167
18600,397742.74491119385
18601,306143.15853118896
18602,399869.48780441284
18603,399464.92713165283
18604,398684.3103904724
18605,398924.65965270996
18606,399237.82527923584
18607,398112.71338653564
18608,351136.1170120239
18609,397880.6752204895
18610,77846.98191642761
18611,279283.6077156067
18612,398352.40576553345
18613,78428.744140625
18614,397887.9019126892
18615,398326.046875
18616,274383.6589488983
18617,311076.9726867676
18618,399518.9819641113
18619,396562.0967140198
18620,398199.3008041382
18621,398387.1754760742
18622,397832.02520370483
18623,399186.18854522705
18624,397991.73194885254
18625,398022.4960594177
18626,397084.6214828491
18627,398987.1407966614
18628,399085.10790252686
18629,398263.464805603
18630,397910.718788147
18631,398925.325050354
18632,398976.4981498718
18633,398017.2893104553
18634,398802.28664016724
18635,241500.20639038086
18636,398056.7121963501
18637,398998.26722335815
18638,399032.32065582275
18639,399323.7791175842
18640,397504.9984703064
18641,397570.2766189575
18642,397701.95824050903
18643,398809.2668762207
18644,398937.365234375
18645,398956.41904067993
18646,280428.83989334106
18647,154202.5356941223
18648,120425.86636352539
18649,397584.31729888916
18650,398719.3561477661
18651,62508.53277206421
18652,194260.63463974
18653,398125.4826660156
18654,398137.702545166
18655,397537.8413505554
18656,396595.38271713257
18657,397191.29580688477
18658,64911.13607597351
18659,395901.4952926636
18660,149392.08123779297
18661,397264.83181381226
18662,397540.3653411865
18663,397849.34574508667
18664,248101.20009803772
18665,399086.2586593628
18666,397577.5645942688
18667,396365.127948761
18668,132066.38652038574
18669,119318.59438705444
18670,364628.76734161377
18671,397506.0683670044
18672,175808.2490386963
18673,397225.4052886963
18674,396775.97172927856
18675,398377.10525131226
18676,144693.45184516907
18677,396118.8090171814
18678,397189.6714324951
18679,194394.83707809448
18680,396455.8877944946
18681,391658.3715400696
18682,143787.47163009644
18683,398011.3958129883
18684,249350.74628448486
18685,108764.81702423096
18686,396519.90285873413
18687,396460.68952941895
18688,397752.79710006714
18689,398801.6087036133
18690,396899.3311843872
18691,395666.4519996643
18692,274038.37062072754
18693,398539.55919265747
18694,398355.30125808716
18695,398332.5435256958
18696,399064.3491668701
18697,274710.09927749634
18698,152555.9988861084
18699,396016.0658569336
18700,398352.55867767334
18701,366662.95350265503
18702,396362.802482605
18703,118547.94064712524
18704,157183.10390472412
18705,398076.35901260376
18706,397614.12379837036
18707,395604.11434555054
18708,398409.580947876
18709,155871.05533599854
18710,106876.00114059448
18711,394563.724899292
18712,385125.6995162964
18713,396845.1194114685
18714,398604.19232940674
18715,399166.0535812378
18716,399363.2921676636
18717,398603.4008331299
18718,217636.69290924072
18719,398452.19274520874
18720,397292.40477371216
18721,396518.6489982605
18722,398375.6090583801
18723,346113.06872177124
18724,128137.27574539185
18725,399045.9723472595
18726,103363.32557296753
18727,262135.0448360443
18728,398953.55711364746
18729,127545.07942581177
18730,399716.93033218384
18731,126884.8692741394
18732,399979.5517730713
18733,399214.00676727295
18734,85463.00067520142
18735,65450.97770690918
18736,398876.498916626
18737,398152.0800552368
18738,399123.30658721924
18739,398264.04232406616
18740,289262.80864334106
18741,399463.2431793213
18742,397352.9743080139
18743,390644.31067276
18744,277940.3272628784
18745,394775.30729675293
18746,398258.2336502075
18747,397307.17823791504
18748,397851.0325164795
18749,399618.46005630493
18750,78203.32084274292
18751,377887.0510902405
18752,398284.89780426025
18753,397889.3610877991
18754,396974.05896759033
18755,398624.66469573975
18756,397929.9613304138
18757,399115.6346473694
18758,398427.00661468506
18759,399945.2712020874
18760,98092.68013000488
18761,398758.99825668335
18762,399081.5820121765
18763,97344.87020492554
18764,398879.2958602905
18765,397949.73974990845
18766,398171.3683395386
18767,399038.7868270874
18768,397613.5301170349
18769,398824.2412071228
18770,112026.97193527222
18771,399567.12717819214
18772,398869.770401001
18773,119965.81989479065
18774,100048.38376617432
18775,398908.1845550537
18776,398249.18227386475
18777,394121.2455329895
18778,399364.91522979736
18779,399269.5237312317
18780,398340.065158844
18781,397843.3204116821
18782,398567.7154350281
18783,397951.4831085205
18784,398185.9712562561
18785,89611.23616027832
18786,396531.16537475586
18787,398199.23013687134
18788,398351.26917266846
18789,230351.35720062256
18790,165108.6014404297
18791,397299.7735824585
18792,397743.3870201111
18793,399120.3977737427
18794,398349.430141449
18795,99914.55117416382
18796,398559.637298584
18797,398718.4779777527
18798,398081.6402206421
18799,396894.1289329529
18800,395380.7575645447
18801,398929.1858253479
18802,398873.2145309448
18803,397703.1315307617
18804,397849.2947998047
18805,398806.67252349854
18806,398467.0375595093
18807,109414.04973602295
18808,185678.07216644287
18809,396386.12868118286
18810,398995.8498954773
18811,398055.6226577759
18812,120969.7099609375
18813,85376.62010192871
18814,94821.7712650299
18815,383933.63536834717
18816,399065.0382385254
18817,399182.3566131592
18818,375131.0167808533
18819,397529.76570510864
18820,90823.27679824829
18821,399646.93112564087
18822,398656.6187362671
18823,397229.06603622437
18824,399243.0627784729
18825,171517.1960258484
18826,397585.6852798462
18827,398247.42261886597
18828,71560.02729415894
18829,83570.56099700928
18830,396326.17349624634
18831,396446.27669906616
18832,397420.57891082764
18833,397375.4898452759
18834,182967.9816455841
18835,396115.23374557495
18836,397641.58026123047
18837,397400.75550842285
18838,396915.6012840271
18839,397754.36085510254
18840,398161.64081573486
18841,398222.5438041687
18842,397629.5542449951
18843,397968.8737258911
18844,96279.17987251282
18845,56750.93942642212
18846,398371.00927734375
18847,397732.1431617737
18848,398611.9725074768
18849,398390.94705963135
18850,399001.25367355347
18851,398980.0229873657
18852,396291.95824050903
18853,61841.81261062622
18854,166259.45852661133
18855,397011.6230735779
18856,397511.1930885315
18857,398879.5111503601
18858,398105.6578216553
18859,399067.8789405823
18860,150880.8339805603
18861,399604.299533844
18862,399206.6915397644
18863,399482.70804977417
18864,400275.1562614441
18865,398220.1183319092
18866,280148.5640678406
18867,99717.33016586304
18868,397622.935092926
18869,398203.6234436035
18870,397874.47260665894
18871,396609.10912323
18872,399171.21996307373
18873,398576.4810600281
18874,220926.2265777588
18875,399598.6931915283
18876,398578.9963798523
18877,399654.31677627563
18878,398532.0096549988
18879,398023.62481689453
18880,399587.18198394775
18881,399130.754776001
18882,397635.6027946472
18883,397724.5275840759
18884,396437.52255249023
18885,399627.96172332764
18886,399514.74586486816
18887,89209.35367202759
18888,397606.1488380432
18889,398336.85305404663
18890,399402.8527870178
18891,398599.84408569336
18892,397936.0512123108
18893,398851.85525512695
18894,398892.0778427124
18895,398056.1262626648
18896,398565.8108482361
18897,394794.26692199707
18898,89118.41439056396
18899,396788.720539093
18900,398210.1925201416
18901,398656.7399368286
18902,396208.2360458374
18903,398456.488319397
18904,161129.3780784607
18905,127632.31645965576
18906,399814.93616485596
18907,139149.39867019653
18908,399318.57553482056
18909,192471.28365325928
18910,399855.54948425293
18911,357529.016204834
18912,398813.88621902466
18913,76563.8345413208
18914,399083.38510513306
18915,331830.20795059204
18916,399652.3267440796
18917,399786.0453033447
18918,293970.3598232269
18919,163519.6898727417
18920,106148.82268333435
18921,397875.910320282
18922,398583.70932769775
18923,398635.171913147
18924,132913.91926002502
18925,400450.01848220825
18926,399361.8468437195
18927,399424.83937835693
18928,399204.94870758057
18929,115766.0855255127
18930,399297.9414024353
18931,399121.16384887695
18932,399259.0210800171
18933,397167.67512893677
18934,400110.88177871704
18935,400023.8393135071
18936,58845.57957267761
18937,399264.7253036499
18938,399603.76610946655
18939,398462.60416793823
18940,399044.97257614136
18941,399426.3330307007
18942,399257.3977470398
18943,398790.8055152893
18944,398780.3713340759
18945,399429.0536117554
18946,398746.8972091675
18947,158022.63513183594
18948,399483.72635269165
18949,399496.1194496155
18950,71325.08514976501
18951,398943.5679664612
18952,398920.38178634644
18953,76693.58267211914
18954,275849.0609779358
18955,398983.9681777954
18956,118203.24724578857
18957,399696.9571380615
18958,398174.8254585266
18959,397909.98442459106
18960,84856.73653411865
18961,398206.3350868225
18962,399233.3798980713
18963,137594.11855125427
18964,118394.52931213379
18965,75327.64386749268
18966,121209.01170349121
18967,398225.376953125
18968,400011.8112792969
18969,399353.727016449
18970,98845.94513702393
18971,399341.8493080139
18972,61148.92895317078
18973,398599.39420700073
18974,397332.25567245483
18975,398766.8640785217
18976,73417.24740219116
18977,168682.26670455933
18978,100646.35934448242
18979,95678.56015014648
18980,212911.82374954224
18981,397503.3705024719
18982,399540.5203704834
18983,397184.01177215576
18984,398659.3285636902
18985,341183.5905799866
18986,398113.8484992981
18987,398501.26331710815
18988,398992.4581680298
18989,398845.97061157227
18990,97642.27815246582
18991,397633.5220527649
18992,397949.49628067017
18993,322004.76832962036
18994,137892.71683502197
18995,397342.72079849243
18996,398710.2990837097
18997,395945.38010025024
18998,398532.4270515442
18999,396221.3333091736
19000,92544.35166549683
19001,399262.15294265747
19002,397077.0013885498
19003,360161.42206192017
19004,398855.43438720703
19005,398824.7398490906
19006,397581.25259399414
19007,399026.5487937927
19008,400118.9043006897
19009,219605.17124557495
19010,397538.5559692383
19011,398058.56967163086
19012,397321.9811820984
19013,398579.87676620483
19014,398772.80713653564
19015,141438.01085281372
19016,157442.52869033813
19017,398680.83740997314
19018,265602.84251594543
19019,397527.38944244385
19020,396903.127822876
19021,262261.4313774109
19022,398108.8759918213
19023,397531.97719955444
19024,399903.28018951416
19025,397009.9579696655
19026,100562.74559402466
19027,395795.34589767456
19028,309492.08759117126
19029,399119.38248443604
19030,399116.2796020508
19031,297072.0806694031
19032,398148.22274780273
19033,398067.5313911438
19034,396487.07849884033
19035,398957.21729278564
19036,138193.5714302063
19037,104200.45727539062
19038,398186.3817100525
19039,149447.4850692749
19040,399234.14374160767
19041,125690.01927947998
19042,398611.2844696045
19043,399199.0330963135
19044,300904.6497402191
19045,398281.68158721924
19046,397534.1225204468
19047,399204.45040512085
19048,397641.3942260742
19049,397610.39207839966
19050,396954.3833312988
19051,249613.57469558716
19052,400113.3626174927
19053,103040.58037185669
19054,397676.8260612488
19055,399611.17696380615
19056,400748.6961593628
19057,398677.414100647
19058,397618.35987472534
19059,248703.98127746582
19060,397164.724029541
19061,268075.0809326172
19062,398053.1724243164
19063,398683.94870376587
19064,398523.3885040283
19065,398591.87481307983
19066,398287.0387992859
19067,197732.04737472534
19068,398878.6668586731
19069,398473.29360961914
19070,398968.8103904724
19071,398199.71309661865
19072,399647.30142974854
19073,397457.14011001587
19074,399246.2461090088
19075,397438.10161972046
19076,396707.54402923584
19077,399265.22789001465
19078,398280.7740249634
19079,88563.8744430542
19080,397167.22842025757
19081,103616.16172409058
19082,398698.3311729431
19083,397968.8805465698
19084,398789.57289123535
19085,396700.1616783142
19086,398735.8592147827
19087,398897.3540878296
19088,398520.5785369873
19089,196239.9303894043
19090,399135.62171554565
19091,399000.8111305237
19092,398903.4585914612
19093,397999.1570510864
19094,397133.2713546753
19095,398741.40324401855
19096,397900.6767196655
19097,398017.17195892334
19098,399065.96348953247
19099,352505.9008255005
19100,396438.91818237305
19101,81081.74286651611
19102,398065.0187263489
19103,398704.0240249634
19104,397973.01850128174
19105,233744.6212158203
19106,102650.16477584839
19107,335297.29899024963
19108,396802.5167121887
19109,185416.65064239502
19110,399407.7919845581
19111,398685.8664894104
19112,398246.8362541199
19113,83442.6014175415
19114,379485.23877716064
19115,397526.3200263977
19116,98154.33186721802
19117,263938.2610206604
19118,59447.43464279175
19119,395161.83546447754
19120,400074.03480911255
19121,399221.4402656555
19122,399364.67891693115
19123,342951.49156188965
19124,393516.4808654785
19125,67711.36424064636
19126,282728.2522125244
19127,397170.4592628479
19128,112000.55158615112
19129,398788.6092453003
19130,259501.02829742432
19131,399298.42222976685
19132,398388.90351104736
19133,66140.75841140747
19134,114411.96435165405
19135,399588.0623817444
19136,399984.9129066467
19137,84234.07748413086
19138,264219.9644622803
19139,122813.655128479
19140,62799.53568267822
19141,307994.1619987488
19142,399372.56439971924
19143,167347.88134765625
19144,400009.9041633606
19145,399714.6096343994
19146,132242.067527771
19147,75153.51247024536
19148,201432.08024215698
19149,317152.8090286255
19150,397912.00679397583
19151,247843.29336547852
19152,398221.76901626587
19153,397576.13596343994
19154,397785.3260421753
19155,398241.34186935425
19156,301562.3632698059
19157,399936.1435317993
19158,323916.82220840454
19159,121353.17742538452
19160,398351.66220474243
19161,79891.15842056274
19162,74341.9801940918
19163,398359.4173927307
19164,398892.56993865967
19165,397581.2406311035
19166,100931.27401351929
19167,119298.21321487427
19168,116974.19591140747
19169,397474.05310058594
19170,130575.7795791626
19171,398692.177898407
19172,398163.82817840576
19173,399127.72298431396
19174,398655.3273239136
19175,263438.5859260559
19176,328801.6841583252
19177,391859.55626296997
19178,399863.869720459
19179,398007.4815444946
19180,398455.63583755493
19181,397964.3307762146
19182,398491.3457336426
19183,311800.59531211853
19184,398067.4945907593
19185,187362.39932250977
19186,111705.71298980713
19187,57041.41960525513
19188,398123.3934173584
19189,317730.4952163696
19190,143519.65327453613
19191,395789.8422088623
19192,397207.0299987793
19193,397081.0659484863
19194,185588.12084197998
19195,398807.8822212219
19196,398109.228515625
19197,398228.3897895813
19198,172683.2293586731
19199,221436.6886768341
19200,125561.70608901978
19201,86689.90464401245
19202,80430.55249595642
19203,399045.532749176
19204,112373.86839675903
19205,399045.545501709
19206,145440.22605514526
19207,397321.9778289795
19208,398115.3949813843
19209,398015.3656692505
19210,96354.3468132019
19211,164691.6859550476
19212,397953.0500450134
19213,396418.72148513794
19214,141782.24760055542
19215,105004.6770324707
19216,399287.2251968384
19217,398088.6762390137
19218,399428.45375823975
19219,397440.82399749756
19220,206658.30075454712
19221,398431.5495185852
19222,115789.69277954102
19223,397801.2408218384
19224,397371.032951355
19225,399020.1684913635
19226,395636.92026138306
19227,397263.55333328247
19228,398137.7763900757
19229,397594.1825866699
19230,324407.84926986694
19231,213844.01592445374
19232,398938.6603355408
19233,396906.3217430115
19234,398514.7193183899
19235,396006.0637245178
19236,396967.21965789795
19237,396486.01776885986
19238,398603.00495529175
19239,172061.71591377258
19240,99196.27353477478
19241,72473.06284713745
19242,131815.9762763977
19243,94332.72900390625
19244,286769.35612106323
19245,301416.420211792
19246,395888.0918121338
19247,119988.5512046814
19248,396849.8849220276
19249,397571.7096824646
19250,398283.37506484985
19251,396857.21644973755
19252,399318.36488723755
19253,398131.7746658325
19254,109819.30178833008
19255,112273.56380081177
19256,398254.073387146
19257,397015.3722496033
19258,395594.80710983276
19259,398773.62172317505
19260,142293.01056671143
19261,397084.0678062439
19262,397357.3438987732
19263,397552.9529724121
19264,265926.66049957275
19265,397264.8596687317
19266,157144.45176315308
19267,97697.86745071411
19268,397215.47550582886
19269,130650.97320365906
19270,398605.0711097717
19271,398633.3154411316
19272,396958.4353065491
19273,398074.15421676636
19274,395485.764087677
19275,398664.47971343994
19276,399383.95414733887
19277,194319.5477027893
19278,397814.4172401428
19279,398349.6298713684
19280,397518.25749206543
19281,398927.1765174866
19282,214611.34296035767
19283,293502.20891189575
19284,399161.9529762268
19285,399204.83320999146
19286,396497.70292663574
19287,164159.70444488525
19288,390683.23303985596
19289,106759.2783279419
19290,399686.811126709
19291,397797.6810493469
19292,384288.8199119568
19293,395595.94663238525
19294,385378.8723716736
19295,115865.60984039307
19296,137617.7940979004
19297,195462.83000946045
19298,117091.10018157959
19299,397824.69537734985
19300,397947.2705116272
19301,398210.3316307068
19302,69005.19434738159
19303,397842.4726295471
19304,398127.4111213684
19305,92312.4294128418
19306,398742.868183136
19307,90599.30826950073
19308,399357.7445907593
19309,397891.5912666321
19310,398266.20711517334
19311,398009.2022895813
19312,398949.58517074585
19313,398717.73278045654
19314,314464.6481742859
19315,399297.2807998657
19316,298441.80910491943
19317,396344.1808128357
19318,398824.82597732544
19319,82806.86747550964
19320,398421.9343109131
19321,397735.65188217163
19322,397731.56064224243
19323,94866.7638053894
19324,398978.0015029907
19325,398239.43059158325
19326,57854.52872657776
19327,112388.61520767212
19328,398302.72190856934
19329,398144.48487472534
19330,397179.4307785034
19331,111572.90564537048
19332,398186.60792541504
19333,397705.6850280762
19334,397119.4228401184
19335,397996.0039176941
19336,303773.9387550354
19337,331841.0533218384
19338,160393.27635002136
19339,150678.9479827881
19340,396782.61249542236
19341,301133.158870697
19342,397855.3479270935
19343,236888.47805786133
19344,71754.04724121094
19345,76705.49366760254
19346,397161.1315536499
19347,95841.86852645874
19348,398500.8398361206
19349,399225.03646469116
19350,399410.7019958496
19351,398484.75396728516
19352,397771.07751083374
19353,120085.92137908936
19354,108476.07024002075
19355,399615.31691741943
19356,398799.79697036743
19357,398484.10355758667
19358,396150.100982666
19359,397156.5393562317
19360,397790.0947494507
19361,399026.3503341675
19362,397600.55072402954
19363,398688.32317733765
19364,141609.12909507751
19365,397782.81827926636
19366,397617.75260925293
19367,397284.159072876
19368,399324.739402771
19369,99710.6975402832
19370,90264.75782203674
19371,74785.66376113892
19372,398334.88818740845
19373,399428.3998413086
19374,398458.70052719116
19375,398599.10875701904
19376,399960.91135787964
19377,104339.6376247406
19378,399028.63108444214
19379,398708.6089744568
19380,78872.10860061646
19381,399187.91832351685
19382,399898.08336639404
19383,399135.16480255127
19384,395536.2478065491
19385,398298.1101875305
19386,400224.8999977112
19387,399442.41426467896
19388,397975.04552459717
19389,399723.59826660156
19390,398921.4822921753
19391,398000.14029693604
19392,96384.85248565674
19393,397808.35974884033
19394,399162.08935928345
19395,396988.4325790405
19396,398760.8691368103
19397,398220.22817611694
19398,103974.54566574097
19399,399117.3930358887
19400,70791.80026817322
19401,95009.56185531616
19402,397585.86531066895
19403,399488.55141067505
19404,399518.2413482666
19405,398638.2117462158
19406,397874.6152648926
19407,396774.74460220337
19408,398800.2310333252
19409,399489.4275588989
19410,86168.25354385376
19411,396798.4055595398
19412,135393.77605438232
19413,398207.61670684814
19414,397545.6463851929
19415,397953.85914993286
19416,397002.18127059937
19417,197182.11211967468
19418,398288.82802963257
19419,372265.71882247925
19420,398142.19369888306
19421,398201.0312423706
19422,396343.02074050903
19423,136085.26726150513
19424,397468.2815055847
19425,78662.19596290588
19426,399350.00831985474
19427,90202.81348800659
19428,379204.04400634766
19429,397994.762714386
19430,127287.59694480896
19431,350080.7173194885
19432,124347.84237289429
19433,398586.66875457764
19434,398457.4176521301
19435,137637.66484832764
19436,316904.73514556885
19437,324231.106136322
19438,270567.23656082153
19439,397347.3302497864
19440,368166.63276290894
19441,85841.31350708008
19442,257756.33800888062
19443,161025.3588371277
19444,171135.23537254333
19445,395815.9104042053
19446,243775.273727417
19447,105311.80242919922
19448,398526.34450531006
19449,397999.89488220215
19450,130888.03866577148
19451,398233.8871574402
19452,399846.9461593628
19453,397548.161441803
19454,397663.17893981934
19455,82338.41315841675
19456,393828.0006637573
19457,398026.7357788086
19458,179575.51866149902
19459,111499.00554275513
19460,396463.4529533386
19461,127957.10165405273
19462,215056.5443458557
19463,103298.62957763672
19464,396733.029548645
19465,396656.4808540344
19466,140859.46376419067
19467,127317.91637039185
19468,395484.73751831055
19469,243174.61713027954
19470,396502.05322647095
19471,215702.07586860657
19472,196388.55851364136
19473,397265.5582771301
19474,397703.6990966797
19475,397458.6600151062
19476,129077.44920730591
19477,111176.06565761566
19478,397346.2586097717
19479,395226.4950180054
19480,395732.0140609741
19481,397161.6699180603
19482,251718.46704101562
19483,398014.29528045654
19484,399171.3716278076
19485,396228.3055534363
19486,396516.144947052
19487,61590.21739387512
19488,119405.82095718384
19489,394284.2243385315
19490,396528.5794868469
19491,123063.09077453613
19492,91591.54455947876
19493,96283.40330123901
19494,396697.91971588135
19495,91450.27308654785
19496,397181.90044784546
19497,375400.3373680115
19498,94883.72342300415
19499,366295.1092033386
19500,396490.3437385559
19501,398270.2753601074
19502,396893.3925628662
19503,90944.27562713623
19504,89266.97326660156
19505,397023.42543411255
19506,396247.6541786194
19507,397722.2803039551
19508,102287.94895362854
19509,398492.3295440674
19510,397868.61490249634
19511,107188.10704040527
19512,100471.93918991089
19513,397005.8871002197
19514,399170.05184936523
19515,361209.25704956055
19516,117766.8127746582
19517,134638.68273162842
19518,84523.29355621338
19519,397304.96043395996
19520,398455.6598472595
19521,99959.73526763916
19522,92624.07678604126
19523,383298.7347564697
19524,397649.8663444519
19525,397699.94871139526
19526,394523.12197494507
19527,397271.9204978943
19528,396920.96670150757
19529,397306.2554740906
19530,396519.8646812439
19531,398668.77462768555
19532,398953.37727737427
19533,78846.79804801941
19534,124790.20042419434
19535,398266.3647842407
19536,398525.8377609253
19537,399023.8817138672
19538,398775.6352844238
19539,93718.00420761108
19540,397939.837890625
19541,398843.28260421753
19542,399219.3628349304
19543,111273.86658096313
19544,113640.29979324341
19545,396898.14767837524
19546,123430.22889328003
19547,398017.77237701416
19548,398628.69120788574
19549,319297.2452735901
19550,215112.1829071045
19551,144639.72567749023
19552,395565.09742736816
19553,288266.3404312134
19554,398894.9611129761
19555,217244.03550338745
19556,319592.45795059204
19557,398462.38580322266
19558,397057.9628791809
19559,395033.79304885864
19560,397991.8166503906
19561,150894.8420639038
19562,397966.92959976196
19563,397248.4796028137
19564,398184.43201065063
19565,398689.379196167
19566,235894.00691604614
19567,176762.7035255432
19568,399537.49197769165
19569,394390.2979736328
19570,103217.30853652954
19571,397250.8860473633
19572,397524.8407897949
19573,398940.3219528198
19574,131033.81775665283
19575,398152.2995567322
19576,398434.81119537354
19577,254434.1677017212
19578,278710.06357192993
19579,398713.0875091553
19580,396205.82886505127
19581,271668.05852127075
19582,396383.20321273804
19583,399151.4899902344
19584,398328.32149505615
19585,242617.61038208008
19586,396894.87853622437
19587,102847.03873825073
19588,397900.6969604492
19589,91102.37189865112
19590,398314.0388946533
19591,397834.4253578186
19592,208077.6528892517
19593,397124.69008255005
19594,76810.61755752563
19595,399421.6625442505
19596,397822.85541534424
19597,202639.4895439148
19598,397573.79947280884
19599,399622.910697937
19600,397371.7542152405
19601,398676.1938896179
19602,399413.80333709717
19603,100224.22649002075
19604,399267.1877403259
19605,399252.24925994873
19606,71690.70419311523
19607,99363.30996704102
19608,109422.34600067139
19609,189871.2523574829
19610,398060.84128570557
19611,398076.9149360657
19612,139924.2047920227
19613,398595.0908546448
19614,396463.1175003052
19615,97852.26969528198
19616,102060.94254493713
19617,110826.09154510498
19618,398109.9210586548
19619,95809.63331604004
19620,91545.24222946167
19621,68518.33609199524
19622,83623.1737499237
19623,396590.91620254517
19624,203525.83458518982
19625,107262.48675346375
19626,394637.3426513672
19627,398204.2018432617
19628,100932.53580284119
19629,397259.2681312561
19630,399425.90801620483
19631,398687.5905265808
19632,398225.3818283081
19633,398096.0181007385
19634,396787.2067298889
19635,206771.73163223267
19636,398193.0169181824
19637,268358.817527771
19638,399231.08726501465
19639,398701.7378959656
19640,98091.72463607788
19641,397424.6340904236
19642,398521.1221084595
19643,397377.9189338684
19644,397448.1594581604
19645,397179.0473098755
19646,395077.12495803833
19647,397380.6320114136
19648,276978.15952301025
19649,398058.773021698
19650,398473.8082809448
19651,199685.21350860596
19652,109541.81237220764
19653,394149.51752471924
19654,396654.8578605652
19655,398544.8646888733
19656,128566.93919181824
19657,397504.6290588379
19658,398282.36862564087
19659,397631.6625671387
19660,89653.54918861389
19661,398026.61406326294
19662,398748.7872314453
19663,398474.99058914185
19664,398768.12131500244
19665,398541.3673553467
19666,399386.1947479248
19667,398148.9839172363
19668,396965.53746414185
19669,399527.38663482666
19670,399123.89360427856
19671,396932.7408065796
19672,398876.85863113403
19673,399733.033164978
19674,399263.5318260193
19675,398930.856967926
19676,398595.080493927
19677,115194.53925323486
19678,398353.0746421814
19679,107586.09692764282
19680,398458.5283317566
19681,397639.72661209106
19682,398784.90113067627
19683,397435.935585022
19684,88367.08860397339
19685,398518.97663116455
19686,398084.0651512146
19687,259587.68391418457
19688,397695.1185684204
19689,398658.3860244751
19690,398909.69931411743
19691,399469.0907821655
19692,398772.944732666
19693,104919.6395072937
19694,398521.40269470215
19695,399028.1841773987
19696,399306.0284194946
19697,397784.5602378845
19698,399054.08084487915
19699,398595.97175598145
19700,111235.03527832031
19701,399242.48137283325
19702,399126.92974853516
19703,399435.5876159668
19704,89060.48586273193
19705,399604.1396865845
19706,275254.6916847229
19707,81473.572057724
19708,399199.59505081177
19709,97023.36201477051
19710,399859.549911499
19711,398162.0792274475
19712,100519.38165283203
19713,398362.34270477295
19714,121982.1433429718
19715,397567.0065345764
19716,398660.0689125061
19717,87731.43487167358
19718,90926.9329032898
19719,123477.3768825531
19720,147599.02431488037
19721,81708.19751739502
19722,398688.3698616028
19723,112435.291431427
19724,400043.5806465149
19725,398783.1146583557
19726,399306.26876831055
19727,399308.76874542236
19728,399966.67931747437
19729,398881.2602844238
19730,397536.014213562
19731,398114.59843444824
19732,399144.0939025879
19733,399519.66874694824
19734,161730.67892074585
19735,397604.8102836609
19736,399148.0730018616
19737,398859.7092323303
19738,399026.85458755493
19739,398975.0595779419
19740,399104.8990058899
19741,399534.0848236084
19742,164673.09453964233
19743,399474.013923645
19744,398837.37353897095
19745,397357.67724609375
19746,398361.5880241394
19747,399447.7653846741
19748,399493.85498046875
19749,210051.5279159546
19750,397209.92906188965
19751,396779.9845504761
19752,397786.02054977417
19753,399776.5519294739
19754,398918.90826416016
19755,399667.9943008423
19756,249752.63368034363
19757,399400.08993911743
19758,400176.2827529907
19759,399101.842918396
19760,93074.94164276123
19761,398395.1953163147
19762,108903.65203857422
19763,399576.04179763794
19764,398720.78761291504
19765,99635.57753753662
19766,399089.68466567993
19767,398489.1280326843
19768,194532.6328277588
19769,400271.51248550415
19770,398548.4465751648
19771,398921.6707229614
19772,399526.60845184326
19773,78380.65274810791
19774,399764.01915359497
19775,345061.8382873535
19776,177768.0756149292
19777,376303.5408306122
19778,400138.8039665222
19779,397989.4483566284
19780,399104.96981811523
19781,399812.31966781616
19782,397705.1778717041
19783,399187.08472442627
19784,399034.0383529663
19785,398881.8294143677
19786,399307.0740432739
19787,399191.3900527954
19788,400053.08152389526
19789,400237.98710632324
19790,399279.2311286926
19791,395045.6506576538
19792,94583.42877197266
19793,399328.7060546875
19794,399751.6304626465
19795,398888.55180740356
19796,399494.53730773926
19797,167067.03004074097
19798,66364.71196746826
19799,399532.66509628296
19800,399776.50410079956
19801,398897.3094139099
19802,270037.38255882263
19803,397728.89308166504
19804,94832.99061203003
19805,87775.4298210144
19806,104688.27331924438
19807,98355.00602722168
19808,399088.24016189575
19809,221814.44286346436
19810,399140.79457855225
19811,398820.327960968
19812,397678.8985939026
19813,396552.17390441895
19814,397280.45540618896
19815,398790.64848327637
19816,382323.7422065735
19817,399252.2257194519
19818,398960.0661125183
19819,392710.18868255615
19820,399054.8301887512
19821,397970.3935394287
19822,399517.3442687988
19823,397407.905128479
19824,311256.1453971863
19825,91863.42477416992
19826,115193.27088546753
19827,397599.0907173157
19828,397559.43659210205
19829,398507.0660133362
19830,397545.52756500244
19831,398619.7338066101
19832,398875.7502746582
19833,399297.0882797241
19834,398663.30532455444
19835,397851.4932022095
19836,398137.77740097046
19837,373038.9345664978
19838,397932.43672943115
19839,397649.6267051697
19840,114419.5403137207
19841,399763.4646644592
19842,399129.1409187317
19843,239578.28630447388
19844,173997.1434059143
19845,400105.4996185303
19846,397929.0039176941
19847,399024.15085601807
19848,71102.66799545288
19849,399879.24462509155
19850,399161.9211769104
19851,398830.9570007324
19852,205608.67148208618
19853,257763.73922157288
19854,371265.45447158813
19855,78300.62271499634
19856,104670.15202331543
19857,399137.7376213074
19858,398597.3368988037
19859,398923.39181900024
19860,398646.53439712524
19861,397743.8965873718
19862,132228.8981666565
19863,400220.64569473267
19864,391412.97022628784
19865,399716.22971343994
19866,399159.9387435913
19867,395818.26197052
19868,167423.47485351562
19869,399444.1996421814
19870,140485.45735549927
19871,398765.9708023071
19872,118277.18536949158
19873,117562.07006263733
19874,91983.20345306396
19875,398071.74243927
19876,398604.257232666
19877,398923.6800689697
19878,398008.0398864746
19879,115066.83254241943
19880,148248.46756362915
19881,102393.46064376831
19882,398649.472530365
19883,398448.08910369873
19884,397640.7291946411
19885,69563.36139678955
19886,105082.41847610474
19887,166293.63822174072
19888,399400.58669281006
19889,398281.62645721436
19890,79269.75313186646
19891,400093.7039527893
19892,400015.0305557251
19893,399530.86418533325
19894,399774.0461578369
19895,398370.54232406616
19896,398295.11291503906
19897,399896.3468284607
19898,399292.159614563
19899,397595.8949394226
19900,87033.92514801025
19901,397970.9641304016
19902,398082.46086120605
19903,343666.46129608154
19904,400072.04318237305
19905,400035.54972457886
19906,399693.95725250244
19907,250592.10304641724
19908,398504.75855636597
19909,399561.021068573
19910,358794.2415122986
19911,399159.60164642334
19912,398724.2960700989
19913,399351.01692962646
19914,399023.23025512695
19915,399807.9773712158
19916,398656.88970947266
19917,399518.82511520386
19918,398511.59788513184
19919,399438.9320297241
19920,399166.84856796265
19921,399229.27378845215
19922,218232.43007659912
19923,121412.51029586792
19924,95602.58427619934
19925,398206.54876327515
19926,398915.1224899292
19927,398528.8587913513
19928,318296.97064971924
19929,387921.17763900757
19930,399026.5572319031
19931,400518.55752563477
19932,399151.0284347534
19933,400106.59032821655
19934,396426.4158821106
19935,398687.33448028564
19936,398881.83195114136
19937,82985.78742980957
19938,80889.10033035278
19939,188194.6827430725
19940,399142.85873413086
19941,400218.2620162964
19942,399473.1686439514
19943,398233.0739021301
19944,399602.73416137695
19945,399056.8854675293
19946,400315.9385910034
19947,270923.1627044678
19948,398824.2528915405
19949,398461.7998275757
19950,396794.380897522
19951,399011.5402183533
19952,74281.84661865234
19953,397189.17027664185
19954,397008.55765914917
19955,66948.27802848816
19956,400110.309425354
19957,400358.33977508545
19958,398294.76265335083
19959,400334.6662940979
19960,400426.6166534424
19961,400519.781414032
19962,400260.50410079956
19963,399388.3126487732
19964,397973.66707611084
19965,180470.23051834106
19966,399740.56901168823
19967,69880.800075531
19968,400062.9302520752
19969,399962.0240058899
19970,399945.4578819275
19971,400452.2388496399
19972,400281.52462005615
19973,400299.75230026245
19974,399838.2104072571
19975,236542.16235733032
19976,399427.2812423706
19977,399040.72986221313
19978,399258.3606147766
19979,395130.0001525879
19980,395754.2219238281
19981,396916.225479126
19982,398516.09982681274
19983,400212.789478302
19984,101623.45552444458
19985,400285.89657211304
19986,86269.56594085693
19987,398630.27978897095
19988,109462.68343734741
19989,398177.3364830017
19990,377416.6525001526
19991,232276.1386642456
19992,398983.9058494568
19993,399487.9618988037
19994,398435.1822280884
19995,399340.9267272949
19996,397671.97257232666
19997,338446.0196495056
19998,399151.17779541016
19999,77558.94795799255
20000,398773.1223182678
20001,399803.393825531
20002,79339.52195739746
20003,399746.4386253357
20004,131876.71578979492
20005,396568.74614715576
20006,97577.28369140625
20007,398227.0207977295
20008,400035.13191986084
20009,400042.9733161926
20010,98236.90591430664
20011,304311.18684768677
20012,395841.79191970825
20013,399733.0796585083
20014,399554.3106918335
20015,68826.2681427002
20016,399431.55153274536
20017,398388.1553001404
20018,399351.17657089233
20019,398764.3990058899
20020,398468.1661567688
20021,399829.1385421753
20022,399418.9369392395
20023,398359.7738952637
20024,399569.0575141907
20025,395104.5849685669
20026,91661.65766906738
20027,398668.1994781494
20028,106516.21182632446
20029,364870.4381980896
20030,396600.5432777405
20031,107557.41163635254
20032,400232.3660545349
20033,72488.51177215576
20034,399528.32539367676
20035,399721.6719894409
20036,399828.74489974976
20037,399360.3323364258
20038,93924.81845474243
20039,395903.0637321472
20040,397117.36753463745
20041,398143.6007652283
20042,399889.4958305359
20043,399835.8102684021
20044,399714.74727630615
20045,395813.5674934387
20046,399680.4609146118
20047,399755.805519104
20048,398844.17234420776
20049,399303.3784828186
20050,399086.3467826843
20051,399853.56242370605
20052,399835.5893859863
20053,399737.0956916809
20054,400053.20192337036
20055,395983.0319709778
20056,398804.8862991333
20057,398323.6699295044
20058,399639.3903808594
20059,399167.5057258606
20060,149670.41520309448
20061,395930.8391418457
20062,186111.20036697388
20063,223938.56143569946
20064,398746.27421188354
20065,399042.80334472656
20066,398780.86291503906
20067,399322.8816986084
20068,399160.4775238037
20069,77092.52926254272
20070,400188.8688278198
20071,397308.15647888184
20072,396422.53760147095
20073,398310.901927948
20074,398811.65436935425
20075,116644.83343887329
20076,398615.465839386
20077,399273.45861434937
20078,397398.0411720276
20079,399437.78436279297
20080,397959.576335907
20081,399273.2161064148
20082,399020.0774040222
20083,399116.9140663147
20084,398560.56300735474
20085,399911.50507736206
20086,399740.5180015564
20087,398637.1711769104
20088,398951.2406654358
20089,398950.5478553772
20090,75429.87428665161
20091,399281.1595916748
20092,398248.9142341614
20093,66739.49066925049
20094,399856.42317199707
20095,399449.06730270386
20096,399188.4091682434
20097,398473.5762786865
20098,398114.62239837646
20099,398711.40201187134
20100,398306.20554733276
20101,398570.44285583496
20102,341929.95584487915
20103,139386.5457057953
20104,399210.1665763855
20105,399475.82875061035
20106,396850.7196044922
20107,398817.01665878296
20108,399032.2936820984
20109,399750.15381240845
20110,398308.2822151184
20111,356211.05003738403
20112,399800.01249694824
20113,397486.64881134033
20114,399522.50888061523
20115,398178.8434715271
20116,354380.60079193115
20117,399668.71418762207
20118,126715.47158432007
20119,72122.8725528717
20120,398959.223361969
20121,302714.1978378296
20122,397991.6128692627
20123,399045.4233703613
20124,397956.65730285645
20125,396792.4289550781
20126,399721.5032310486
20127,52212.46657371521
20128,202356.2673549652
20129,398682.1854400635
20130,96314.61642456055
20131,113036.42580413818
20132,397727.41525650024
20133,400058.07706832886
20134,127367.09758377075
20135,398546.1413497925
20136,398116.32678604126
20137,398638.7441177368
20138,400468.81032180786
20139,397877.1965484619
20140,400608.7727622986
20141,397399.1765174866
20142,397704.23971939087
20143,398124.7947463989
20144,398914.3081474304
20145,351427.1650428772
20146,397585.8089828491
20147,397788.5887680054
20148,398527.6701660156
20149,119916.88670349121
20150,400564.6357116699
20151,399817.9217605591
20152,119506.14503097534
20153,400344.6117248535
20154,398453.9007072449
20155,398066.72146606445
20156,400098.5645866394
20157,399777.23653793335
20158,263023.82109069824
20159,398794.52727508545
20160,176830.20647621155
20161,113009.28470611572
20162,218501.19890213013
20163,303215.8827095032
20164,398802.6293029785
20165,399843.4686050415
20166,73379.17488479614
20167,397965.6474342346
20168,398726.8016281128
20169,399721.8905029297
20170,397301.6940422058
20171,116860.39496994019
20172,400610.21689224243
20173,126221.29845046997
20174,394133.09593963623
20175,395794.33265686035
20176,399189.4761657715
20177,73311.73091125488
20178,398482.76779556274
20179,400285.26537323
20180,399812.5335006714
20181,398706.79708099365
20182,399772.4259262085
20183,139257.2873210907
20184,399270.03104019165
20185,84642.51422309875
20186,394816.7321510315
20187,398933.4592971802
20188,399219.5505409241
20189,394959.92889785767
20190,398542.5324783325
20191,398519.02585220337
20192,398959.0521697998
20193,398596.7705078125
20194,397797.4036102295
20195,398148.4608306885
20196,127808.72438049316
20197,398914.3720779419
20198,399431.7529029846
20199,101030.03442382812
20200,265923.70178222656
20201,399169.1018676758
20202,399092.10149765015
20203,397380.6667251587
20204,397779.5901184082
20205,396829.05546188354
20206,398980.93394088745
20207,399273.5280342102
20208,396268.5017967224
20209,397566.58726882935
20210,398486.56161499023
20211,398137.0407104492
20212,397916.51978302
20213,398518.31816864014
20214,360432.98513412476
20215,398436.17194366455
20216,398954.5670013428
20217,399403.22163391113
20218,397970.5333175659
20219,398066.6296234131
20220,377997.47367477417
20221,397824.7847442627
20222,108170.66729736328
20223,345438.1174468994
20224,396676.85707855225
20225,198403.48725509644
20226,398706.8917617798
20227,79530.57651519775
20228,399868.09812164307
20229,244265.79232406616
20230,399965.4398841858
20231,398551.6654281616
20232,295852.13119125366
20233,229498.78051757812
20234,398118.87995529175
20235,399145.8506240845
20236,398083.59509658813
20237,397778.73037719727
20238,398897.6583251953
20239,397669.4543914795
20240,103503.35875701904
20241,399154.25330352783
20242,398926.9182434082
20243,170272.03058242798
20244,398657.09589004517
20245,398996.8719711304
20246,398819.4937324524
20247,399987.1490097046
20248,399763.62060165405
20249,333991.624130249
20250,398725.49697875977
20251,399752.31798934937
20252,395567.83137893677
20253,399157.5012779236
20254,131223.1635608673
20255,120883.05782699585
20256,238144.9688949585
20257,396764.4653816223
20258,397532.16831970215
20259,399103.8826904297
20260,306026.3371219635
20261,399773.48041152954
20262,398761.8254508972
20263,109225.4229259491
20264,398488.2438774109
20265,399904.8243598938
20266,113044.63822937012
20267,397605.2493247986
20268,181964.81901931763
20269,79978.41145706177
20270,143355.27633666992
20271,159129.40146255493
20272,97976.08721160889
20273,400885.61196517944
20274,398685.5916938782
20275,399027.6499786377
20276,124043.52228164673
20277,130145.0899887085
20278,399772.7999191284
20279,400027.97481155396
20280,353525.3720436096
20281,90307.20943450928
20282,398296.6749649048
20283,151867.0637588501
20284,183581.0855255127
20285,318288.7102127075
20286,228507.64464950562
20287,399492.9091720581
20288,203996.34034729004
20289,398259.1182632446
20290,399602.0184402466
20291,397315.4559555054
20292,398815.3555755615
20293,399048.4358634949
20294,399800.13639068604
20295,111967.73151397705
20296,398743.8100013733
20297,299302.3561325073
20298,391124.2921066284
20299,399470.86251449585
20300,398003.4592895508
20301,399176.6136856079
20302,264253.8378562927
20303,398830.94525146484
20304,398711.4257583618
20305,398738.0008773804
20306,398011.1490325928
20307,348293.15652275085
20308,396556.6729812622
20309,397374.3794593811
20310,395924.6113624573
20311,399451.49925994873
20312,104424.87982559204
20313,398319.88790893555
20314,399120.82317733765
20315,190314.19108581543
20316,398931.0025138855
20317,253374.8205833435
20318,251304.84586334229
20319,399154.6625137329
20320,380839.38443374634
20321,398591.1713447571
20322,397708.52490615845
20323,398659.5273551941
20324,398639.61095046997
20325,137688.86168289185
20326,398498.4838142395
20327,261793.85405921936
20328,399256.57568359375
20329,398895.13205337524
20330,397584.98809432983
20331,396810.70611953735
20332,397299.75565719604
20333,398998.6666984558
20334,397928.59928894043
20335,396316.4864807129
20336,396930.5658683777
20337,396665.42582321167
20338,397003.6743621826
20339,398186.74309539795
20340,85456.82790756226
20341,397201.6107940674
20342,397949.48665237427
20343,395675.4252433777
20344,396711.01068878174
20345,115189.71755981445
20346,396836.34369659424
20347,397433.83641433716
20348,398334.79818344116
20349,61100.26704406738
20350,66567.42631530762
20351,94537.5447769165
20352,113010.69509887695
20353,93155.80962753296
20354,397333.30780410767
20355,129477.26266860962
20356,113272.90687561035
20357,100964.02184867859
20358,87977.02047729492
20359,218079.78774261475
20360,395469.4202194214
20361,398906.8125152588
20362,251469.48684310913
20363,399191.88748168945
20364,94351.24718856812
20365,398870.5244255066
20366,398754.7183647156
20367,322274.99447250366
20368,398235.788192749
20369,398180.6710662842
20370,396452.9281463623
20371,398226.0345916748
20372,398592.16383743286
20373,245728.04071044922
20374,397565.22256469727
20375,105374.31295013428
20376,397564.45739746094
20377,305621.54834747314
20378,399985.3521270752
20379,122783.39065933228
20380,396410.4097480774
20381,399347.7578430176
20382,139429.90515518188
20383,113406.73872756958
20384,399136.1684112549
20385,97963.60490608215
20386,219434.44036865234
20387,398995.91271209717
20388,84386.32159423828
20389,398266.61360168457
20390,397895.84535217285
20391,398415.7625694275
20392,396415.7596549988
20393,396389.19707489014
20394,398463.7586593628
20395,398669.44596862793
20396,398454.12731170654
20397,398243.80251693726
20398,397907.8328971863
20399,396644.90713882446
20400,71978.89718437195
20401,398409.3942756653
20402,399583.18740463257
20403,397829.17805862427
20404,398947.95766830444
20405,400233.3010482788
20406,398158.80840682983
20407,397488.3846588135
20408,396138.79777526855
20409,398331.4402542114
20410,398108.8528327942
20411,398970.20014190674
20412,398719.4592399597
20413,399273.4708709717
20414,397330.3105125427
20415,397861.75495147705
20416,156391.7024459839
20417,399295.9833679199
20418,62953.908699035645
20419,397213.9817237854
20420,397949.9346008301
20421,97671.00438308716
20422,398926.5106124878
20423,84990.17587852478
20424,229828.32489013672
20425,397540.6049003601
20426,398537.7827644348
20427,398446.04221725464
20428,149592.78397369385
20429,397515.50104141235
20430,397516.67682647705
20431,110314.95726394653
20432,399487.16859436035
20433,399094.84354782104
20434,398967.05934906006
20435,396792.45572662354
20436,399156.5410041809
20437,399379.8100090027
20438,56366.059980392456
20439,145850.28297805786
20440,399173.12969207764
20441,398139.52687835693
20442,398134.5601501465
20443,88902.69986534119
20444,397725.12131118774
20445,399220.9482460022
20446,79897.8496131897
20447,399668.7463684082
20448,399287.859336853
20449,398388.6564254761
20450,80358.67575454712
20451,399887.4044494629
20452,400452.3223762512
20453,399292.79151916504
20454,399537.7358818054
20455,398435.78468704224
20456,398764.6392555237
20457,102600.98760223389
20458,398553.8108596802
20459,398847.4132080078
20460,399120.7651062012
20461,398106.78887557983
20462,397731.77601623535
20463,398572.0951576233
20464,398937.64000701904
20465,397626.63959503174
20466,399344.36531829834
20467,399084.7599372864
20468,399702.5471534729
20469,399713.22802734375
20470,397297.6272621155
20471,93048.98990249634
20472,95717.37886047363
20473,169186.5986213684
20474,398920.4786643982
20475,396198.73526763916
20476,398835.9968185425
20477,398859.94969177246
20478,399781.1574707031
20479,398364.96086883545
20480,88102.28883361816
20481,398029.9005355835
20482,397703.0735092163
20483,395998.1198310852
20484,397453.17712402344
20485,399288.6781921387
20486,141594.85540390015
20487,397763.5915184021
20488,399469.68729019165
20489,400184.57024383545
20490,396873.12645721436
20491,79250.25435256958
20492,399191.0284309387
20493,398593.01932144165
20494,397942.509929657
20495,133932.8852005005
20496,397082.5148277283
20497,398354.1027069092
20498,152205.9857673645
20499,341012.54192733765
20500,398588.12702178955
20501,134924.6332168579
20502,286943.6854763031
20503,397201.13901519775
20504,104149.27678489685
20505,110627.53895187378
20506,397208.3840827942
20507,398896.7304801941
20508,398260.5961341858
20509,397850.3249473572
20510,381629.23765563965
20511,108706.25931549072
20512,293202.5626220703
20513,398521.3217124939
20514,399471.5190963745
20515,398937.4013519287
20516,397197.106842041
20517,264980.6475791931
20518,398028.59184265137
20519,397379.3726425171
20520,397520.7857170105
20521,397948.5811767578
20522,399359.382396698
20523,184764.32292556763
20524,76186.70038032532
20525,397702.5538711548
20526,396918.3747253418
20527,398797.0103607178
20528,399487.71465301514
20529,397305.407207489
20530,398345.0821800232
20531,397775.4460334778
20532,399386.62728881836
20533,399066.2282142639
20534,399888.7228012085
20535,398621.683555603
20536,398778.3964538574
20537,389269.7659034729
20538,178785.784034729
20539,374501.8306159973
20540,398455.40156555176
20541,102107.02598190308
20542,397493.7146873474
20543,398078.9512748718
20544,399180.84439086914
20545,399068.8446235657
20546,398299.6126213074
20547,398264.91498565674
20548,274205.8941116333
20549,398003.9121208191
20550,83099.1740322113
20551,399184.0171813965
20552,335778.48948287964
20553,399031.0863494873
20554,327631.7588195801
20555,398764.4261779785
20556,396165.38593673706
20557,399157.7498550415
20558,399302.5752944946
20559,388255.679561615
20560,399088.4955024719
20561,397798.9003715515
20562,399090.9236907959
20563,398433.2832374573
20564,397888.46321105957
20565,398799.03004837036
20566,398246.2678527832
20567,373869.4397506714
20568,397565.87132644653
20569,301569.59254837036
20570,389653.73320007324
20571,265224.40285491943
20572,131528.4908027649
20573,399141.76013565063
20574,399402.3625679016
20575,398407.07040023804
20576,399247.2928352356
20577,397899.4903793335
20578,396859.3022842407
20579,398477.92724227905
20580,398309.49418258667
20581,398310.80809783936
20582,86979.1049041748
20583,397860.432346344
20584,126656.14963531494
20585,398533.0288887024
20586,398836.12826538086
20587,398939.8776779175
20588,95601.31540298462
20589,194784.76376342773
20590,398584.99711990356
20591,107685.92434501648
20592,126920.33156013489
20593,397657.8640975952
20594,258321.35707092285
20595,396327.77266311646
20596,398108.4694786072
20597,397628.89361953735
20598,397578.82261657715
20599,395665.70959854126
20600,398369.66775512695
20601,397574.6004486084
20602,396522.4365234375
20603,397522.8577308655
20604,104557.3783454895
20605,399133.76791381836
20606,397417.3794441223
20607,398430.1696357727
20608,266751.4010696411
20609,399511.6828689575
20610,399206.79263305664
20611,397866.42974853516
20612,398348.9347457886
20613,398477.5663719177
20614,398168.2695007324
20615,399181.7530326843
20616,398079.2074394226
20617,399211.2339172363
20618,398731.0558052063
20619,396541.8224411011
20620,210580.8416519165
20621,398879.88904953003
20622,398935.5693321228
20623,398915.6453933716
20624,398021.0269165039
20625,397315.03538131714
20626,396774.36180877686
20627,394580.40506362915
20628,397744.26469421387
20629,398497.3592033386
20630,397905.98888397217
20631,396934.2121543884
20632,397801.5149116516
20633,398791.1542739868
20634,396146.30013275146
20635,313883.64106178284
20636,397939.3267631531
20637,396431.389957428
20638,396688.04179382324
20639,397069.9942474365
20640,397878.57875061035
20641,109408.01401901245
20642,396498.38526153564
20643,380274.920375824
20644,398661.8461036682
20645,303876.68156433105
20646,398002.43966674805
20647,398482.5713882446
20648,398778.77347946167
20649,396361.78227615356
20650,85974.34096717834
20651,398766.69860458374
20652,398609.1873855591
20653,398944.8264274597
20654,397117.1348686218
20655,398100.9192276001
20656,104688.87664413452
20657,398068.1312866211
20658,399348.13344573975
20659,397647.22984313965
20660,398856.3200531006
20661,299050.63850593567
20662,399333.44511413574
20663,399458.3600463867
20664,397175.07874298096
20665,372176.51683425903
20666,283285.5143470764
20667,169030.19087219238
20668,398085.33853912354
20669,397865.92277908325
20670,399436.54051589966
20671,398479.0238456726
20672,396767.3953971863
20673,398378.7660484314
20674,395809.6824531555
20675,400329.0682525635
20676,285605.5115776062
20677,400217.73432540894
20678,121534.50951576233
20679,398822.29208755493
20680,400432.2455368042
20681,99429.78232765198
20682,398243.24925231934
20683,400254.3474159241
20684,400302.1129722595
20685,398793.69160842896
20686,398343.6386375427
20687,398767.92612075806
20688,398498.793006897
20689,400499.3225708008
20690,399105.5973892212
20691,219867.7435722351
20692,106459.47033882141
20693,192484.2882270813
20694,399465.505859375
20695,94316.40293884277
20696,399451.11025619507
20697,395149.4210662842
20698,400074.85765838623
20699,132254.26875305176
20700,373193.1254272461
20701,399460.49058151245
20702,399254.2209892273
20703,312115.8186893463
20704,401103.87802505493
20705,242734.11240768433
20706,127314.16305160522
20707,95298.45306396484
20708,399256.03636169434
20709,399172.3671684265
20710,399934.6353225708
20711,399648.47594833374
20712,105130.68023300171
20713,399713.9277572632
20714,398925.31747436523
20715,325945.1008644104
20716,398631.30141067505
20717,355028.942943573
20718,400114.544467926
20719,177361.13319015503
20720,399480.91077804565
20721,399497.234249115
20722,399042.2974433899
20723,399576.84772872925
20724,241437.44151306152
20725,176895.15703201294
20726,205343.41208076477
20727,399116.81243133545
20728,178353.18261909485
20729,398886.72828292847
20730,398527.34090805054
20731,399358.0732460022
20732,398477.5260734558
20733,399240.8691329956
20734,109192.00699806213
20735,399230.66523742676
20736,399876.8741836548
20737,245227.0579071045
20738,126174.93951416016
20739,192368.39081192017
20740,399839.16735076904
20741,400121.3084373474
20742,87253.19021606445
20743,400024.0641784668
20744,399357.26693725586
20745,400106.693649292
20746,399949.6422653198
20747,399192.00939559937
20748,400297.6100463867
20749,400250.1466522217
20750,96824.34061050415
20751,400170.670501709
20752,281284.91497802734
20753,400075.8001060486
20754,398449.8612098694
20755,79290.32609176636
20756,400049.3885002136
20757,125247.3599281311
20758,398566.30701446533
20759,399046.1111755371
20760,399420.27716064453
20761,299838.3652610779
20762,164998.52895355225
20763,399365.8312950134
20764,399116.0361175537
20765,282956.20531463623
20766,397419.2699737549
20767,398164.43242645264
20768,399131.87257385254
20769,399122.55333709717
20770,104714.25612258911
20771,399864.22467422485
20772,398348.79205703735
20773,398666.98376464844
20774,398377.56645584106
20775,89744.6622428894
20776,396932.06719970703
20777,94171.53114318848
20778,398415.22174453735
20779,396407.7454071045
20780,398609.8339805603
20781,398745.9196052551
20782,99051.92012405396
20783,127809.7208328247
20784,138954.34398078918
20785,343056.2002220154
20786,398959.2043762207
20787,110826.98426818848
20788,398697.2046318054
20789,398295.8175239563
20790,328683.8081893921
20791,130512.67252731323
20792,131261.51858520508
20793,128443.04933929443
20794,398058.7427406311
20795,398041.12187576294
20796,398642.01041793823
20797,155022.99173355103
20798,335151.3204116821
20799,396686.25942230225
20800,72121.08396911621
20801,246249.18688964844
20802,400031.65633392334
20803,398893.4329185486
20804,397249.9065513611
20805,214728.37312698364
20806,398334.1103286743
20807,105959.35816955566
20808,249186.7569732666
20809,119041.18324279785
20810,399476.26541900635
20811,168494.47919082642
20812,113278.15797042847
20813,397691.31702423096
20814,272762.50132369995
20815,66221.20237350464
20816,396942.1456184387
20817,265838.67007637024
20818,397028.5888671875
20819,398461.56799697876
20820,382752.910282135
20821,398418.8989715576
20822,112453.7525138855
20823,247710.24640274048
20824,399581.4611053467
20825,399266.9700012207
20826,272018.02088165283
20827,397703.82482528687
20828,113211.03539276123
20829,398693.6162414551
20830,396884.34995651245
20831,109961.46482849121
20832,397126.6396217346
20833,398867.7384300232
20834,399196.25659942627
20835,90577.55812454224
20836,396624.6968727112
20837,400217.98919677734
20838,79367.13900947571
20839,398357.0498123169
20840,395374.49296951294
20841,398980.8916320801
20842,397088.5384788513
20843,398512.1758918762
20844,398253.05249786377
20845,399281.56240844727
20846,398218.11795043945
20847,108182.58690071106
20848,399097.3947105408
20849,341441.4501876831
20850,398768.00062561035
20851,397503.21071624756
20852,398491.2255516052
20853,176075.7200012207
20854,398550.64949417114
20855,397410.3564414978
20856,76247.8237991333
20857,155784.49858093262
20858,397981.80488204956
20859,399293.5530204773
20860,397996.1544113159
20861,114390.54320526123
20862,98120.81621170044
20863,107690.00159263611
20864,399066.3351364136
20865,398440.3432159424
20866,397019.6106452942
20867,230448.2522354126
20868,398626.75218582153
20869,288924.7221736908
20870,399956.166847229
20871,342522.3868217468
20872,212917.14382743835
20873,397684.25356674194
20874,127050.20771026611
20875,399018.41077041626
20876,399160.1552619934
20877,86195.26517868042
20878,398921.6075820923
20879,149539.97455596924
20880,398091.11600875854
20881,94927.93145370483
20882,333510.2970123291
20883,119670.22227859497
20884,104284.2221031189
20885,311271.87760162354
20886,397349.0874862671
20887,103105.79572677612
20888,398206.8679046631
20889,396667.5757484436
20890,73461.07315444946
20891,90095.57348632812
20892,106241.04772949219
20893,90945.18928909302
20894,91516.40755844116
20895,179585.65587997437
20896,71505.83275222778
20897,95814.76309204102
20898,395202.4570045471
20899,326713.4408302307
20900,122288.85521316528
20901,92252.7554359436
20902,254661.60861206055
20903,399016.6230316162
20904,248068.56413269043
20905,398142.8574371338
20906,103632.88307952881
20907,349344.6682281494
20908,115519.65837860107
20909,122844.34023666382
20910,257592.2624835968
20911,72402.99766731262
20912,399814.48765182495
20913,400410.6224937439
20914,86138.71160507202
20915,136904.62537765503
20916,135291.1555328369
20917,398875.075302124
20918,398418.3316116333
20919,200773.2392578125
20920,166594.5500087738
20921,176164.4605064392
20922,398166.1606750488
20923,73106.59987640381
20924,398973.21743392944
20925,397349.4007911682
20926,394516.53534317017
20927,396539.91651916504
20928,111754.067943573
20929,398433.3278541565
20930,111455.10316467285
20931,397499.75929260254
20932,398147.2362174988
20933,398323.79441452026
20934,270813.0156440735
20935,114664.88166427612
20936,398744.27224731445
20937,125247.98026657104
20938,265083.6601371765
20939,398378.33070755005
20940,397565.0383377075
20941,223794.38628578186
20942,397992.1263656616
20943,399120.21240615845
20944,140003.88785552979
20945,228675.19031906128
20946,224063.09567260742
20947,112876.93957328796
20948,380160.657787323
20949,156848.7972793579
20950,398748.7283821106
20951,136449.55585098267
20952,399064.60736846924
20953,83518.0449180603
20954,230230.05953979492
20955,144111.18043518066
20956,289494.868686676
20957,399145.04370880127
20958,281865.6361541748
20959,134450.68411254883
20960,399139.1460266113
20961,241876.9010734558
20962,250435.52652740479
20963,397239.3034591675
20964,109259.40305137634
20965,398620.28565979004
20966,95125.28674316406
20967,101853.467502594
20968,377554.7110557556
20969,383765.3544883728
20970,140062.8000946045
20971,132625.95220184326
20972,156118.78610229492
20973,175131.06745529175
20974,397693.1545677185
20975,112156.13695907593
20976,398423.9076347351
20977,116080.57328033447
20978,108711.75453567505
20979,394077.213596344
20980,203506.8523235321
20981,107289.48614120483
20982,115745.33469390869
20983,399037.9119338989
20984,143954.3812828064
20985,92584.44573783875
20986,151523.48097610474
20987,398442.1712837219
20988,396385.74404525757
20989,109868.3535194397
20990,399336.08531570435
20991,373483.5291786194
20992,398954.74490737915
20993,398397.43977355957
20994,398714.5109024048
20995,397722.18112945557
20996,399362.56439208984
20997,213500.65041732788
20998,397922.71409225464
20999,243996.19396972656
21000,398260.35807418823
21001,122953.98148727417
21002,85120.57260513306
21003,398924.1177330017
21004,397992.8389968872
21005,397375.5983200073
21006,106894.75889015198
21007,244350.1451072693
21008,114148.96287727356
21009,398289.0128669739
21010,398217.8947029114
21011,398302.3536720276
21012,397706.5571746826
21013,397679.91024780273
21014,396629.8691177368
21015,69715.31959533691
21016,397861.7087059021
21017,395842.17976379395
21018,250296.4557609558
21019,115603.36726760864
21020,397632.6805534363
21021,388343.310295105
21022,145679.56091690063
21023,232102.9221534729
21024,224926.0884399414
21025,303609.7763519287
21026,121229.35669708252
21027,268671.92434310913
21028,398546.3483543396
21029,398836.4707260132
21030,398382.8875770569
21031,398521.4388771057
21032,66556.93288040161
21033,92024.62901496887
21034,137052.0578994751
21035,398649.1626548767
21036,161780.69136428833
21037,399961.3912162781
21038,400081.80365371704
21039,398736.88525009155
21040,399388.6963233948
21041,398642.8004989624
21042,119816.17481994629
21043,109196.20471954346
21044,398804.81143188477
21045,112094.61540603638
21046,399371.3226890564
21047,398456.32247924805
21048,101368.15182876587
21049,230366.7112236023
21050,97941.64705276489
21051,120171.9787864685
21052,396442.8649749756
21053,295833.8866844177
21054,398525.82164001465
21055,397871.4769706726
21056,397743.1832885742
21057,132552.61766052246
21058,397382.0790901184
21059,398211.977935791
21060,398082.9917945862
21061,397075.6523742676
21062,120324.78792762756
21063,96448.53775405884
21064,93572.72406768799
21065,398788.3750190735
21066,398125.9309577942
21067,398144.0408782959
21068,268806.5359172821
21069,240720.78116226196
21070,191256.81701660156
21071,397726.2742538452
21072,397406.17765808105
21073,397571.4044418335
21074,158579.2746810913
21075,397090.3719367981
21076,397818.7216911316
21077,396102.8619880676
21078,327401.14350128174
21079,71740.79002761841
21080,397560.59784698486
21081,398363.24769210815
21082,399491.8412590027
21083,90104.29246520996
21084,399123.5012931824
21085,112291.27526283264
21086,399509.06884002686
21087,209033.54789543152
21088,398703.88899612427
21089,133173.17475509644
21090,399086.3426475525
21091,398942.5814437866
21092,348375.9166984558
21093,105648.62782669067
21094,399185.15285110474
21095,399244.08490371704
21096,399211.75690460205
21097,398846.1080055237
21098,398909.5973510742
21099,88475.53380584717
21100,313421.91553115845
21101,399509.7023162842
21102,399739.73568344116
21103,398206.97175979614
21104,399109.0114746094
21105,399707.7205924988
21106,398656.49573516846
21107,300345.78060150146
21108,397788.4175834656
21109,72534.51936340332
21110,397778.9504928589
21111,89658.2891921997
21112,398724.81227874756
21113,398275.2739753723
21114,398506.3321304321
21115,398729.705745697
21116,397553.4461174011
21117,180452.46681976318
21118,398346.788105011
21119,341535.10021591187
21120,398808.7300491333
21121,249225.860786438
21122,399383.2163772583
21123,136808.65992736816
21124,167549.3322982788
21125,169887.77878952026
21126,398263.6254196167
21127,101324.14992141724
21128,84954.35151672363
21129,398694.7801094055
21130,399493.1075630188
21131,397909.6661834717
21132,398866.79554748535
21133,147382.9306602478
21134,110366.00554275513
21135,399633.06272888184
21136,399105.57469177246
21137,399143.86510849
21138,398567.5703430176
21139,397895.8855934143
21140,399401.9674949646
21141,150263.5246810913
21142,93693.40432929993
21143,398004.17683792114
21144,118295.6177368164
21145,91424.83433914185
21146,191942.33786010742
21147,386344.1056022644
21148,399621.0542831421
21149,398942.7870826721
21150,399014.97274017334
21151,79290.22212028503
21152,399386.04108047485
21153,397938.78580474854
21154,399348.3695869446
21155,100886.28769683838
21156,399222.3363685608
21157,398901.27657699585
21158,399087.041305542
21159,82315.06419944763
21160,400062.7321662903
21161,399221.12253952026
21162,103624.2184638977
21163,400430.62033843994
21164,399638.7967300415
21165,135769.70475959778
21166,397859.5411872864
21167,399369.2572364807
21168,114049.98327064514
21169,396290.26822280884
21170,399594.9236755371
21171,399289.3504142761
21172,398647.72916030884
21173,390558.17252731323
21174,398931.29526901245
21175,398656.5641746521
21176,398405.0886154175
21177,397090.2436065674
21178,400776.9224052429
21179,398874.59565734863
21180,400233.51136398315
21181,199477.93936157227
21182,399818.1247406006
21183,356770.06830596924
21184,229532.8072128296
21185,398857.2924232483
21186,397414.760017395
21187,397888.67137145996
21188,204028.60793113708
21189,396042.96770477295
21190,399697.7868537903
21191,397921.5553474426
21192,101514.30694961548
21193,397709.1917228699
21194,398317.36779403687
21195,398851.8255996704
21196,398626.48832321167
21197,128387.08786010742
21198,397601.5633468628
21199,398630.12815093994
21200,397279.3048553467
21201,98733.56338119507
21202,96376.78646087646
21203,373551.6278953552
21204,397368.2316932678
21205,253798.41590499878
21206,195036.84323501587
21207,232797.4599533081
21208,140843.37283325195
21209,113637.46298980713
21210,398351.67181396484
21211,397942.614276886
21212,182011.52351760864
21213,114108.17961502075
21214,397171.1245689392
21215,106156.428855896
21216,81204.76277923584
21217,299579.9320335388
21218,398125.0055427551
21219,94102.4115447998
21220,398703.6706352234
21221,214990.0025691986
21222,397263.79761886597
21223,397653.9342536926
21224,397595.411655426
21225,394885.1901741028
21226,397971.57821655273
21227,55770.127754211426
21228,399225.7921180725
21229,91328.53343582153
21230,95814.48998260498
21231,397535.53688430786
21232,399029.0354347229
21233,138508.16066360474
21234,396240.4195137024
21235,395868.9165649414
21236,233697.8745727539
21237,398254.57580947876
21238,398229.7081260681
21239,400540.19732284546
21240,396894.88108825684
21241,395831.2880630493
21242,355999.0036239624
21243,397709.66820526123
21244,397922.3451118469
21245,95216.74942398071
21246,209614.1662940979
21247,397297.45362854004
21248,386333.8722457886
21249,399712.03479003906
21250,399955.4176635742
21251,83444.62265014648
21252,398986.3299102783
21253,399197.358417511
21254,398419.6887435913
21255,240203.90868377686
21256,397431.8023147583
21257,245414.61069488525
21258,161106.10482788086
21259,150332.77011871338
21260,398545.0028114319
21261,398523.0205192566
21262,398840.78855895996
21263,398363.0106086731
21264,397767.7550201416
21265,399314.2768974304
21266,87479.90828323364
21267,107900.31760787964
21268,398686.2021408081
21269,398047.0490074158
21270,398560.5032081604
21271,398913.36962890625
21272,398577.3386039734
21273,397650.14068222046
21274,398396.52767181396
21275,398974.32455444336
21276,398014.5592765808
21277,398020.41678237915
21278,398203.91107559204
21279,397785.8017845154
21280,397518.0133705139
21281,397583.1538696289
21282,398947.3777618408
21283,126407.81605911255
21284,397581.59785842896
21285,398543.0192337036
21286,249224.06370544434
21287,399283.5442047119
21288,398289.2805633545
21289,259510.33627700806
21290,397071.02004241943
21291,398278.73223114014
21292,222456.6005783081
21293,153439.61165237427
21294,398918.9034767151
21295,398684.7599372864
21296,399111.4574127197
21297,88199.16833877563
21298,322682.17935562134
21299,66916.25638198853
21300,399000.1275482178
21301,398072.16455459595
21302,397662.7765388489
21303,398057.44634246826
21304,399877.22786712646
21305,397633.07975006104
21306,398281.7108001709
21307,398225.26470184326
21308,398511.70419692993
21309,398961.878238678
21310,399095.7554702759
21311,398582.97274017334
21312,398740.92794799805
21313,397271.3197288513
21314,396761.9085197449
21315,226879.21321868896
21316,397856.35136795044
21317,395974.88458251953
21318,110441.64395523071
21319,396812.325756073
21320,101682.73213195801
21321,398687.14822387695
21322,396279.83252334595
21323,397503.99809265137
21324,353717.32626724243
21325,187108.77853012085
21326,276025.079120636
21327,396903.841129303
21328,396410.8172340393
21329,398510.62619018555
21330,396945.00384140015
21331,397984.27627182007
21332,398497.88918304443
21333,396499.2630996704
21334,201728.28411865234
21335,396974.6679420471
21336,398449.25576400757
21337,88959.86729431152
21338,398847.6990509033
21339,398768.9777145386
21340,396907.5327453613
21341,87729.8636226654
21342,72484.26851272583
21343,106405.40428161621
21344,398918.7569694519
21345,396939.33404922485
21346,397126.94982910156
21347,396244.8448829651
21348,396462.82749938965
21349,398821.08254623413
21350,398165.6421203613
21351,398908.54861068726
21352,397658.3967590332
21353,397196.93672180176
21354,396378.35861968994
21355,398176.06129074097
21356,396082.7756767273
21357,397947.4215888977
21358,396650.6475639343
21359,399107.3053627014
21360,399212.97650527954
21361,398162.82329177856
21362,397829.44747924805
21363,398997.41580200195
21364,397592.7314376831
21365,398276.3155937195
21366,398324.54975891113
21367,399124.3001174927
21368,398334.430355072
21369,287066.92137145996
21370,399584.9508552551
21371,399218.92289733887
21372,399389.3397102356
21373,398335.17975616455
21374,399530.18871307373
21375,398987.1481208801
21376,398525.52294158936
21377,397533.575302124
21378,396550.1268043518
21379,130314.59825134277
21380,397330.3416481018
21381,397396.2025566101
21382,397767.3263053894
21383,397457.2773551941
21384,97409.82188034058
21385,209637.6721725464
21386,397213.09757614136
21387,100465.82674407959
21388,359839.11783981323
21389,395637.5354537964
21390,397569.73108291626
21391,78677.25629043579
21392,81438.2208404541
21393,91237.22631835938
21394,397308.3152809143
21395,398761.39415359497
21396,77754.56809997559
21397,135839.9518661499
21398,397781.11935424805
21399,397356.1865196228
21400,395688.8649787903
21401,398782.6162109375
21402,398594.4134941101
21403,86867.31535720825
21404,396437.1867790222
21405,398242.32513427734
21406,397230.15717315674
21407,399549.9497413635
21408,79145.78523635864
21409,279269.91175079346
21410,398525.9119377136
21411,97349.21647644043
21412,213101.90789413452
21413,246978.8496685028
21414,396864.43339157104
21415,397602.5643043518
21416,398144.29446029663
21417,397725.9338760376
21418,398859.13723373413
21419,397865.51809310913
21420,384127.8392829895
21421,398785.51193618774
21422,333204.0008163452
21423,98997.00870895386
21424,158062.20664596558
21425,93102.3518371582
21426,102682.49144744873
21427,398249.78425979614
21428,399354.3784980774
21429,299286.04323768616
21430,399773.8454322815
21431,397457.2586097717
21432,101072.24990844727
21433,399106.81717300415
21434,398761.46294403076
21435,398973.50301361084
21436,397787.9769821167
21437,243285.50791168213
21438,397963.3969078064
21439,398996.89852142334
21440,398405.5471305847
21441,398588.6591644287
21442,397433.9143486023
21443,399170.1477661133
21444,397904.84560775757
21445,398350.26357650757
21446,118499.1759300232
21447,398787.9984970093
21448,398301.1306114197
21449,396987.9451370239
21450,398905.47092819214
21451,399247.73149490356
21452,335519.1230430603
21453,397581.94969940186
21454,396667.12436676025
21455,61784.32766914368
21456,397765.67024993896
21457,399112.68223953247
21458,399433.2584762573
21459,399261.81226348877
21460,398226.66220474243
21461,399055.2958679199
21462,124864.28356170654
21463,398933.1668167114
21464,398577.09104919434
21465,395674.43324279785
21466,398501.91791534424
21467,73104.18476867676
21468,396782.31803512573
21469,398886.7743110657
21470,89948.3864364624
21471,396627.8446235657
21472,397880.4359474182
21473,260326.3875579834
21474,367032.94776916504
21475,398072.0317764282
21476,398274.68939971924
21477,398775.27505493164
21478,398004.5132522583
21479,398276.544506073
21480,398187.21770095825
21481,398155.7535896301
21482,98829.79460906982
21483,395845.22386169434
21484,398217.0446739197
21485,397889.70305252075
21486,397703.91397094727
21487,399152.2416610718
21488,87812.27799987793
21489,88315.02500915527
21490,397417.10718917847
21491,397902.73833847046
21492,160760.88390350342
21493,397773.4866027832
21494,138583.14505386353
21495,398425.8412094116
21496,397813.01904678345
21497,107626.37769317627
21498,397232.34831237793
21499,398313.81105041504
21500,398220.45877075195
21501,396513.2900772095
21502,398527.1357498169
21503,159994.79522895813
21504,186692.9526500702
21505,397392.75009536743
21506,91552.76420593262
21507,397689.2218055725
21508,280252.6135597229
21509,100668.22148895264
21510,398157.33700561523
21511,398004.623210907
21512,96748.2932395935
21513,398157.76123046875
21514,397910.5369987488
21515,116126.57893371582
21516,136322.7605857849
21517,397424.13231658936
21518,107928.64919281006
21519,398692.0823173523
21520,398250.6148262024
21521,164109.85443496704
21522,83222.89709091187
21523,398612.22998046875
21524,398119.99839019775
21525,397470.08056640625
21526,330698.30129241943
21527,85760.03689956665
21528,398777.4934616089
21529,73936.60751342773
21530,399015.1113204956
21531,398617.45652389526
21532,398276.4976119995
21533,323780.5806236267
21534,397434.59296798706
21535,399344.60259628296
21536,76117.4465045929
21537,396050.8075027466
21538,123816.32376098633
21539,397501.76552963257
21540,397974.70890045166
21541,396324.10988235474
21542,397099.92276382446
21543,397319.3539428711
21544,398667.2262840271
21545,398295.12354278564
21546,398175.06410598755
21547,397796.70806503296
21548,80914.48416137695
21549,398571.56649017334
21550,398642.89054489136
21551,398431.25214004517
21552,116898.89713668823
21553,398349.66261291504
21554,398852.3572463989
21555,378615.2530231476
21556,398759.1950531006
21557,398211.15448760986
21558,81228.57635498047
21559,398917.9841003418
21560,398401.1729698181
21561,398111.40076065063
21562,397488.921005249
21563,399113.60122299194
21564,396922.914516449
21565,397791.98834991455
21566,257045.41913604736
21567,167038.5120830536
21568,398630.69861984253
21569,399030.50008773804
21570,67545.3898601532
21571,398278.0265235901
21572,141801.5636024475
21573,398104.0164680481
21574,268841.7193412781
21575,89888.45230293274
21576,398519.17598724365
21577,102242.25143814087
21578,267011.35567092896
21579,398159.8884277344
21580,131950.3608570099
21581,398353.96744918823
21582,398740.1640853882
21583,397644.10763931274
21584,398862.4224357605
21585,397241.2473297119
21586,397960.4343185425
21587,112968.02054595947
21588,397776.9719924927
21589,396856.43745040894
21590,199581.18181228638
21591,398208.9133262634
21592,399055.54484558105
21593,397101.9298019409
21594,94442.69286346436
21595,396487.5059623718
21596,396878.70986557007
21597,398187.42834854126
21598,396468.0087623596
21599,93351.99743270874
21600,397618.67055130005
21601,287585.5668487549
21602,397236.8027458191
21603,396833.03717803955
21604,397683.3438949585
21605,331712.34366989136
21606,398893.73053359985
21607,399245.77408981323
21608,398931.6376609802
21609,398840.1199836731
21610,398115.39696121216
21611,295741.2270927429
21612,103845.38799285889
21613,106864.06787490845
21614,349451.28952407837
21615,320792.52532196045
21616,103924.232837677
21617,261351.40111541748
21618,397186.73876190186
21619,396192.97455596924
21620,396924.20471191406
21621,93109.76106452942
21622,395920.1080970764
21623,123426.94137954712
21624,86429.48599624634
21625,252341.4200515747
21626,93230.39675140381
21627,398695.36681747437
21628,398808.18647384644
21629,102396.09504699707
21630,399044.2404098511
21631,72488.37168884277
21632,400241.38942337036
21633,397569.76164627075
21634,398437.9751281738
21635,397357.13190460205
21636,398910.48836517334
21637,398423.1884727478
21638,398802.4390449524
21639,398776.9101409912
21640,398402.6958351135
21641,396153.7633705139
21642,398243.9190597534
21643,397098.9485397339
21644,397918.09090805054
21645,111717.88426971436
21646,398238.00415802
21647,397384.58475112915
21648,95563.18830490112
21649,396183.7091331482
21650,397830.1248931885
21651,398989.5682563782
21652,397511.46154022217
21653,398919.1058883667
21654,397897.3647117615
21655,398457.4419975281
21656,398000.8930206299
21657,397687.8556480408
21658,398211.0899429321
21659,46136.28252220154
21660,263568.9983921051
21661,398339.90186309814
21662,101519.7924194336
21663,398442.1647987366
21664,90743.70192337036
21665,398934.76344299316
21666,134542.14582061768
21667,396806.25353240967
21668,110361.71920776367
21669,396774.9637336731
21670,398369.83068847656
21671,397119.0604248047
21672,395879.14377212524
21673,397932.4272766113
21674,243082.83837890625
21675,398808.3645019531
21676,398614.2358970642
21677,398541.64223480225
21678,397505.54024124146
21679,396130.66215133667
21680,398126.3624458313
21681,396918.3930091858
21682,396537.0858078003
21683,290249.7382774353
21684,393370.59436035156
21685,397097.698677063
21686,224634.96591949463
21687,395600.3433265686
21688,397335.7334213257
21689,108609.40212249756
21690,399100.7233695984
21691,141983.51497268677
21692,397467.39836883545
21693,397904.0702056885
21694,398189.14197540283
21695,398901.8312187195
21696,280191.51277923584
21697,397539.69750213623
21698,397338.00046157837
21699,396875.78078460693
21700,396926.73527145386
21701,399332.5368461609
21702,398164.5252342224
21703,89607.58721923828
21704,360163.5155887604
21705,398243.921749115
21706,147648.6122970581
21707,399436.6858406067
21708,127194.86219024658
21709,399751.352973938
21710,398021.65969085693
21711,399118.98628616333
21712,158350.0485610962
21713,397829.67679977417
21714,109473.10740661621
21715,86140.88222122192
21716,396807.2702560425
21717,399943.3126373291
21718,106018.58921813965
21719,398864.72411346436
21720,398258.91037750244
21721,399096.1261291504
21722,399934.3557281494
21723,398503.772190094
21724,399381.2007865906
21725,399354.94242477417
21726,397755.8032951355
21727,398554.8985900879
21728,399368.1716270447
21729,395163.99981307983
21730,398093.8881454468
21731,100503.3205871582
21732,397204.865688324
21733,398262.9584541321
21734,396481.0301246643
21735,363104.0843734741
21736,398213.886177063
21737,397269.2406654358
21738,84054.91468811035
21739,397867.664604187
21740,397944.74353027344
21741,397740.83627319336
21742,83641.29351043701
21743,398084.62995529175
21744,398496.05225753784
21745,398995.52906036377
21746,399336.31871032715
21747,399023.74532318115
21748,399385.8394317627
21749,85964.71403503418
21750,397960.48599243164
21751,398224.2870903015
21752,73487.8903427124
21753,257213.3143234253
21754,94955.72811508179
21755,397028.29208374023
21756,397894.43619155884
21757,397684.60597610474
21758,398830.3327064514
21759,131856.21017074585
21760,396087.1145706177
21761,398000.44621276855
21762,155223.07220077515
21763,397179.17948913574
21764,398504.1339530945
21765,100649.53629684448
21766,398091.49279785156
21767,399267.9829864502
21768,397734.9589881897
21769,398679.3440208435
21770,105184.18866539001
21771,398110.80044174194
21772,377955.37673568726
21773,398324.46476364136
21774,399211.25367736816
21775,288129.0680885315
21776,397684.6688346863
21777,397166.9481277466
21778,102190.35767364502
21779,397262.3362388611
21780,72897.23636627197
21781,399263.2867012024
21782,398357.0012931824
21783,398782.4906616211
21784,398683.01427078247
21785,90291.92770004272
21786,397905.67389678955
21787,398534.83668899536
21788,396614.91007614136
21789,104944.19383049011
21790,398332.2077636719
21791,90900.19903755188
21792,80157.99685287476
21793,119647.48300170898
21794,396900.69622039795
21795,397427.3169898987
21796,55645.62428855896
21797,398497.4363594055
21798,398126.21071243286
21799,80090.56984710693
21800,398048.12187576294
21801,398694.4365196228
21802,78290.8634147644
21803,399682.89835739136
21804,78138.67937088013
21805,395967.74965286255
21806,86709.88071632385
21807,397369.307308197
21808,399068.60332107544
21809,136594.43463897705
21810,398054.9307022095
21811,395331.5839614868
21812,70401.65151977539
21813,120788.75827789307
21814,396723.34453964233
21815,396057.2990760803
21816,105807.41179656982
21817,397788.3446006775
21818,397937.96980667114
21819,398719.7113647461
21820,396825.96896743774
21821,398790.75302505493
21822,398178.8876724243
21823,397958.2604751587
21824,397119.34648132324
21825,73886.9169883728
21826,397990.83112335205
21827,399265.2215614319
21828,78625.20566940308
21829,399017.16597366333
21830,397350.80724334717
21831,395024.8265914917
21832,398764.7607116699
21833,397696.4289512634
21834,397737.8135871887
21835,398064.0923843384
21836,396759.83449935913
21837,397674.0577392578
21838,399464.21352767944
21839,397546.04598236084
21840,398412.358959198
21841,398508.2557029724
21842,398479.86096572876
21843,397959.7485961914
21844,397611.84100723267
21845,398341.9526939392
21846,167940.3005027771
21847,398580.370223999
21848,398750.40255355835
21849,397851.712020874
21850,398541.78719329834
21851,317852.1089267731
21852,396803.37243652344
21853,398177.0158653259
21854,398742.82250213623
21855,398323.4095840454
21856,398253.96883010864
21857,398267.844707489
21858,399222.0286254883
21859,399281.2934951782
21860,397045.84938430786
21861,398050.9583969116
21862,399101.30668640137
21863,115870.61577987671
21864,397591.9282951355
21865,102477.73496818542
21866,312001.45890045166
21867,398735.087020874
21868,77533.58943939209
21869,78338.78095626831
21870,397552.57122802734
21871,398558.0761566162
21872,397940.2141456604
21873,141594.23429107666
21874,397620.94772720337
21875,82824.0099105835
21876,79479.05491828918
21877,233661.6710548401
21878,217436.6432762146
21879,397653.2657775879
21880,362393.62937164307
21881,83894.61721420288
21882,398097.1054840088
21883,94345.66413116455
21884,397517.8850784302
21885,81807.1144771576
21886,398977.49799346924
21887,397554.21559906006
21888,256828.44241333008
21889,398562.00608062744
21890,398091.90171813965
21891,398821.85969543457
21892,398296.3218345642
21893,396270.7547340393
21894,397649.23708343506
21895,398825.69607162476
21896,398963.5100593567
21897,399814.7421569824
21898,399630.56286239624
21899,399018.4288139343
21900,243252.9469871521
21901,88739.22480773926
21902,399298.9635925293
21903,396438.49853897095
21904,398668.15578079224
21905,83513.5514755249
21906,93118.45725250244
21907,399260.6715888977
21908,183954.80401229858
21909,398683.96544647217
21910,99727.19041442871
21911,398315.07203674316
21912,399485.53674697876
21913,101217.61013412476
21914,398558.36710739136
21915,397959.6495399475
21916,398763.5821876526
21917,79696.63933563232
21918,159027.40656280518
21919,231757.00942611694
21920,103008.19410324097
21921,96654.9779548645
21922,397890.5903015137
21923,399078.88899230957
21924,399707.15575027466
21925,269154.6989326477
21926,310814.8532333374
21927,398763.93703460693
21928,399435.48682403564
21929,76168.9870185852
21930,397538.03551864624
21931,396695.27614593506
21932,399246.2208709717
21933,399325.0946922302
21934,399086.54499816895
21935,398193.67108154297
21936,398842.7036933899
21937,397505.68756484985
21938,398619.9075393677
21939,399511.8241996765
21940,398240.5107116699
21941,144247.16690063477
21942,74742.8769454956
21943,47220.29769706726
21944,397365.8334121704
21945,397885.19133377075
21946,398641.0157432556
21947,399423.2445983887
21948,397981.52797698975
21949,399155.0786933899
21950,399132.2388076782
21951,395881.6760253906
21952,398643.0737953186
21953,399294.9297981262
21954,398636.1789970398
21955,397982.0763053894
21956,398777.0930900574
21957,398960.86417388916
21958,266640.2886867523
21959,397297.60037994385
21960,398428.70931243896
21961,396677.9256629944
21962,398083.28380203247
21963,397428.90729522705
21964,395659.1102333069
21965,86818.1805229187
21966,397602.2408256531
21967,399408.3883972168
21968,398781.1414489746
21969,397677.62784576416
21970,399223.40671920776
21971,398772.67528915405
21972,179911.39856147766
21973,132372.1517829895
21974,398370.18071365356
21975,103556.58460998535
21976,398987.68199157715
21977,222715.53994369507
21978,108326.43201446533
21979,399124.37993240356
21980,398972.44172668457
21981,83229.31370162964
21982,398752.90898895264
21983,396830.43561172485
21984,109831.65518951416
21985,398510.7258872986
21986,149092.60290527344
21987,310847.45626068115
21988,397471.9909210205
21989,398207.33280944824
21990,399269.538608551
21991,397980.39057922363
21992,367098.51832199097
21993,396234.5078315735
21994,398475.0820274353
21995,369135.2097530365
21996,399493.90270996094
21997,398411.5653915405
21998,398870.8156738281
21999,398131.74084854126
22000,398296.42792510986
22001,82491.8289527893
22002,226716.19381141663
22003,399911.9604988098
22004,274387.88237571716
22005,398974.273563385
22006,395923.91845321655
22007,398905.283782959
22008,101002.48992156982
22009,85761.34511184692
22010,103824.66458511353
22011,399064.27210617065
22012,400395.9744300842
22013,164052.06777954102
22014,173027.03672981262
22015,127032.89960098267
22016,95690.5234298706
22017,397953.83170318604
22018,399054.4171295166
22019,398997.0072669983
22020,399475.0483055115
22021,103761.53075027466
22022,398957.07875442505
22023,107935.68216323853
22024,399403.44061660767
22025,399879.4010696411
22026,399695.60120010376
22027,398914.2785644531
22028,398692.4764213562
22029,398551.87746047974
22030,399609.10260391235
22031,397318.61389541626
22032,398870.4761581421
22033,399192.20709609985
22034,399017.41735458374
22035,144408.07398986816
22036,400567.47998428345
22037,96229.17797088623
22038,95274.9937210083
22039,129654.8811302185
22040,400052.49046707153
22041,98676.58822631836
22042,106315.948802948
22043,119096.22648620605
22044,102734.19342041016
22045,400206.4485435486
22046,397804.99492645264
22047,107167.80443572998
22048,396103.06352996826
22049,398324.0318412781
22050,297273.3312263489
22051,398787.5111846924
22052,238571.82429122925
22053,397301.28297424316
22054,87421.02936172485
22055,397881.1320991516
22056,217199.46213531494
22057,399369.2282028198
22058,74111.46675109863
22059,119909.5438041687
22060,399185.7102050781
22061,113444.18412017822
22062,398807.67125320435
22063,397507.02880477905
22064,81369.66228485107
22065,196524.9737815857
22066,363349.43103790283
22067,164754.82196426392
22068,397980.1221847534
22069,398068.8014945984
22070,134123.04454803467
22071,397627.03759002686
22072,90229.23725891113
22073,136681.1332435608
22074,398439.2345046997
22075,197917.87530136108
22076,396102.60565948486
22077,397750.3478164673
22078,396919.79026794434
22079,100314.20777130127
22080,190123.88721847534
22081,312118.6076850891
22082,102800.17818069458
22083,85816.56923294067
22084,398793.13510131836
22085,398985.3016433716
22086,399669.2185058594
22087,111039.89164733887
22088,84334.74604225159
22089,82428.95851707458
22090,366093.65042591095
22091,397579.6296272278
22092,399520.1746520996
22093,397550.05684661865
22094,397318.47008895874
22095,88882.60472869873
22096,398509.83894348145
22097,211218.2660484314
22098,122609.91446495056
22099,397283.3669395447
22100,114103.50004196167
22101,398442.5198097229
22102,112310.32256698608
22103,398469.52083587646
22104,271290.97256851196
22105,396345.4291496277
22106,399244.24186706543
22107,397613.7331237793
22108,206440.17916870117
22109,398093.5551223755
22110,397881.03479766846
22111,178668.79056930542
22112,79235.17947006226
22113,398211.84675979614
22114,399342.56338882446
22115,73415.84433937073
22116,398285.63471221924
22117,397694.3313598633
22118,398127.5115737915
22119,88727.53155899048
22120,357800.5220718384
22121,399000.7894935608
22122,399324.78285980225
22123,398787.9606895447
22124,65635.54730796814
22125,398168.51567077637
22126,87998.00325012207
22127,397619.21033096313
22128,93995.4919090271
22129,399602.8792037964
22130,398501.1731681824
22131,399816.10719299316
22132,397077.11361312866
22133,214025.73876953125
22134,397760.49028015137
22135,398532.9034843445
22136,262504.9619522095
22137,102139.44795227051
22138,400170.655380249
22139,397823.73949050903
22140,84306.10778808594
22141,94157.34563827515
22142,98571.10464477539
22143,398516.63192749023
22144,397646.0729408264
22145,397675.7650489807
22146,398927.0711708069
22147,398067.24377441406
22148,398323.4598045349
22149,106972.69096374512
22150,190275.71824264526
22151,398804.65979385376
22152,396757.99242401123
22153,398482.82775115967
22154,277165.47161102295
22155,114937.32211303711
22156,397766.32177352905
22157,95777.82759666443
22158,398646.91051483154
22159,72945.72494506836
22160,398984.08588790894
22161,398610.6607284546
22162,260012.74201965332
22163,397736.21980285645
22164,398401.14866638184
22165,398568.58544540405
22166,187918.47322273254
22167,258170.6000442505
22168,397761.75675201416
22169,397307.20781707764
22170,162920.56693267822
22171,398505.51697540283
22172,398626.0415611267
22173,104939.03440093994
22174,279264.6696205139
22175,394882.00286865234
22176,96597.23789215088
22177,399136.97119903564
22178,398831.25204467773
22179,396923.95191574097
22180,398816.93797302246
22181,397983.3395767212
22182,398958.2710571289
22183,399495.3359222412
22184,398408.3798561096
22185,398250.1239128113
22186,395074.4171066284
22187,98643.01438903809
22188,203770.70399856567
22189,398588.6760978699
22190,321442.9851665497
22191,399253.1460647583
22192,399121.25972366333
22193,398303.09147262573
22194,397465.4246444702
22195,398145.8833351135
22196,78577.32838821411
22197,398988.3597793579
22198,399494.4531440735
22199,397926.8945083618
22200,397642.83041000366
22201,268220.83755874634
22202,398943.5554962158
22203,119348.05851364136
22204,398916.6261253357
22205,397641.9762458801
22206,398433.063495636
22207,113828.37709236145
22208,91725.22696685791
22209,398478.23163986206
22210,398351.9175720215
22211,399435.8447151184
22212,127661.45148849487
22213,396362.994102478
22214,89984.2073097229
22215,364356.1358642578
22216,398708.14824295044
22217,105788.15407943726
22218,397773.7512931824
22219,398983.2231903076
22220,397483.9210205078
22221,398364.5929031372
22222,133505.72539520264
22223,398669.5442352295
22224,397895.683631897
22225,399013.12356185913
22226,399526.9143257141
22227,279028.58323287964
22228,68430.42256355286
22229,399532.63525772095
22230,95205.43857192993
22231,298034.6517677307
22232,398150.9923286438
22233,398244.34101486206
22234,396277.1838874817
22235,112622.03081703186
22236,399098.7215423584
22237,228411.88635253906
22238,399651.8029136658
22239,398426.7732772827
22240,399422.92961883545
22241,254938.38967895508
22242,398300.3278846741
22243,119558.3282699585
22244,397502.2582015991
22245,399490.1179008484
22246,398395.1657714844
22247,397508.5265083313
22248,398847.34993743896
22249,397378.73935317993
22250,387979.22204971313
22251,399471.79570770264
22252,398708.773891449
22253,398954.4860534668
22254,397696.4978981018
22255,398158.45403671265
22256,397353.90604782104
22257,117439.47885894775
22258,395261.7016944885
22259,398604.4530029297
22260,398302.9848937988
22261,94945.35550689697
22262,395366.3906288147
22263,398377.9354019165
22264,399766.4811630249
22265,399415.721950531
22266,396098.23598098755
22267,398646.0150489807
22268,396826.811920166
22269,398857.7931060791
22270,124984.67052841187
22271,397200.4680175781
22272,399146.26537323
22273,74585.22023773193
22274,399250.6004753113
22275,399641.40340805054
22276,55825.49949455261
22277,397615.74380874634
22278,398209.9124031067
22279,397910.0481147766
22280,399497.2816543579
22281,398180.3257293701
22282,397436.6156578064
22283,399004.4686393738
22284,397044.1457862854
22285,398575.4939956665
22286,397121.51389694214
22287,102738.58858299255
22288,397404.0091972351
22289,88309.8782157898
22290,399472.597946167
22291,398355.5050315857
22292,398786.7689781189
22293,399005.4006729126
22294,399111.4583969116
22295,398996.7589378357
22296,398213.83868026733
22297,396835.6948776245
22298,99584.1872291565
22299,398906.4681892395
22300,398369.54055023193
22301,399470.6106643677
22302,398744.49910736084
22303,398577.8646583557
22304,288441.1339302063
22305,208150.03485107422
22306,119189.3840713501
22307,141439.7739753723
22308,86262.62364959717
22309,399070.796585083
22310,398411.62577056885
22311,398869.12199783325
22312,390356.4441719055
22313,398476.1620864868
22314,399458.8692779541
22315,398472.65783691406
22316,399142.27335357666
22317,399471.58375167847
22318,399895.3575439453
22319,397860.2787742615
22320,202216.87014389038
22321,399303.126121521
22322,97853.28896903992
22323,96611.00366210938
22324,398473.2103614807
22325,398944.2867088318
22326,399794.3013496399
22327,398048.2405319214
22328,398127.1032752991
22329,182172.51637268066
22330,399215.8347015381
22331,398676.5658302307
22332,198459.88046646118
22333,394800.5726890564
22334,65232.04595756531
22335,398366.5415840149
22336,398523.1277656555
22337,399144.6202583313
22338,399677.53129577637
22339,86540.00759506226
22340,399313.9172744751
22341,399601.1110649109
22342,399200.36499786377
22343,398443.8149833679
22344,398903.1576080322
22345,398894.63960647583
22346,400020.85609817505
22347,77406.08865737915
22348,90463.7669467926
22349,399527.6813926697
22350,397956.4390449524
22351,108594.11742019653
22352,400367.3965950012
22353,399614.2574157715
22354,400202.76039886475
22355,398768.00687789917
22356,400587.7395477295
22357,398890.4730987549
22358,90163.5541267395
22359,228403.43100357056
22360,93843.6557636261
22361,398878.0882720947
22362,98671.62107086182
22363,94947.67002487183
22364,90982.27367782593
22365,400423.73279571533
22366,107408.6598072052
22367,399099.601978302
22368,264056.0009651184
22369,175927.61693763733
22370,72773.43313789368
22371,82193.80514907837
22372,397637.87116622925
22373,397976.82413101196
22374,55861.32621383667
22375,165634.92609024048
22376,397580.85249710083
22377,103419.91032600403
22378,398874.6568260193
22379,84458.54900360107
22380,399530.16425323486
22381,398210.7466201782
22382,261781.55545043945
22383,399585.30868148804
22384,398186.9394607544
22385,317701.231842041
22386,398915.0996170044
22387,399479.7021141052
22388,397910.12518692017
22389,97405.58204269409
22390,398599.3995819092
22391,398566.8496131897
22392,77729.24714660645
22393,90564.26050186157
22394,398528.13792037964
22395,398353.6531829834
22396,398373.6852874756
22397,105589.30079650879
22398,398056.8514518738
22399,399891.65395355225
22400,399525.59185409546
22401,165752.31971549988
22402,399915.0927505493
22403,397127.5203399658
22404,398707.5989151001
22405,398385.86668395996
22406,175627.44856452942
22407,94213.58840560913
22408,75200.47850036621
22409,396916.5044822693
22410,152980.3272781372
22411,398141.84704208374
22412,398164.06848526
22413,128651.01876068115
22414,211739.66607666016
22415,396518.26904678345
22416,88317.51872444153
22417,398464.140209198
22418,213396.64457321167
22419,215468.93823242188
22420,397124.2520751953
22421,397529.04861450195
22422,397191.395614624
22423,398715.4530220032
22424,249266.63284683228
22425,398846.1867866516
22426,322591.95149993896
22427,120861.66181182861
22428,399245.7470397949
22429,122799.85444641113
22430,396638.84717559814
22431,227739.9433784485
22432,256411.12115859985
22433,105068.86418151855
22434,397828.9203300476
22435,135932.40445709229
22436,398073.061630249
22437,88401.01206207275
22438,147272.0369873047
22439,284733.47925949097
22440,398096.82012176514
22441,398613.4735183716
22442,398676.1358528137
22443,399693.5265159607
22444,85486.22157287598
22445,95529.15445709229
22446,397415.5807609558
22447,130998.46514129639
22448,398225.2181892395
22449,331700.493309021
22450,397157.0153694153
22451,399351.76079940796
22452,397752.57775115967
22453,397708.8326911926
22454,398390.2547035217
22455,398746.01808929443
22456,397460.4528427124
22457,397808.15885543823
22458,397378.2255516052
22459,79245.70098495483
22460,398004.6514968872
22461,88217.54443359375
22462,127651.70428085327
22463,398458.2535972595
22464,321984.7826824188
22465,395770.5002632141
22466,399028.82749938965
22467,399298.3902053833
22468,271576.99171829224
22469,97316.37186050415
22470,100919.0809764862
22471,347437.563079834
22472,398739.3288383484
22473,370775.7612838745
22474,244004.7593307495
22475,394477.92149734497
22476,397970.33336639404
22477,397142.3282775879
22478,82062.44135284424
22479,397692.65967178345
22480,400121.1345062256
22481,143027.02751922607
22482,398688.26791381836
22483,399462.1229324341
22484,399447.5701522827
22485,399507.3811721802
22486,399340.2422103882
22487,398449.3974380493
22488,96492.70369720459
22489,397684.8047142029
22490,243432.35874176025
22491,397573.7373161316
22492,353181.9686012268
22493,379520.2788505554
22494,398710.4123725891
22495,398027.4779853821
22496,397358.08110427856
22497,135322.72047042847
22498,399446.76441955566
22499,398460.30515289307
22500,398878.82470321655
22501,399149.8718185425
22502,398871.9597206116
22503,399166.9113006592
22504,398621.0653953552
22505,321052.7337799072
22506,398110.17793273926
22507,398246.8219680786
22508,186589.290309906
22509,396580.5495452881
22510,228822.25695419312
22511,398484.6849861145
22512,88567.00105667114
22513,398140.29930877686
22514,398439.6395225525
22515,109773.62749481201
22516,397863.5567474365
22517,398983.0978088379
22518,399207.32984924316
22519,172656.87125205994
22520,399738.37537384033
22521,399312.62408065796
22522,399226.3122291565
22523,397524.60774230957
22524,398146.53967666626
22525,91659.36689758301
22526,397449.2913284302
22527,398080.95977020264
22528,397102.29319000244
22529,397529.57594680786
22530,397861.2873649597
22531,398293.9050941467
22532,398857.9096183777
22533,398499.42710494995
22534,398759.0170059204
22535,395433.0595436096
22536,209064.0441379547
22537,397841.44802093506
22538,396264.23084259033
22539,398680.90550613403
22540,397653.6361885071
22541,397092.7894859314
22542,395860.6643791199
22543,398119.99603652954
22544,395723.6591911316
22545,397245.647983551
22546,398740.71855163574
22547,140848.5934638977
22548,105552.16006469727
22549,397378.26457977295
22550,276633.17517852783
22551,396789.77897644043
22552,295292.63471984863
22553,397529.36476135254
22554,395430.8058013916
22555,198605.96160125732
22556,398997.7981033325
22557,397230.13008880615
22558,101195.66619873047
22559,398418.56296920776
22560,399133.98778152466
22561,82741.02392196655
22562,85125.31064033508
22563,75015.73694229126
22564,399989.00690841675
22565,398560.352973938
22566,274789.0656051636
22567,398272.8991508484
22568,80139.69622421265
22569,89296.70133781433
22570,110258.0585861206
22571,397324.9913597107
22572,130742.95580673218
22573,395437.4543762207
22574,397729.7960586548
22575,398253.0561904907
22576,70109.15616798401
22577,398814.30031204224
22578,398722.4415130615
22579,151800.5550880432
22580,98817.00045013428
22581,90621.77230072021
22582,137075.05639648438
22583,399970.6383628845
22584,186053.06287384033
22585,400064.0824165344
22586,399594.86528778076
22587,397611.95362472534
22588,93141.14799499512
22589,399127.4699058533
22590,398120.91053390503
22591,399118.44912719727
22592,87272.3340549469
22593,398053.50479507446
22594,105760.3787727356
22595,399538.82961273193
22596,399140.13872146606
22597,113997.03630447388
22598,111664.90075683594
22599,398278.48457717896
22600,397710.8110694885
22601,167388.70627593994
22602,397650.19525909424
22603,397868.1910095215
22604,398541.21939086914
22605,397359.71727371216
22606,399503.17657470703
22607,137987.25226211548
22608,400000.48958969116
22609,398961.3588523865
22610,399216.75436782837
22611,399543.87032318115
22612,96683.68702316284
22613,399838.6645088196
22614,93707.5728225708
22615,400080.91452407837
22616,397662.0780220032
22617,397554.8619041443
22618,399132.3447341919
22619,398009.0146369934
22620,398596.6040840149
22621,399063.93379592896
22622,399746.6084213257
22623,399493.56705474854
22624,400012.3886528015
22625,133441.47077941895
22626,400207.24153518677
22627,297565.92613983154
22628,399168.999458313
22629,398280.46938705444
22630,399645.053565979
22631,398099.7533721924
22632,85869.54443740845
22633,123379.04453277588
22634,398585.4168891907
22635,166674.71997070312
22636,398530.38759994507
22637,104566.58976745605
22638,398834.6038017273
22639,64339.49931335449
22640,400383.15643692017
22641,399950.48612594604
22642,221092.46953582764
22643,398773.3783721924
22644,75194.76454544067
22645,398953.80767059326
22646,260161.51126861572
22647,110366.5595741272
22648,104599.39070892334
22649,119615.40114974976
22650,112099.59423065186
22651,398584.07401657104
22652,114091.5461769104
22653,101926.51099014282
22654,399610.9105949402
22655,345292.5267677307
22656,73948.05949783325
22657,398083.9637565613
22658,399138.10164260864
22659,100805.10870742798
22660,112889.22814559937
22661,400366.79778671265
22662,363713.3328285217
22663,396203.5955657959
22664,397601.7516670227
22665,397933.58586120605
22666,396360.39750671387
22667,398246.82905960083
22668,81510.02865600586
22669,398501.0976791382
22670,400065.5362854004
22671,220951.63258743286
22672,398119.99605178833
22673,397997.5279083252
22674,70800.0331954956
22675,396970.6311607361
22676,323065.69940185547
22677,398017.9111175537
22678,397989.28469085693
22679,397574.3777809143
22680,397177.1629295349
22681,398095.81719207764
22682,398434.85720825195
22683,399298.98193740845
22684,399353.0782279968
22685,302074.6593399048
22686,121731.6910610199
22687,395828.02474212646
22688,397990.0195541382
22689,399436.7379798889
22690,397408.6182937622
22691,305929.257522583
22692,398626.4172897339
22693,92498.7018699646
22694,97883.0807762146
22695,398401.21168136597
22696,397073.97230148315
22697,397577.18800735474
22698,398474.10904312134
22699,397299.8230895996
22700,97115.73640060425
22701,85605.7461013794
22702,398847.9658584595
22703,398840.66482162476
22704,399015.909160614
22705,399043.95125961304
22706,399029.81283187866
22707,130753.73543167114
22708,396532.96281814575
22709,398775.05794525146
22710,396636.8677062988
22711,398373.61670303345
22712,397534.32622146606
22713,75525.71650314331
22714,61825.58926200867
22715,100017.19263458252
22716,102174.81773376465
22717,110289.55152511597
22718,127164.56121063232
22719,85520.46004486084
22720,108384.07987976074
22721,81604.30030059814
22722,399630.345664978
22723,396674.79388809204
22724,398479.9312019348
22725,399450.19343185425
22726,399618.36640548706
22727,398217.18410110474
22728,398048.1220321655
22729,398811.22064590454
22730,81606.88723945618
22731,145665.0098991394
22732,400011.3631744385
22733,398556.3945045471
22734,341877.1481399536
22735,398820.61876296997
22736,251976.78455352783
22737,355274.50817489624
22738,116132.53028869629
22739,98008.86876296997
22740,399619.2958602905
22741,400592.184299469
22742,398891.18531417847
22743,135881.36211776733
22744,399960.45931625366
22745,399529.57625198364
22746,398030.96379089355
22747,400239.99127578735
22748,397788.8296585083
22749,399261.6122741699
22750,346521.14822387695
22751,398855.4374732971
22752,399064.590297699
22753,398585.4960861206
22754,399589.9938392639
22755,400146.5331726074
22756,397597.7152900696
22757,399461.91149902344
22758,398037.4845504761
22759,398550.41400527954
22760,111989.44700241089
22761,400115.01209259033
22762,399542.79301452637
22763,400196.9397506714
22764,399078.57498931885
22765,400919.6917991638
22766,398527.54889297485
22767,399557.6899108887
22768,400171.58348464966
22769,400389.8061218262
22770,399915.39207839966
22771,399027.7511291504
22772,400244.57248306274
22773,398489.9329223633
22774,399516.84928894043
22775,399284.12440109253
22776,398772.13732528687
22777,81678.40883255005
22778,178488.9701385498
22779,399792.0273628235
22780,399608.68228149414
22781,126896.08946228027
22782,400004.5588417053
22783,399896.65475845337
22784,399524.48067092896
22785,398469.8419418335
22786,400133.98125457764
22787,398497.4828453064
22788,399933.7211265564
22789,398741.0034599304
22790,398646.49586105347
22791,399746.49629974365
22792,398833.29039001465
22793,399193.6567764282
22794,127087.28370857239
22795,107231.81462478638
22796,398991.19858551025
22797,327164.25341415405
22798,399653.83724212646
22799,400432.04219055176
22800,399788.8217277527
22801,397942.9867591858
22802,398995.5041656494
22803,399581.63048934937
22804,399581.93243026733
22805,400082.15272140503
22806,183768.07652664185
22807,400134.596572876
22808,129722.33000946045
22809,398803.73878479004
22810,311255.64387512207
22811,127706.39387893677
22812,109406.12747955322
22813,400465.8659324646
22814,399964.67322921753
22815,388678.6600151062
22816,347615.7720603943
22817,206700.92150878906
22818,398234.23247909546
22819,348349.84417152405
22820,396904.8770561218
22821,215296.50356674194
22822,240357.40319633484
22823,92560.52827453613
22824,181497.83019256592
22825,398933.44176101685
22826,98752.57556533813
22827,399095.4044761658
22828,399404.54399108887
22829,165273.52529525757
22830,398464.50465393066
22831,395958.58057403564
22832,120664.74057006836
22833,399316.30615615845
22834,399285.1573905945
22835,236390.51133728027
22836,399569.6427536011
22837,398673.4405899048
22838,399598.6378555298
22839,396993.358707428
22840,393867.36627197266
22841,398985.1519508362
22842,398642.7166862488
22843,250898.6021232605
22844,359922.554813385
22845,397249.794052124
22846,397521.55350494385
22847,399456.2469024658
22848,109259.40808105469
22849,94680.92435455322
22850,399288.53692245483
22851,399112.59705352783
22852,152244.8726119995
22853,398865.4235801697
22854,398387.3328742981
22855,397351.98791122437
22856,84817.36452102661
22857,398210.9491882324
22858,397439.34227752686
22859,397854.5830230713
22860,398370.79458999634
22861,399347.9050178528
22862,397958.8340148926
22863,397376.6764450073
22864,397424.2102622986
22865,399777.225025177
22866,339839.87801742554
22867,398782.3324813843
22868,398970.99280166626
22869,399910.53188705444
22870,397622.2152862549
22871,397996.73624038696
22872,399500.86194992065
22873,329922.559173584
22874,398705.4515533447
22875,397789.53692245483
22876,398415.28129196167
22877,398404.8683280945
22878,398409.975151062
22879,399269.87157058716
22880,398876.4936218262
22881,116136.05368423462
22882,124728.19192504883
22883,399073.69467163086
22884,398783.94651412964
22885,397731.0760116577
22886,398400.13428115845
22887,399971.32261276245
22888,398653.18326187134
22889,398966.9888000488
22890,399252.5670776367
22891,106896.80184555054
22892,93446.11504650116
22893,399089.4135322571
22894,398643.7144203186
22895,119793.5539932251
22896,399021.8758354187
22897,400050.922832489
22898,399216.51624679565
22899,399357.97051620483
22900,399194.10733795166
22901,252016.81414794922
22902,397657.4003677368
22903,398813.8052406311
22904,396984.1343650818
22905,399295.5866165161
22906,398550.28674697876
22907,206585.28281211853
22908,400060.76525878906
22909,400360.2280693054
22910,399304.7020111084
22911,399036.32539367676
22912,398498.93313217163
22913,264633.42108154297
22914,398734.7058830261
22915,397488.76054000854
22916,397475.9141769409
22917,399906.2505607605
22918,398124.1254386902
22919,398025.2095069885
22920,227274.63875198364
22921,398139.2184867859
22922,69430.55888557434
22923,202852.41493415833
22924,400326.8035736084
22925,104176.84888458252
22926,399767.3890838623
22927,400431.17391204834
22928,398685.16089630127
22929,398116.3086204529
22930,399737.5937843323
22931,122165.31820297241
22932,211399.1216583252
22933,399566.60078048706
22934,104606.76828765869
22935,250977.421333313
22936,173323.03175735474
22937,398912.05503082275
22938,397876.99284362793
22939,399932.353969574
22940,93933.64483261108
22941,240658.26203155518
22942,277563.7191886902
22943,398960.07724380493
22944,101693.28533172607
22945,93459.28091812134
22946,399442.1827354431
22947,111851.02252197266
22948,399564.346282959
22949,359036.36113739014
22950,399844.2498626709
22951,398741.7972602844
22952,399616.4214782715
22953,400461.02907180786
22954,161791.41299819946
22955,399658.43435668945
22956,202289.82661819458
22957,399080.2670288086
22958,399464.35120391846
22959,399631.5877723694
22960,399562.5862007141
22961,237356.80493927002
22962,399345.99758529663
22963,398917.22135543823
22964,398760.3992576599
22965,398673.2314682007
22966,397372.8731613159
22967,119346.43098449707
22968,399234.68212509155
22969,162323.65161895752
22970,396768.59116744995
22971,398456.799118042
22972,281399.8448829651
22973,399167.729927063
22974,399044.7905693054
22975,113234.52000808716
22976,398500.3165168762
22977,261593.06307792664
22978,399381.2381477356
22979,399883.60917282104
22980,75849.51519012451
22981,399133.1964225769
22982,99444.51551437378
22983,397862.709274292
22984,105581.48927307129
22985,96197.6581249237
22986,398349.1539802551
22987,137112.97834396362
22988,397747.04513168335
22989,398139.70290756226
22990,106251.02922058105
22991,398102.89768981934
22992,397994.4156188965
22993,112841.0786781311
22994,398966.80753707886
22995,399445.2728843689
22996,399123.4641838074
22997,398217.04847335815
22998,397374.5590286255
22999,397068.885471344
23000,399011.5990524292
23001,139612.2206916809
23002,399379.40824890137
23003,124079.62461471558
23004,398361.92875671387
23005,143897.0727043152
23006,396624.05756378174
23007,398270.1433906555
23008,109993.09693145752
23009,398249.0842666626
23010,397475.27725219727
23011,381797.71897125244
23012,398799.4124031067
23013,94212.08502006531
23014,397418.008808136
23015,398284.87559890747
23016,397684.70386886597
23017,398179.8430175781
23018,109110.05197525024
23019,399255.7820739746
23020,398456.06689071655
23021,400082.61806869507
23022,96237.7785949707
23023,98176.62456893921
23024,398093.46698760986
23025,396153.70822143555
23026,399346.564414978
23027,397511.00592803955
23028,86361.1466178894
23029,95000.79943084717
23030,398024.7293357849
23031,398459.99003601074
23032,399068.99016952515
23033,399168.8828239441
23034,399069.02548217773
23035,397569.05868911743
23036,399285.44818496704
23037,399839.73053741455
23038,398903.42208480835
23039,398973.9331817627
23040,316268.31954956055
23041,398473.74798583984
23042,130420.86456680298
23043,85952.21305847168
23044,397035.72103881836
23045,397147.7374649048
23046,399134.77729415894
23047,98649.58581924438
23048,398215.74058914185
23049,76059.15462875366
23050,397674.55282211304
23051,395196.05236434937
23052,396406.4281539917
23053,133756.9674987793
23054,397379.6868019104
23055,397942.7477798462
23056,398222.63133621216
23057,398373.782333374
23058,397034.48302459717
23059,396641.7070198059
23060,398988.6753425598
23061,111477.47180175781
23062,119489.11410140991
23063,398923.8891944885
23064,107940.67883682251
23065,392122.1614189148
23066,396524.2488708496
23067,271956.3567714691
23068,191677.62009429932
23069,398456.16844940186
23070,395702.9945869446
23071,396961.26110076904
23072,99819.47087097168
23073,339350.75287246704
23074,399062.8866996765
23075,398901.2611999512
23076,397321.53246307373
23077,398332.4295730591
23078,398656.9496688843
23079,399165.312915802
23080,397057.657245636
23081,399466.510345459
23082,121323.6710319519
23083,100034.97393417358
23084,398142.3218193054
23085,106256.14234542847
23086,81615.77389907837
23087,399874.25246429443
23088,399221.8829193115
23089,397962.2234916687
23090,397791.3749885559
23091,71516.60614776611
23092,313179.4204788208
23093,399434.315032959
23094,148388.28393554688
23095,399327.1025695801
23096,398798.10984420776
23097,398884.4661140442
23098,397950.6541748047
23099,395854.2490081787
23100,397588.7067489624
23101,399716.9715423584
23102,398150.3772239685
23103,59308.247131347656
23104,398762.0425796509
23105,398089.9551048279
23106,398637.46183395386
23107,398627.8816871643
23108,399212.3791999817
23109,399541.8822631836
23110,87618.93194580078
23111,324225.5747241974
23112,95218.17832565308
23113,395058.54889297485
23114,81907.72220230103
23115,395125.66498947144
23116,247296.20442199707
23117,397998.650554657
23118,398400.13121795654
23119,398434.66871643066
23120,397163.6549568176
23121,142523.961353302
23122,320153.4389953613
23123,159518.89877700806
23124,398112.5605735779
23125,397392.0287628174
23126,395610.0877304077
23127,258153.29671478271
23128,398726.15422821045
23129,399399.2491798401
23130,109804.82476425171
23131,400340.2277984619
23132,270371.33436203003
23133,397773.0076904297
23134,397827.0007286072
23135,398416.3521385193
23136,396878.3766899109
23137,399327.19400787354
23138,398144.0153083801
23139,398710.91648864746
23140,398388.6036567688
23141,399169.3619232178
23142,112201.73830223083
23143,398345.07651519775
23144,398906.1975708008
23145,394401.27377319336
23146,398635.6017303467
23147,86881.54553604126
23148,89287.97577667236
23149,96231.22848701477
23150,97282.27629470825
23151,399443.4137535095
23152,94164.95412445068
23153,398506.42656707764
23154,399565.2788848877
23155,80640.32179641724
23156,109547.87401199341
23157,111712.77744674683
23158,311532.5555648804
23159,398750.96279525757
23160,399250.765663147
23161,395863.1813850403
23162,397696.34549331665
23163,398988.1817741394
23164,399388.8839035034
23165,101644.32094955444
23166,399473.047328949
23167,397465.4718475342
23168,399098.4850578308
23169,84063.6460571289
23170,395775.2759628296
23171,398690.43382644653
23172,398449.48749542236
23173,112976.17057418823
23174,399189.9616508484
23175,398286.8501701355
23176,396768.2323913574
23177,398393.8193740845
23178,114333.4278831482
23179,396577.9505882263
23180,397491.7456932068
23181,398581.70585632324
23182,397513.0885810852
23183,397670.48316955566
23184,151106.77002334595
23185,397842.92556762695
23186,399071.16286087036
23187,95972.4005279541
23188,83805.57301330566
23189,398045.3180656433
23190,224511.58041000366
23191,399481.2683792114
23192,146369.15941619873
23193,396136.80365371704
23194,88146.47757339478
23195,110993.56025505066
23196,93187.86087989807
23197,101597.54460906982
23198,142599.46347427368
23199,155086.90298461914
23200,399015.93073654175
23201,398627.12327957153
23202,355999.77589416504
23203,172801.55142974854
23204,104403.81597137451
23205,399201.0470352173
23206,399600.02130126953
23207,117168.85060501099
23208,110895.66695404053
23209,164019.31703948975
23210,232599.19458007812
23211,135132.72244262695
23212,399207.82203292847
23213,399757.6558609009
23214,399402.3481140137
23215,398798.11392593384
23216,118501.92797470093
23217,398098.528339386
23218,398970.9475784302
23219,397834.4759864807
23220,399794.1329498291
23221,399272.3521194458
23222,398738.33139419556
23223,398476.164226532
23224,397637.4186630249
23225,362656.31900405884
23226,149327.8848991394
23227,397240.7929992676
23228,198480.7408103943
23229,398118.1445350647
23230,399570.87493133545
23231,397961.4281921387
23232,398190.74827194214
23233,400336.65882110596
23234,400094.9411621094
23235,398414.64430618286
23236,398930.7596626282
23237,400072.09192276
23238,397960.0903968811
23239,398661.50788879395
23240,399835.9782524109
23241,398177.1575202942
23242,346632.3696784973
23243,398897.66453933716
23244,82150.9852104187
23245,398740.7437133789
23246,396931.7562561035
23247,106963.5857963562
23248,398903.7928085327
23249,399273.0860595703
23250,397295.3759384155
23251,149516.03289413452
23252,397206.1162452698
23253,399140.3948135376
23254,398692.0175552368
23255,397940.2612609863
23256,398940.31774520874
23257,398291.44875335693
23258,365751.83266067505
23259,398290.2203063965
23260,258147.24019622803
23261,394694.06692123413
23262,398688.66707229614
23263,399357.85774993896
23264,398568.99376296997
23265,398600.74141693115
23266,398035.2089920044
23267,396782.69052124023
23268,234964.74850082397
23269,398890.71044158936
23270,398688.9981994629
23271,397514.4609413147
23272,397588.63527679443
23273,397957.0559654236
23274,398744.7188568115
23275,398220.2560119629
23276,216053.2201576233
23277,87636.06151199341
23278,399432.6206893921
23279,309336.24014282227
23280,398738.21185302734
23281,275619.03980255127
23282,399457.3582191467
23283,83971.41475105286
23284,399457.44957351685
23285,132187.3525428772
23286,142270.9977684021
23287,399437.44636154175
23288,399201.5794067383
23289,398319.0966453552
23290,124660.29292678833
23291,142211.38397216797
23292,92301.56748580933
23293,194687.33361816406
23294,104594.68870925903
23295,214187.79874038696
23296,86361.18326187134
23297,399559.6123352051
23298,179561.34812927246
23299,398152.40397644043
23300,118812.70406341553
23301,139036.80306625366
23302,208774.13759613037
23303,399659.53144454956
23304,398972.20697021484
23305,399510.4888534546
23306,113855.82766342163
23307,137924.38833618164
23308,176620.14936065674
23309,398253.0289077759
23310,400146.8596191406
23311,398236.97205734253
23312,90190.56684875488
23313,86836.29108810425
23314,399468.23917770386
23315,398891.20431137085
23316,394418.050491333
23317,398355.10469055176
23318,396120.7403717041
23319,398412.0516242981
23320,397904.47331237793
23321,394532.0884208679
23322,259863.42443084717
23323,397777.8823661804
23324,362098.5895767212
23325,398833.3201980591
23326,80614.7191772461
23327,399709.0651779175
23328,69486.31617736816
23329,397531.58072280884
23330,399548.39796066284
23331,397979.4320297241
23332,399063.13483047485
23333,399254.22089004517
23334,395779.5846786499
23335,398537.4334869385
23336,166238.66032791138
23337,104267.85312652588
23338,399160.20164489746
23339,398010.4204597473
23340,124241.84358978271
23341,399427.1103744507
23342,399500.850894928
23343,398116.47634887695
23344,398111.2537956238
23345,398808.1372566223
23346,399645.2887840271
23347,397045.9448928833
23348,399523.5092353821
23349,398831.2859611511
23350,377297.5205974579
23351,397305.50287246704
23352,110237.65760040283
23353,396633.5413246155
23354,397242.08488845825
23355,399115.1664581299
23356,399412.318069458
23357,399105.57289505005
23358,143399.52292060852
23359,397333.6876716614
23360,338400.3490123749
23361,397542.2881202698
23362,396647.7964935303
23363,397919.230014801
23364,397190.6745643616
23365,397458.695602417
23366,283103.25996398926
23367,397641.93421936035
23368,98000.39687156677
23369,96788.2632598877
23370,349308.92070007324
23371,397666.5396156311
23372,394913.0702857971
23373,398100.4397544861
23374,397702.7429161072
23375,397303.00481796265
23376,104213.3447227478
23377,395674.98526000977
23378,397617.61782455444
23379,398935.77353286743
23380,336083.56912612915
23381,223404.16089248657
23382,137991.79405593872
23383,398462.58839035034
23384,398073.0122795105
23385,90016.22504806519
23386,202215.75318527222
23387,267517.85369873047
23388,398208.8013114929
23389,163961.8150062561
23390,397349.421295166
23391,396599.91271591187
23392,327199.3998680115
23393,398446.26110458374
23394,289352.82609558105
23395,398554.44733810425
23396,397771.8743095398
23397,396899.59368515015
23398,396060.0659713745
23399,398226.46995544434
23400,398140.65088653564
23401,113616.12669754028
23402,397434.07680130005
23403,398126.1148300171
23404,127344.98155975342
23405,398338.7436103821
23406,397969.97843170166
23407,397733.116897583
23408,398277.9879722595
23409,398775.8357887268
23410,398943.2845878601
23411,139201.00973892212
23412,398677.41033935547
23413,398030.9200325012
23414,397607.5109825134
23415,398355.3455505371
23416,399296.8936805725
23417,399235.70639801025
23418,398464.44886398315
23419,163382.22578430176
23420,397473.8135871887
23421,398122.38164520264
23422,398704.9128303528
23423,397814.9503059387
23424,398324.1015434265
23425,277765.2108078003
23426,399170.71365737915
23427,399454.1957511902
23428,398316.0947418213
23429,399011.9723930359
23430,400374.7476348877
23431,399972.8527984619
23432,400048.1699562073
23433,273713.6336746216
23434,399548.1551551819
23435,398544.45279312134
23436,399454.92498779297
23437,399423.61795425415
23438,48585.2229309082
23439,400340.81341934204
23440,398906.1840438843
23441,399765.9582862854
23442,174698.47947120667
23443,398750.77783966064
23444,399278.2436027527
23445,398785.8398284912
23446,398962.41067123413
23447,112784.87963867188
23448,399376.8999938965
23449,123875.23000335693
23450,400116.6841850281
23451,212418.60480499268
23452,399057.27729797363
23453,398019.34300613403
23454,399532.4874267578
23455,309618.88733673096
23456,399122.33068847656
23457,138115.043384552
23458,400119.3147697449
23459,399680.9489440918
23460,400185.3948326111
23461,398375.7676086426
23462,398364.8171005249
23463,399669.16846084595
23464,387802.9762802124
23465,398860.54370880127
23466,237488.2982673645
23467,399260.6071548462
23468,186664.8532524109
23469,399629.7861480713
23470,398292.45556259155
23471,399844.86727523804
23472,398979.34104919434
23473,138642.0182952881
23474,397699.6129722595
23475,108017.53827667236
23476,399151.7269935608
23477,398650.56785964966
23478,399566.6438446045
23479,400098.3270454407
23480,399710.7666282654
23481,399923.18489456177
23482,399823.6499595642
23483,397156.54206848145
23484,161890.82121276855
23485,101313.71490478516
23486,399806.9964065552
23487,398798.9426994324
23488,398518.492603302
23489,399945.39891433716
23490,87595.16785049438
23491,398891.99447250366
23492,78188.29565811157
23493,87159.74973678589
23494,398831.02808761597
23495,90477.62894058228
23496,398561.7167854309
23497,128512.47883605957
23498,398446.1706542969
23499,398030.7159843445
23500,399316.1915130615
23501,368927.0223579407
23502,86196.1961555481
23503,399361.78147888184
23504,44804.913380622864
23505,235937.68758010864
23506,398429.4968109131
23507,329483.4599761963
23508,123548.62322616577
23509,193462.77906417847
23510,138571.65893936157
23511,398792.8066673279
23512,398470.15910339355
23513,119273.59034347534
23514,93314.9317779541
23515,399067.6856460571
23516,256906.17391204834
23517,106639.87072753906
23518,398322.32554244995
23519,397914.94232940674
23520,397631.36361694336
23521,84938.04441833496
23522,171305.87336730957
23523,136757.1089668274
23524,399088.19089508057
23525,397942.7525444031
23526,321054.79500579834
23527,396731.7151260376
23528,68775.32920455933
23529,396413.32651138306
23530,79937.94702911377
23531,397813.31060791016
23532,396954.9390335083
23533,79525.66137313843
23534,399875.0869293213
23535,398085.70108795166
23536,398299.03662872314
23537,69667.18741989136
23538,112037.8675994873
23539,398589.4405517578
23540,89623.69899177551
23541,397743.7360839844
23542,398138.8952217102
23543,399046.4567298889
23544,399635.2726135254
23545,398790.17152786255
23546,398281.26877593994
23547,397610.33682250977
23548,108475.43989562988
23549,399514.51944351196
23550,399600.86029434204
23551,126697.28921508789
23552,399660.9918708801
23553,398920.97801971436
23554,400048.6513442993
23555,125194.37993240356
23556,399072.19957351685
23557,398468.7479362488
23558,399052.5180168152
23559,181253.34475326538
23560,399867.4988746643
23561,399132.30241394043
23562,398320.25552368164
23563,234943.07620620728
23564,398583.66614151
23565,397732.260055542
23566,96529.33937835693
23567,398141.7597923279
23568,398174.6168899536
23569,399612.8068885803
23570,398757.4226951599
23571,397684.0271911621
23572,397700.3659706116
23573,117588.10092544556
23574,397663.4879798889
23575,397203.1083602905
23576,399331.6741409302
23577,398847.4125595093
23578,398385.43128585815
23579,99511.48538970947
23580,109602.16431427002
23581,395091.4876022339
23582,103401.18754196167
23583,399540.569442749
23584,398901.15188217163
23585,255555.52863121033
23586,195162.07942199707
23587,107209.1874961853
23588,397896.7904930115
23589,165993.96272277832
23590,398121.1015510559
23591,397816.8562889099
23592,398297.2336730957
23593,398031.00759887695
23594,398302.2364425659
23595,120135.1151599884
23596,396789.06925201416
23597,231823.65935516357
23598,398027.52292251587
23599,85160.0253162384
23600,123402.80307197571
23601,100675.91695022583
23602,86915.93958091736
23603,396825.8047943115
23604,398859.35191726685
23605,363558.6566848755
23606,99315.13047027588
23607,398732.2790260315
23608,87119.80474853516
23609,140805.3103427887
23610,396494.9623718262
23611,207283.3736553192
23612,145467.33880615234
23613,70104.65642547607
23614,290375.27364730835
23615,94071.16143417358
23616,399204.07162857056
23617,398545.24573516846
23618,73304.97267532349
23619,398160.73500442505
23620,397249.57821273804
23621,397474.23959732056
23622,83722.98299407959
23623,396484.19647979736
23624,396269.17095947266
23625,123044.34449386597
23626,396933.06995391846
23627,217013.3635559082
23628,397135.4042816162
23629,269309.12730789185
23630,398335.27883148193
23631,398831.12716293335
23632,393843.00997161865
23633,331175.4943885803
23634,397605.1837043762
23635,346937.8147277832
23636,397135.5426979065
23637,290562.89656448364
23638,398246.6506996155
23639,397902.84075164795
23640,395999.96198272705
23641,398871.15085220337
23642,86005.6590423584
23643,100257.43778800964
23644,239604.62464904785
23645,398398.612827301
23646,398226.08393096924
23647,397794.83306503296
23648,217209.5368309021
23649,86012.4642868042
23650,397401.35546875
23651,396151.914932251
23652,396102.26387786865
23653,395678.53661346436
23654,395271.3442001343
23655,265448.059047699
23656,395380.9328994751
23657,396010.0733413696
23658,99263.76600265503
23659,371146.57999801636
23660,366143.4090385437
23661,394144.06383132935
23662,154249.60525131226
23663,394357.2627220154
23664,123323.74429130554
23665,392324.8577156067
23666,393042.06284332275
23667,397304.62787246704
23668,397166.3362121582
23669,398075.9877624512
23670,396868.12328338623
23671,212323.3320236206
23672,167473.00290489197
23673,395676.8007774353
23674,396689.5231437683
23675,397761.962059021
23676,396913.5790977478
23677,399174.2413749695
23678,163237.16123199463
23679,395809.1856460571
23680,399206.1970977783
23681,395221.2849884033
23682,285708.30417633057
23683,397639.21450805664
23684,398846.9537162781
23685,396967.6365966797
23686,307957.9043998718
23687,103961.66813659668
23688,399610.5901184082
23689,396389.2611999512
23690,69285.67587280273
23691,397157.333568573
23692,397058.46559143066
23693,397168.0808868408
23694,397896.21828079224
23695,398227.0218887329
23696,293527.5520553589
23697,397182.22982788086
23698,397105.4234085083
23699,165459.76371383667
23700,121935.26160430908
23701,93833.85830879211
23702,399295.068611145
23703,398588.9324951172
23704,398316.1599121094
23705,396212.4717178345
23706,398007.6131629944
23707,398455.0906600952
23708,398243.8316497803
23709,397239.5550727844
23710,398354.66719436646
23711,397596.7070083618
23712,400065.17403030396
23713,397997.1185798645
23714,397125.61194610596
23715,399125.7748603821
23716,398529.749710083
23717,400118.00062942505
23718,399637.964389801
23719,398668.9277114868
23720,399486.3057670593
23721,399708.7701950073
23722,399922.75578308105
23723,399044.18517303467
23724,121981.82124137878
23725,398517.97314071655
23726,397344.1922645569
23727,73428.25327301025
23728,397395.0197982788
23729,395351.74839401245
23730,397452.32357406616
23731,88877.51613235474
23732,163605.92764282227
23733,395473.2392425537
23734,398965.0746002197
23735,399213.6414413452
23736,398838.2002296448
23737,398377.0993537903
23738,399654.93912887573
23739,399645.45446777344
23740,97556.7462310791
23741,279692.3496437073
23742,204505.52752304077
23743,399766.90103912354
23744,399267.87913894653
23745,398405.6403312683
23746,116947.71422958374
23747,398184.71253967285
23748,331881.71253967285
23749,380923.51721954346
23750,398269.08807373047
23751,67404.58636283875
23752,398824.9832878113
23753,113372.55187416077
23754,399425.9090614319
23755,399878.77646255493
23756,399528.7978172302
23757,397571.5187263489
23758,398413.6239051819
23759,397481.3750114441
23760,397979.98330688477
23761,397578.3866920471
23762,105642.17506027222
23763,397688.66050338745
23764,131897.67671585083
23765,398344.67599105835
23766,357446.12644577026
23767,388895.1312942505
23768,395472.92821884155
23769,397380.63356781006
23770,163333.8560180664
23771,395593.3656616211
23772,139003.19329452515
23773,93440.93391036987
23774,245951.06902694702
23775,398639.97606277466
23776,396010.2855758667
23777,353196.9808769226
23778,399748.7233772278
23779,203512.84034729004
23780,117496.22957229614
23781,397904.55390930176
23782,59595.910301208496
23783,83595.67923736572
23784,97266.87100219727
23785,291757.99301719666
23786,398299.1255531311
23787,397737.02755355835
23788,399113.9145202637
23789,399162.02423095703
23790,321853.511756897
23791,160753.58342933655
23792,223663.10860061646
23793,396514.1678123474
23794,139066.62018585205
23795,398304.6028442383
23796,399155.0781059265
23797,93716.13860321045
23798,397898.16535949707
23799,398617.96558380127
23800,398744.5827217102
23801,397821.9749069214
23802,398996.2101325989
23803,399726.9292640686
23804,397187.98110580444
23805,399355.4637184143
23806,399013.4681930542
23807,398937.1496887207
23808,182134.33889770508
23809,399677.95168685913
23810,398684.0820045471
23811,66044.97858047485
23812,398556.3811340332
23813,95791.25606536865
23814,398887.11743927
23815,398305.34172821045
23816,115401.12015151978
23817,400094.417514801
23818,398375.07286453247
23819,106098.61757278442
23820,228671.03274154663
23821,97065.74843597412
23822,398693.77097320557
23823,399407.5015144348
23824,399633.615234375
23825,399804.8800544739
23826,400046.47467041016
23827,398340.9094810486
23828,398299.4212913513
23829,398537.48640823364
23830,399878.1484336853
23831,396368.46935653687
23832,398539.3460159302
23833,398537.61235809326
23834,398370.71447753906
23835,398662.0578727722
23836,399741.9773674011
23837,84970.23062133789
23838,260781.477268219
23839,135375.125831604
23840,399252.19496536255
23841,397162.18518829346
23842,399336.12926101685
23843,398713.5825653076
23844,398383.9411239624
23845,398159.12936782837
23846,398574.3807601929
23847,127912.63743591309
23848,399295.7894439697
23849,398193.4397315979
23850,399260.2003707886
23851,397686.39068984985
23852,399243.92959213257
23853,398538.3740577698
23854,106012.18684005737
23855,399183.7316017151
23856,397760.67768859863
23857,397573.4652748108
23858,398016.6208534241
23859,398341.0187225342
23860,345240.55232810974
23861,144201.75365447998
23862,397966.2127342224
23863,399057.13427734375
23864,398213.9095611572
23865,399225.60193634033
23866,398677.869720459
23867,399147.2010345459
23868,396660.31593322754
23869,399736.47676086426
23870,395493.3623352051
23871,398091.8917694092
23872,93170.56113433838
23873,398279.892539978
23874,398280.8230628967
23875,361688.36123275757
23876,397273.222782135
23877,397238.14192581177
23878,396672.11684799194
23879,399843.3614501953
23880,398594.66248703003
23881,399058.2178993225
23882,398270.75999832153
23883,398304.7615470886
23884,335629.3283805847
23885,397740.4678001404
23886,399516.09756469727
23887,399188.7973175049
23888,244205.20691680908
23889,115728.56394958496
23890,398400.94344329834
23891,399338.06213378906
23892,169285.8784790039
23893,188217.1839942932
23894,398804.7286300659
23895,399064.7871170044
23896,399496.14153671265
23897,141594.0995578766
23898,399247.09910964966
23899,397807.7029495239
23900,399250.8029975891
23901,399720.8579940796
23902,399208.09649276733
23903,136720.50967407227
23904,398712.3221664429
23905,236372.96857452393
23906,92706.61032295227
23907,398168.52598953247
23908,399486.5897254944
23909,398397.86335372925
23910,121479.02319908142
23911,260955.66991615295
23912,189202.27337265015
23913,88039.60286331177
23914,398427.3812637329
23915,399254.59383392334
23916,110153.55755615234
23917,398799.2941017151
23918,397273.38708877563
23919,261470.4808959961
23920,158773.61895370483
23921,399629.71883392334
23922,85408.50010681152
23923,398317.3824958801
23924,84982.12084579468
23925,118299.30480575562
23926,398953.9198875427
23927,399457.168510437
23928,398049.54050064087
23929,398622.23819351196
23930,399687.43367767334
23931,151446.33223724365
23932,399432.15243911743
23933,398495.3464279175
23934,396783.51388168335
23935,138010.27994537354
23936,398151.08403396606
23937,398838.81465148926
23938,398315.33054351807
23939,397009.5089645386
23940,398745.337600708
23941,398272.1763725281
23942,398196.3998069763
23943,319251.4440345764
23944,158025.50970840454
23945,397407.42193222046
23946,100906.22650146484
23947,398565.1320877075
23948,399015.1665840149
23949,399478.109954834
23950,396124.12576293945
23951,398995.7554016113
23952,84351.76627540588
23953,399020.0291900635
23954,399897.999584198
23955,398484.9323654175
23956,399933.00721359253
23957,399653.7386665344
23958,79258.07147979736
23959,399750.56102752686
23960,399740.2555999756
23961,398361.7308616638
23962,384206.70252227783
23963,399519.74366760254
23964,398944.0845336914
23965,400491.0554084778
23966,396630.73359680176
23967,94623.44070243835
23968,397628.2141571045
23969,399547.44037246704
23970,398061.25897216797
23971,398758.85903167725
23972,398086.95863723755
23973,398355.4841041565
23974,398750.0644187927
23975,192648.83171653748
23976,78270.53019714355
23977,399235.58530807495
23978,397794.9852333069
23979,248622.61585235596
23980,396180.3948287964
23981,398124.0034790039
23982,395681.35232925415
23983,399725.99013900757
23984,64838.236743927
23985,85259.90392684937
23986,395142.5785560608
23987,396599.0711288452
23988,117142.50275611877
23989,395873.13440704346
23990,398987.7111053467
23991,212862.52115631104
23992,255580.07369613647
23993,398715.808631897
23994,396024.78926086426
23995,84285.44063568115
23996,107871.49090957642
23997,394772.5618400574
23998,397492.4084701538
23999,221678.34337234497
24000,396985.76833343506
24001,397600.785194397
24002,152226.66716766357
24003,398669.31396865845
24004,397928.21283721924
24005,399457.8795013428
24006,399145.7167816162
24007,399757.6176109314
24008,397991.78049087524
24009,399382.23307800293
24010,398561.35803985596
24011,398564.9153404236
24012,398868.5849876404
24013,397632.2036895752
24014,95601.32502365112
24015,110600.71921157837
24016,399862.7065887451
24017,396848.86081695557
24018,398475.05087661743
24019,399411.70111846924
24020,176184.63967132568
24021,397336.7299003601
24022,398402.26944351196
24023,399194.7250556946
24024,69743.31670188904
24025,98790.23658180237
24026,399066.97229003906
24027,89341.38391113281
24028,165556.42000961304
24029,398725.76708984375
24030,128575.64660644531
24031,398022.809463501
24032,327225.2982673645
24033,398784.6039085388
24034,253822.73958206177
24035,398564.3360786438
24036,399812.7127456665
24037,399902.39294433594
24038,398267.0185813904
24039,398267.75023269653
24040,399422.25344085693
24041,397752.86277389526
24042,397695.14531326294
24043,397233.1854095459
24044,398686.7230834961
24045,279383.8793144226
24046,398786.0630569458
24047,399514.51442718506
24048,399271.2425842285
24049,351839.6182727814
24050,300487.5659942627
24051,398487.22049331665
24052,398656.9138908386
24053,91163.86276817322
24054,398251.7563934326
24055,397578.75453186035
24056,398602.43575286865
24057,113519.06649398804
24058,397160.3982582092
24059,397834.6312561035
24060,399011.9533729553
24061,398795.4465522766
24062,400041.3387298584
24063,400138.4513053894
24064,396909.77726364136
24065,398247.4102935791
24066,394995.71032333374
24067,398965.905166626
24068,398224.3235054016
24069,398307.06435775757
24070,399312.6622543335
24071,399195.56676101685
24072,395963.61502075195
24073,397836.6156349182
24074,397732.56020736694
24075,399975.9928894043
24076,396218.38751220703
24077,245006.73067092896
24078,399195.46633148193
24079,73446.75142669678
24080,397446.13485717773
24081,399321.06885147095
24082,398622.7389831543
24083,397403.2519302368
24084,398363.34672546387
24085,396717.88051986694
24086,398273.5268936157
24087,398505.0129737854
24088,397606.21451568604
24089,104477.29864883423
24090,399480.7788963318
24091,397810.04386138916
24092,397974.0766105652
24093,397603.3968772888
24094,225300.91405296326
24095,397854.3430786133
24096,399048.8558502197
24097,398288.2314796448
24098,399147.5453071594
24099,399308.75228500366
24100,399272.77601242065
24101,399862.43729400635
24102,397864.4218940735
24103,76019.03504180908
24104,296196.846118927
24105,398569.27367019653
24106,398715.9722671509
24107,398413.65661239624
24108,86660.91438674927
24109,399113.17252731323
24110,399394.2286300659
24111,398469.9039993286
24112,398157.1379890442
24113,399678.14041137695
24114,397950.32486724854
24115,398954.3222579956
24116,101324.06265640259
24117,398962.5497817993
24118,148841.17597198486
24119,398066.4792366028
24120,398578.01148986816
24121,119748.24961853027
24122,145873.89903640747
24123,397715.36949920654
24124,399511.6812133789
24125,398424.99547195435
24126,397482.92988967896
24127,398791.7988166809
24128,112002.21492767334
24129,397537.7268409729
24130,132427.16107559204
24131,399005.27423095703
24132,397367.24155044556
24133,398730.54887771606
24134,71169.2137184143
24135,163097.50777435303
24136,399230.8311805725
24137,397282.23302078247
24138,399569.31215286255
24139,399387.72537231445
24140,399428.1120033264
24141,400255.44104385376
24142,311585.4732398987
24143,399733.54835128784
24144,397004.037689209
24145,100910.80905532837
24146,397591.4374732971
24147,397045.97958374023
24148,221842.2400817871
24149,398547.2930755615
24150,397660.2693634033
24151,396869.91342163086
24152,399835.99029922485
24153,89755.02479934692
24154,78286.62210845947
24155,75685.33764648438
24156,245067.16847229004
24157,78909.4550819397
24158,397466.76927948
24159,85382.53330230713
24160,130140.7627696991
24161,398113.7808532715
24162,63382.36119842529
24163,123263.91157150269
24164,97345.70158958435
24165,399455.2904319763
24166,82665.7057800293
24167,66723.66973495483
24168,397744.6693344116
24169,82792.9323348999
24170,103425.02737808228
24171,84908.5838432312
24172,111185.24142074585
24173,151437.05533981323
24174,399157.39723968506
24175,397744.35481643677
24176,398232.64597320557
24177,81024.80834960938
24178,396159.77976989746
24179,123734.56916046143
24180,395584.2666091919
24181,397533.2233467102
24182,399213.2977142334
24183,397532.97525024414
24184,100369.16278839111
24185,397021.4733924866
24186,398899.3808479309
24187,284202.57095718384
24188,399360.92908859253
24189,96774.20881271362
24190,396722.5811576843
24191,399201.7324409485
24192,84070.07009506226
24193,394612.2890701294
24194,88024.70100212097
24195,398610.9144859314
24196,397553.96437072754
24197,109718.8634300232
24198,91434.15008544922
24199,394429.8535423279
24200,398416.2099571228
24201,399114.4713783264
24202,97993.31983184814
24203,399296.43992233276
24204,399733.4219779968
24205,397708.18561553955
24206,398764.0379447937
24207,398608.5284843445
24208,82468.79525375366
24209,399078.3597831726
24210,367005.7906188965
24211,399275.01055526733
24212,398977.4829711914
24213,398864.647315979
24214,399058.69652175903
24215,396199.4807701111
24216,399484.1406021118
24217,397367.6517944336
24218,122440.54566764832
24219,396092.05562210083
24220,397416.64847946167
24221,399706.0642929077
24222,399573.29250335693
24223,83688.09790039062
24224,80318.90504455566
24225,212244.07682800293
24226,398363.6731071472
24227,399019.8268623352
24228,398224.0658836365
24229,115213.25927352905
24230,398018.2272644043
24231,399955.69457244873
24232,398542.0681190491
24233,132075.96129608154
24234,398726.0806732178
24235,109648.179063797
24236,72892.10935974121
24237,164689.65556907654
24238,399136.8052711487
24239,69949.71843719482
24240,95584.09358596802
24241,398974.88360595703
24242,398765.46981811523
24243,397969.6247062683
24244,203483.76930618286
24245,114917.84572601318
24246,395195.5932121277
24247,68682.43668746948
24248,396962.5508079529
24249,397776.79344177246
24250,399289.82233047485
24251,398526.4737701416
24252,170959.8708667755
24253,99684.29895401001
24254,89124.37835502625
24255,399368.6032142639
24256,399101.1603317261
24257,397536.3105316162
24258,185275.82448768616
24259,397550.8833961487
24260,141473.82052230835
24261,236004.85848999023
24262,309510.0669517517
24263,398937.67293548584
24264,397791.45470809937
24265,398824.80251312256
24266,397133.30349349976
24267,398815.6800689697
24268,396383.44204330444
24269,397393.12828826904
24270,260983.43478012085
24271,399387.96323394775
24272,97671.00684738159
24273,208834.65689849854
24274,263700.88636398315
24275,397602.9283294678
24276,398302.7939453125
24277,398561.3645477295
24278,398063.10174942017
24279,99155.17770385742
24280,397526.73947906494
24281,400118.0100326538
24282,213545.4945716858
24283,97886.70822143555
24284,397847.6126937866
24285,398381.20684432983
24286,397439.5798110962
24287,93644.61226272583
24288,397437.92111968994
24289,88170.05274581909
24290,398029.0054092407
24291,399576.1433105469
24292,398357.7192726135
24293,105981.63088607788
24294,398328.8691482544
24295,397777.8771934509
24296,397368.88596725464
24297,398025.11011886597
24298,397355.84675979614
24299,399440.1817893982
24300,77384.37213134766
24301,400056.94369888306
24302,397876.53966903687
24303,398877.6894454956
24304,89337.6505203247
24305,397628.8229408264
24306,85048.22292137146
24307,399626.8738937378
24308,399959.002117157
24309,399159.91148757935
24310,397531.6620826721
24311,399078.378364563
24312,399278.8429222107
24313,397604.87704086304
24314,399264.3368148804
24315,136067.01541900635
24316,399816.44400024414
24317,399136.5937347412
24318,260225.14991378784
24319,87359.98839759827
24320,68628.87023544312
24321,398407.64571762085
24322,398073.5886268616
24323,398124.5886955261
24324,397914.47398757935
24325,398292.22647094727
24326,208738.88445281982
24327,400372.4613685608
24328,76805.21284866333
24329,397339.3504486084
24330,398869.49003601074
24331,202090.0624885559
24332,79494.87931442261
24333,92076.021068573
24334,397574.16926574707
24335,82161.64572143555
24336,398829.98567199707
24337,196515.1690673828
24338,398705.3287124634
24339,394538.66564941406
24340,128825.37720870972
24341,74532.27159881592
24342,399182.5046081543
24343,399349.3159751892
24344,75965.43634796143
24345,399828.5277557373
24346,397001.0865211487
24347,397237.1679382324
24348,397916.730430603
24349,399314.9840698242
24350,396484.7261695862
24351,396134.07804107666
24352,120606.94955444336
24353,223597.82396697998
24354,398677.0920639038
24355,186185.08263397217
24356,395464.9736289978
24357,398608.81969833374
24358,397718.3311691284
24359,228507.5804233551
24360,398607.61042022705
24361,398434.9749908447
24362,397569.0756530762
24363,149981.994430542
24364,399029.04203796387
24365,398701.5298652649
24366,398212.82287216187
24367,398937.9144973755
24368,398452.36110305786
24369,398920.2939224243
24370,398192.01971435547
24371,398883.44037628174
24372,397457.84452819824
24373,156931.20888710022
24374,397958.68423461914
24375,397489.71697998047
24376,397737.6319923401
24377,371666.2148208618
24378,108748.46865463257
24379,397642.7254676819
24380,397350.47451782227
24381,397583.87480163574
24382,396847.1485671997
24383,228217.05015182495
24384,394358.59760665894
24385,397267.91801834106
24386,396473.4964103699
24387,283965.91229629517
24388,140680.9464416504
24389,305103.86738967896
24390,397164.21047210693
24391,103399.61516189575
24392,395938.4125213623
24393,395577.9344444275
24394,227600.44373703003
24395,397050.2700843811
24396,119383.18779373169
24397,398473.0697822571
24398,346713.4864616394
24399,396944.73233413696
24400,396720.034740448
24401,396814.41579437256
24402,117450.50564193726
24403,397093.35540390015
24404,397470.2091445923
24405,397617.957485199
24406,396321.3529930115
24407,396078.8793067932
24408,397668.70586013794
24409,398767.36209106445
24410,396320.0857887268
24411,397845.4393386841
24412,398047.6120491028
24413,397067.6296195984
24414,398465.0362815857
24415,396801.37188720703
24416,130725.16549682617
24417,398658.016078949
24418,398254.8282279968
24419,399868.2191467285
24420,397420.51428985596
24421,314264.9753303528
24422,366280.0904273987
24423,397815.0369873047
24424,382930.9873123169
24425,398336.4539833069
24426,398302.6574935913
24427,395645.47410964966
24428,270851.0973510742
24429,398585.51486587524
24430,398364.74715423584
24431,397548.1834640503
24432,101752.41776275635
24433,363282.33668899536
24434,387777.9789085388
24435,398547.8542022705
24436,398824.36337661743
24437,397273.82664489746
24438,396156.5472640991
24439,398497.99087142944
24440,399935.2878265381
24441,398023.0495109558
24442,397982.82456207275
24443,89653.2889137268
24444,398214.2319831848
24445,398888.579208374
24446,398740.3716583252
24447,398156.5633010864
24448,399132.62871170044
24449,399936.5018424988
24450,399205.84269332886
24451,396515.74688720703
24452,349568.09913635254
24453,397138.26234054565
24454,396621.3057861328
24455,258556.26682662964
24456,397611.73275756836
24457,144783.8470840454
24458,398156.1033744812
24459,73871.01180076599
24460,399197.5881996155
24461,399135.5559043884
24462,398688.78035354614
24463,398289.5230484009
24464,398931.2639541626
24465,397117.21451568604
24466,398712.53424072266
24467,396384.0384902954
24468,397988.8121910095
24469,398652.51930618286
24470,397046.0338668823
24471,111218.80981063843
24472,397937.11058425903
24473,396679.9224586487
24474,82378.96357345581
24475,396989.2698173523
24476,86744.21313095093
24477,91052.4995803833
24478,399887.10933303833
24479,371613.1789855957
24480,297639.8076686859
24481,397011.81106185913
24482,396208.65295028687
24483,395444.0029602051
24484,249944.25174713135
24485,73585.71445846558
24486,90592.13010597229
24487,396950.2719116211
24488,148365.72466278076
24489,398491.3395805359
24490,73445.89391326904
24491,398301.5143356323
24492,82331.56652832031
24493,397702.3187522888
24494,97525.31257629395
24495,399038.4760169983
24496,397572.61739730835
24497,399174.23012161255
24498,396898.3751411438
24499,398839.05208206177
24500,398618.84771728516
24501,398620.5616569519
24502,398835.6513366699
24503,397277.50483322144
24504,399641.68645858765
24505,400425.0376853943
24506,396961.3819694519
24507,398514.99072265625
24508,397972.65003204346
24509,397315.8765335083
24510,229431.632396698
24511,398834.61447143555
24512,398400.55212783813
24513,397436.5864562988
24514,397957.95963668823
24515,398557.606464386
24516,396542.5224838257
24517,398760.5417327881
24518,397502.432056427
24519,82463.81252479553
24520,397379.78492355347
24521,397889.61333847046
24522,398742.4688568115
24523,399001.3240890503
24524,398932.82373428345
24525,398703.37967300415
24526,397983.98836517334
24527,397504.31618499756
24528,398686.98040008545
24529,398243.16495132446
24530,399431.432346344
24531,399126.8794670105
24532,398030.0608558655
24533,398352.1618690491
24534,398854.4538574219
24535,399888.9937553406
24536,399239.62537765503
24537,399909.3259277344
24538,398741.5102233887
24539,397797.07110214233
24540,398931.77952575684
24541,398997.49531173706
24542,397809.72189331055
24543,400618.0703430176
24544,297234.45521736145
24545,398092.6043815613
24546,398650.29375839233
24547,399502.97008514404
24548,399085.21084213257
24549,398619.1311607361
24550,106632.06604766846
24551,101564.04439544678
24552,398162.2102165222
24553,398094.2818183899
24554,398186.0241127014
24555,128313.40703582764
24556,398645.35498428345
24557,397933.4898376465
24558,104557.03729629517
24559,258151.47648620605
24560,399129.1629676819
24561,399589.6908226013
24562,399352.0266647339
24563,398439.45264053345
24564,60636.10962104797
24565,398866.3735733032
24566,398776.4834251404
24567,398630.42180633545
24568,398751.1334037781
24569,399117.42905044556
24570,76961.59978485107
24571,72758.48933792114
24572,89458.69673156738
24573,397285.5677642822
24574,114377.36044692993
24575,397655.785118103
24576,180058.1096382141
24577,398633.3959083557
24578,119634.76170921326
24579,92775.01719284058
24580,397329.47177505493
24581,396932.70067596436
24582,397621.2269897461
24583,389369.3584289551
24584,399438.92011260986
24585,401077.7717285156
24586,398802.9769897461
24587,82366.11625671387
24588,399211.5755805969
24589,322699.1526260376
24590,118567.72536087036
24591,317543.2166671753
24592,107804.87504196167
24593,84713.59099578857
24594,397353.7275276184
24595,397033.023273468
24596,87141.21326446533
24597,185521.24857711792
24598,80460.92545700073
24599,400181.4136238098
24600,98974.47758674622
24601,396292.3146133423
24602,398699.1698036194
24603,399149.13736343384
24604,399177.78019332886
24605,398281.94024276733
24606,399308.3710975647
24607,399735.23861694336
24608,398971.2327041626
24609,399583.8649177551
24610,398788.03115844727
24611,395990.9152145386
24612,209136.14197921753
24613,136061.02305603027
24614,399129.03747177124
24615,398038.3006401062
24616,395997.0583229065
24617,398579.2918510437
24618,90613.62317276001
24619,399198.4042930603
24620,398314.4501571655
24621,141931.513671875
24622,398012.09228897095
24623,94675.08011627197
24624,397084.8636665344
24625,398023.594417572
24626,397579.74212646484
24627,396214.34533309937
24628,399011.9022445679
24629,249414.34256362915
24630,397941.94358062744
24631,114703.49546813965
24632,398076.42946624756
24633,397381.73262405396
24634,290670.3315677643
24635,316093.6513710022
24636,397952.14053726196
24637,397550.4207992554
24638,398504.170589447
24639,223377.12907409668
24640,124901.1176071167
24641,399509.6794166565
24642,397708.932220459
24643,398841.7834663391
24644,398453.72386169434
24645,399306.0288467407
24646,398514.54832077026
24647,400003.57427215576
24648,399528.21380233765
24649,395306.06468963623
24650,314780.10874176025
24651,397091.03801345825
24652,154243.56882476807
24653,212545.57963562012
24654,398955.22061538696
24655,399569.98904418945
24656,399394.2064971924
24657,182296.16646957397
24658,398965.2916030884
24659,398871.7197647095
24660,71167.51325798035
24661,400013.19341278076
24662,398527.9260635376
24663,397575.82264328003
24664,397825.73140335083
24665,398310.09760284424
24666,400324.7499732971
24667,140728.89626693726
24668,398270.6128921509
24669,392028.19357681274
24670,398394.9620513916
24671,213088.06525039673
24672,289307.3222312927
24673,399616.1188354492
24674,398906.6873435974
24675,398715.99489212036
24676,400255.57386016846
24677,81742.81964874268
24678,399294.4299888611
24679,398644.8186759949
24680,397937.1822280884
24681,398326.0397529602
24682,254206.7592277527
24683,155905.6919631958
24684,398706.79876708984
24685,117647.85646057129
24686,341426.18954467773
24687,398209.26823425293
24688,398716.5322151184
24689,397820.5128097534
24690,331346.7658958435
24691,213482.57930374146
24692,396977.8770637512
24693,400390.82566070557
24694,400914.7136993408
24695,399149.32300949097
24696,398679.1410827637
24697,397809.72265625
24698,218613.9579963684
24699,400746.1353034973
24700,399134.6202964783
24701,398149.74004745483
24702,398823.52269744873
24703,399441.2678565979
24704,398233.065448761
24705,397878.99908065796
24706,399051.9846687317
24707,398939.07499694824
24708,399256.05378341675
24709,398842.7109718323
24710,168199.6862411499
24711,398728.7162055969
24712,398351.09550476074
24713,400684.13290786743
24714,397279.2950325012
24715,400088.5965499878
24716,398304.3562927246
24717,399581.6529312134
24718,398429.6008262634
24719,398832.37731933594
24720,398091.8018913269
24721,98734.92715072632
24722,242018.86020088196
24723,399584.64629745483
24724,340027.66343307495
24725,398101.9892807007
24726,397346.3923377991
24727,398259.79789733887
24728,400238.1410751343
24729,399029.3721847534
24730,398149.0503959656
24731,185453.95457458496
24732,398490.0810165405
24733,138389.73653411865
24734,81372.92421722412
24735,398327.7802734375
24736,399835.00493240356
24737,96042.06434249878
24738,399807.84630966187
24739,398881.8341636658
24740,79635.00983047485
24741,398206.14139556885
24742,109042.68891143799
24743,400423.8531341553
24744,88069.5304107666
24745,399776.3633804321
24746,84087.5430984497
24747,131948.79505348206
24748,102316.73268127441
24749,395545.98512649536
24750,398839.9007797241
24751,375637.49934768677
24752,399118.76764297485
24753,121255.35453796387
24754,338024.91567993164
24755,397646.6769256592
24756,396438.02783966064
24757,195097.47689819336
24758,398747.6799583435
24759,82934.53380203247
24760,398546.28312683105
24761,374574.08014297485
24762,397563.3140335083
24763,228710.21952819824
24764,398838.28466415405
24765,397987.5424041748
24766,318349.98764038086
24767,99023.63070678711
24768,398081.56996917725
24769,400147.99799346924
24770,400020.1479873657
24771,399153.9731140137
24772,104834.11645889282
24773,99566.51572799683
24774,399319.9650115967
24775,199587.94515037537
24776,254202.36191558838
24777,399641.49644851685
24778,398563.9973144531
24779,398686.0887336731
24780,399213.05459213257
24781,398214.1225967407
24782,399348.4521522522
24783,397808.8187446594
24784,398664.47204208374
24785,399182.6793899536
24786,94825.77920532227
24787,399667.4756126404
24788,398660.0807876587
24789,398539.00689315796
24790,399352.94886779785
24791,398358.76890182495
24792,398871.9666633606
24793,398379.10093307495
24794,398954.549697876
24795,398010.1609916687
24796,345807.2681694031
24797,398153.1463356018
24798,184072.86856079102
24799,399635.7900085449
24800,397288.81620407104
24801,399818.1393661499
24802,113284.53081130981
24803,398181.45122528076
24804,87293.0489063263
24805,398093.072807312
24806,396032.10916900635
24807,398489.4253387451
24808,399803.81090927124
24809,399383.6389808655
24810,398905.34073257446
24811,395754.9503746033
24812,336314.9619445801
24813,396852.1883087158
24814,398593.7423667908
24815,399471.3136558533
24816,276996.096244812
24817,398908.1381530762
24818,398847.5868835449
24819,397172.5789604187
24820,396374.7327079773
24821,398276.2820663452
24822,398662.7328338623
24823,397785.44680404663
24824,397725.7816810608
24825,141831.95497512817
24826,399075.6724052429
24827,399210.7540817261
24828,399095.4092903137
24829,272875.66550064087
24830,397954.1713371277
24831,398336.5768890381
24832,396227.75059890747
24833,399617.14992141724
24834,88446.57567214966
24835,398332.7948875427
24836,398588.8280906677
24837,399939.72633743286
24838,398914.7310180664
24839,397195.19007110596
24840,397654.3070487976
24841,398845.65033721924
24842,397641.9514389038
24843,399395.22803497314
24844,398177.4026145935
24845,398096.4520149231
24846,396174.4925804138
24847,208653.5710029602
24848,398399.41009902954
24849,76974.67643356323
24850,398634.86587524414
24851,398080.11712646484
24852,398710.53928756714
24853,398417.8006820679
24854,396550.15575027466
24855,396367.5696411133
24856,396153.8317871094
24857,398971.5164527893
24858,101414.9362411499
24859,396532.74713516235
24860,328211.6286468506
24861,160054.93256378174
24862,398527.3323173523
24863,363460.4951477051
24864,396355.65367126465
24865,398079.30924987793
24866,399291.97650909424
24867,398884.84439468384
24868,399049.48151016235
24869,397928.23957824707
24870,399671.1233062744
24871,398565.5589866638
24872,399011.05937194824
24873,398932.385219574
24874,399461.18241119385
24875,398510.07933044434
24876,187166.41785049438
24877,398761.26385498047
24878,398058.9309120178
24879,399886.63300704956
24880,399842.6770477295
24881,293691.14613342285
24882,400039.57389450073
24883,398234.97147750854
24884,395902.7689743042
24885,399163.81717300415
24886,395050.76222229004
24887,398252.3448600769
24888,399561.7856826782
24889,399605.60640335083
24890,67877.21604156494
24891,398410.41260147095
24892,399405.00274658203
24893,235181.5524597168
24894,398790.34202194214
24895,78640.62491798401
24896,399247.64783477783
24897,397221.80000305176
24898,395381.7258872986
24899,399190.7991447449
24900,395183.5962715149
24901,111865.40617752075
24902,100953.73546981812
24903,398688.4109802246
24904,399591.25343704224
24905,117755.78810501099
24906,310369.5349960327
24907,135466.70572853088
24908,227706.5375843048
24909,397044.1076660156
24910,379447.10639572144
24911,112295.70217514038
24912,399122.08169937134
24913,399864.25009536743
24914,87311.57648849487
24915,99866.9274597168
24916,399307.72217941284
24917,400062.57649612427
24918,399009.3609275818
24919,76275.79401397705
24920,399048.74069976807
24921,399677.27490615845
24922,400246.4021682739
24923,399460.3058242798
24924,398765.2068634033
24925,400012.1235847473
24926,398872.6607322693
24927,109695.1287612915
24928,400041.7801208496
24929,398696.5057601929
24930,398573.26581192017
24931,399885.62466049194
24932,399225.26568603516
24933,399351.74530410767
24934,399195.0699272156
24935,255460.79821014404
24936,398956.5735397339
24937,106914.13968276978
24938,398833.6477775574
24939,99893.50750350952
24940,240049.32167053223
24941,400453.5623817444
24942,102637.88335609436
24943,65412.92104721069
24944,164773.5089225769
24945,398118.4158592224
24946,389721.27908325195
24947,68679.48984527588
24948,236172.0720062256
24949,83649.17527961731
24950,399210.29988098145
24951,396888.5945549011
24952,399828.3306045532
24953,398598.14476776123
24954,85122.78234481812
24955,398153.1098937988
24956,398215.1664390564
24957,399107.95484924316
24958,400293.1141166687
24959,220487.6145477295
24960,399461.25775527954
24961,209497.978597641
24962,399945.038105011
24963,400773.935508728
24964,400014.8687171936
24965,399455.2441368103
24966,117429.44298171997
24967,399900.78858184814
24968,399183.2265777588
24969,400086.3310890198
24970,399674.9767379761
24971,398508.6407623291
24972,400217.02738952637
24973,399047.5715789795
24974,399414.5495452881
24975,398145.3774757385
24976,399607.6414871216
24977,398628.9949531555
24978,111164.47360610962
24979,399194.09557724
24980,82313.40969085693
24981,398909.09616470337
24982,399665.5076675415
24983,398712.08141708374
24984,398643.1408805847
24985,400097.6031150818
24986,400448.1287269592
24987,91176.72649002075
24988,400297.8451690674
24989,398811.26819610596
24990,399784.23708724976
24991,126979.39321517944
24992,400101.36767959595
24993,400799.24283599854
24994,399717.53646850586
24995,399366.9528579712
24996,399746.05278015137
24997,399969.9948348999
24998,397826.6739578247
24999,400252.30082702637
25000,70027.70263290405
